source_id,group,owner,title,url,final_url,filename,local_path,access_date,sha256,bytes,http_status,content_type,tags,notes
census_c30_privsa,census_c30,U.S. Census Bureau,"Value of Construction Put in Place, private, latest monthly release (SA)",https://www.census.gov/construction/c30/xlsx/privsa.xlsx,https://www.census.gov/construction/c30/xlsx/privsa.xlsx,census_c30_privsa__privsa.xlsx,data/raw/census_c30/2026-09-21/census_c30_privsa__privsa.xlsx,2026-09-21,c1325e11e9ddc14f14baef11ac7f4ec8b005d5a162beabe33c9674b1cf340294,28135,200,application/vnd.openxmlformats-officedocument.spreadsheetml.sheet,vintage,
census_c30_privtime,census_c30,U.S. Census Bureau,"Value of Construction Put in Place, private, historical monthly time series (seasonally adjusted annual rate), incl. Data center line",https://www.census.gov/construction/c30/xlsx/privtime.xlsx,https://www.census.gov/construction/c30/xlsx/privtime.xlsx,census_c30_privtime__privtime.xlsx,data/raw/census_c30/2026-09-21/census_c30_privtime__privtime.xlsx,2026-09-21,4abbfdca1db6c1611a2a194dd96312449c196752f5036a1e531783905471027d,174239,200,application/vnd.openxmlformats-officedocument.spreadsheetml.sheet,vintage,
census_c30_totsatime,census_c30,U.S. Census Bureau,"Value of Construction Put in Place, total, historical monthly SA time series",https://www.census.gov/construction/c30/xlsx/totsatime.xlsx,https://www.census.gov/construction/c30/xlsx/totsatime.xlsx,census_c30_totsatime__totsatime.xlsx,data/raw/census_c30/2026-09-21/census_c30_totsatime__totsatime.xlsx,2026-09-21,8366f44cb60c101f5c160a164011c4f5f7bedbec266e6c00401d54339b91b6b7,143661,200,application/vnd.openxmlformats-officedocument.spreadsheetml.sheet,vintage,
census_c30_index_page,census_c30,U.S. Census Bureau,C30 data index page (HTML),https://www.census.gov/construction/c30/data/index.html,https://www.census.gov/construction/c30/data/index.html,census_c30_data_index.html,data/raw/census_c30/2026-09-21/census_c30_data_index.html,2026-09-21,fc322a488358d7dd118984dc8fa9de91254e2d02f633e2a5e8725339bbbb4d8f,63590,200,text/html,html,
pjm_load_forecast_page,pjm,PJM,PJM load forecast development process page (HTML),https://www.pjm.com/planning/resource-adequacy-planning/load-forecast-dev-process,https://www.pjm.com/planning/resource-adequacy-planning/load-forecast-dev-process,pjm_load_forecast_page.html,data/raw/pjm/2026-09-21/pjm_load_forecast_page.html,2026-09-21,ce7c64886cb8f12f7101c7205ac32db9b22443da5c5a91dd95dbd18885729ff5,84900,200,text/html,html,
epa_egrid2023_rev1,egrid,U.S. EPA,"eGRID2023 data file (rev1), incl. CAMX subregion emission rates",https://www.epa.gov/system/files/documents/2025-01/egrid2023_data_rev1.xlsx,https://www.epa.gov/system/files/documents/2025-01/egrid2023_data_rev1.xlsx,epa_egrid2023_rev1__egrid2023_data_rev1.xlsx,data/raw/egrid/2026-09-21/epa_egrid2023_rev1__egrid2023_data_rev1.xlsx,2026-09-21,e79bca56148facb7edd02ed4eac0af36e713f4d72d79c02954b5cc24b34e7846,21191399,200,application/vnd.openxmlformats-officedocument.spreadsheetml.sheet,,
pjm_2025_load_forecast_report,pjm,PJM,PJM 2025 Load Forecast Report (prior vintage for comparison),https://www.pjm.com/-/media/DotCom/library/reports-notices/load-forecast/2025-load-report.pdf,https://www.pjm.com/-/media/DotCom/library/reports-notices/load-forecast/2025-load-report.pdf,PJM_2025-load-report.pdf,data/raw/pjm/2026-09-21/PJM_2025-load-report.pdf,2026-09-21,e60bf971b6bedd7d6d711c195343d5b101e353653850dbff981e64427b05d401,6526158,200,application/pdf,,
pjm_2026_load_forecast_report,pjm,PJM,PJM 2026 Load Forecast Report (Jan 14 2026; firm / non-firm large load adjustments),https://www.pjm.com/-/media/DotCom/library/reports-notices/load-forecast/2026-load-report.pdf,https://www.pjm.com/-/media/DotCom/library/reports-notices/load-forecast/2026-load-report.pdf,PJM_2026-load-report.pdf,data/raw/pjm/2026-09-21/PJM_2026-load-report.pdf,2026-09-21,9f2826cfc39357c54d6e6203e60946b6ce9ea627cfceeeaf4d4cd343066c6bc8,8750526,200,application/pdf,,
cec_ced2025_demand_side_page,cec_tiers,CEC,CED 2025 Demand Side Modeling page (HTML index of forecast products),https://www.energy.ca.gov/data-reports/california-energy-planning-library/forecasts-and-system-planning/demand-side-3,https://www.energy.ca.gov/data-reports/california-energy-planning-library/forecasts-and-system-planning/demand-side-3,cec_ced2025_demand_side_modeling.html,data/raw/cec_tiers/2026-09-21/cec_ced2025_demand_side_modeling.html,2026-09-21,ec77d2729d219bea8af1e3e89009ced95504bf4154bc34168e4c196296374a47,92507,200,text/html,html,
cec_prelim_dc_forecast_2025,cec_tiers,CEC,"2025 IEPR Preliminary Data Center Forecast (Oct 30 2025 workshop deck, ADA version)",https://www.energy.ca.gov/sites/default/files/2025-11/2025_IEPR_Preliminary_Data_Center_Forecast_ada.pdf,https://www.energy.ca.gov/sites/default/files/2025-11/2025_IEPR_Preliminary_Data_Center_Forecast_ada.pdf,cec_prelim_dc_forecast_2025__2025_IEPR_Preliminary_Data_Center_Forecast_ada.pdf,data/raw/cec_tiers/2026-09-21/cec_prelim_dc_forecast_2025__2025_IEPR_Preliminary_Data_Center_Forecast_ada.pdf,2026-09-21,b99ff97ba18f4fe861a81fac35a964bf38fda26ded16c2081657587575bc1e09,390504,200,application/pdf,,
cec_dc_methodology_memo_2026,cec_tiers,CEC,"Data Center Methodology Memo, supporting document for the 2025 IEPR forecast (Apr 2026)",https://www.energy.ca.gov/sites/default/files/2026-04/Data_Center_Methodology_Memo_ada.pdf,https://www.energy.ca.gov/sites/default/files/2026-04/Data_Center_Methodology_Memo_ada.pdf,cec_dc_methodology_memo_2026__Data_Center_Methodology_Memo_ada.pdf,data/raw/cec_tiers/2026-09-21/cec_dc_methodology_memo_2026__Data_Center_Methodology_Memo_ada.pdf,2026-09-21,06b6449e84f2281a25eaf92a099e3a22e08943c0f2ba23c0354a5747b10a2842,355239,200,application/pdf,,
cec_cons_elec_county_annual,cec_almanac,CEC,"Electricity consumption by county, annual (ECDMS export)",https://www.energy.ca.gov/filebrowser/download/8144?fid=8144,https://www.energy.ca.gov/filebrowser/download/8144?fid=8144,AGG_CONSUMPTION_ELEC_COUNTY_TBL_ada.xlsx,data/raw/cec_almanac/2026-09-21/AGG_CONSUMPTION_ELEC_COUNTY_TBL_ada.xlsx,2026-09-21,142a104d6deebc5c789c1dfcc51387f8681891e4e300f787510cf8b7c23d67ca,585826,200,application/vnd.openxmlformats-officedocument.spreadsheetml.sheet,,
cec_dc_forecast_2024iepr,cec_tiers,CEC,"2024 IEPR Data Center Forecast (Jenny Chen), final ADA version, Mar 2025",https://www.energy.ca.gov/sites/default/files/2025-03/Data_Center_Forecast_Final_ada.pdf,https://www.energy.ca.gov/sites/default/files/2025-03/Data_Center_Forecast_Final_ada.pdf,cec_dc_forecast_2024iepr__Data_Center_Forecast_Final_ada.pdf,data/raw/cec_tiers/2026-09-21/cec_dc_forecast_2024iepr__Data_Center_Forecast_Final_ada.pdf,2026-09-21,5b673761ad741f676a06d4f763fcf0876756fae156628a647b44aa7c3ce07005,401216,200,application/pdf,,
cec_cons_elec_total,cec_almanac,CEC,Total statewide electricity consumption table (ECDMS export),https://www.energy.ca.gov/filebrowser/download/8148?fid=8148,https://www.energy.ca.gov/filebrowser/download/8148?fid=8148,TOTAL_ELEC_TBL_ada.xlsx,data/raw/cec_almanac/2026-09-21/TOTAL_ELEC_TBL_ada.xlsx,2026-09-21,67a6b367dc29a50cada04325692901d7dbde2d5512ac80cf420072d629db4a09,9847,200,application/vnd.openxmlformats-officedocument.spreadsheetml.sheet,,
cec_cons_elec_utility_annual,cec_almanac,CEC,"Electricity consumption by utility and sector, annual (ECDMS export)",https://www.energy.ca.gov/filebrowser/download/8168?fid=8168,https://www.energy.ca.gov/filebrowser/download/8168?fid=8168,AGG_CONSUMPTION_ELEC_UTILITY_TBL_ada.xlsx,data/raw/cec_almanac/2026-09-21/AGG_CONSUMPTION_ELEC_UTILITY_TBL_ada.xlsx,2026-09-21,b2a8a8d5863cca938ce3cf6c41c6ff941c20640a977952e75e449732f19460c2,496507,200,application/vnd.openxmlformats-officedocument.spreadsheetml.sheet,,
cec_cons_ng_total,cec_almanac,CEC,Total statewide natural gas consumption (ECDMS export),https://www.energy.ca.gov/filebrowser/download/8149?fid=8149,https://www.energy.ca.gov/filebrowser/download/8149?fid=8149,TOTAL_NG_TBL_ada.xlsx,data/raw/cec_almanac/2026-09-21/TOTAL_NG_TBL_ada.xlsx,2026-09-21,cb95ed7023f7ee292dacbc71516d8afbf8676de53420348414f18bd5a6f0f1ab,10744,200,application/vnd.openxmlformats-officedocument.spreadsheetml.sheet,,
cec_cons_ng_utility_annual,cec_almanac,CEC,"Natural gas consumption by utility, annual (ECDMS export)",https://www.energy.ca.gov/filebrowser/download/8147?fid=8147,https://www.energy.ca.gov/filebrowser/download/8147?fid=8147,AGG_CONSUMPTION_NG_UTILITY_TBL_ada.xlsx,data/raw/cec_almanac/2026-09-21/AGG_CONSUMPTION_NG_UTILITY_TBL_ada.xlsx,2026-09-21,3c713c73a072a3702ce28e0cae544e70b4ae4765f4767de42bbdd1354d5f086d,138392,200,application/vnd.openxmlformats-officedocument.spreadsheetml.sheet,,
cec_gen_capacity_energy_page,cec_almanac,CEC,Electric generation capacity and energy page (HTML tables),https://www.energy.ca.gov/data-reports/energy-almanac/california-electricity-data/electric-generation-capacity-and-energy,https://www.energy.ca.gov/data-reports/energy-almanac/california-electricity-data/electric-generation-capacity-and-energy,cec_electric_generation_capacity_and_energy.html,data/raw/cec_almanac/2026-09-21/cec_electric_generation_capacity_and_energy.html,2026-09-21,ca087999850527d4fe3cb7e14617b1a5310a5e227bd87bfe25170eaa917d3b01,54502,200,text/html,html,
cec_elec_energy_generation_page,cec_almanac,CEC,"California electrical energy generation page (HTML tables, in-state vs imports)",https://www.energy.ca.gov/data-reports/energy-almanac/california-electricity-data/california-electrical-energy-generation,https://www.energy.ca.gov/data-reports/energy-almanac/california-electricity-data/california-electrical-energy-generation,cec_california_electrical_energy_generation.html,data/raw/cec_almanac/2026-09-21/cec_california_electrical_energy_generation.html,2026-09-21,fdfb018724c6ad4929c26cdb6305cefb96774e83417d3762de75f9ed9544ef07,81469,200,text/html,html,
cec_storage_survey_page,cec_almanac,CEC,California energy storage system survey page (HTML),https://www.energy.ca.gov/data-reports/energy-almanac/california-electricity-data/california-energy-storage-system-survey,https://www.energy.ca.gov/data-reports/energy-almanac/california-electricity-data/california-energy-storage-system-survey,cec_energy_storage_system_survey.html,data/raw/cec_almanac/2026-09-21/cec_energy_storage_system_survey.html,2026-09-21,bc7ffbf4812deffabe51faebf7a50334d049bbb87c48c4f94c82519d23f012e1,58178,200,text/html,html,
cec_cons_data_files_page,cec_almanac,CEC,Energy consumption data files index page (HTML),https://www.energy.ca.gov/files/energy-consumption-data-files,https://www.energy.ca.gov/files/energy-consumption-data-files,cec_energy_consumption_data_files.html,data/raw/cec_almanac/2026-09-21/cec_energy_consumption_data_files.html,2026-09-21,26c9ea817b04dd9e667d02e8d54d23748fc15488adc575c62150887fb2ed0a92,55256,200,text/html,html,
cec_total_system_generation_2015,cec_almanac,CEC,2015 Total System Electric Generation page (HTML table),https://www.energy.ca.gov/data-reports/energy-almanac/california-electricity-data/2015-total-system-electric-generation,https://www.energy.ca.gov/data-reports/energy-almanac/california-electricity-data/2021-total-system-electric-generation/2015,cec_2015_total_system_electric_generation.html,data/raw/cec_almanac/2026-09-21/cec_2015_total_system_electric_generation.html,2026-09-21,466ed48a03f2953834a799929c9cb203878ce58700934e7a7e987bb9fd73b294,68104,200,text/html,html,
cec_total_system_generation_2016,cec_almanac,CEC,2016 Total System Electric Generation page (HTML table),https://www.energy.ca.gov/data-reports/energy-almanac/california-electricity-data/2016-total-system-electric-generation,https://www.energy.ca.gov/data-reports/energy-almanac/california-electricity-data/2021-total-system-electric-generation/2016,cec_2016_total_system_electric_generation.html,data/raw/cec_almanac/2026-09-21/cec_2016_total_system_electric_generation.html,2026-09-21,b2027d095239afb8d763f1becfe76546f5b43cb0c7156ea8c8e1b8240da719f6,68405,200,text/html,html,
cec_cons_elec_utility_monthly,cec_almanac,CEC,"Electricity consumption by utility and sector, monthly (ECDMS export)",https://www.energy.ca.gov/filebrowser/download/9338?fid=9338,https://www.energy.ca.gov/filebrowser/download/9338?fid=9338,AGG_CONSUMPTION_ELEC_UTILITY_TBL_MONTHLY.xlsx,data/raw/cec_almanac/2026-09-21/AGG_CONSUMPTION_ELEC_UTILITY_TBL_MONTHLY.xlsx,2026-09-21,6ed6369cee0dd779984c48a3151343424f930e6b9e8fed395635b552906935ca,3400969,200,application/vnd.openxmlformats-officedocument.spreadsheetml.sheet,,
cec_total_system_generation_2018,cec_almanac,CEC,2018 Total System Electric Generation page (HTML table),https://www.energy.ca.gov/data-reports/energy-almanac/california-electricity-data/2018-total-system-electric-generation,https://www.energy.ca.gov/data-reports/energy-almanac/california-electricity-data/2021-total-system-electric-generation/2018,cec_2018_total_system_electric_generation.html,data/raw/cec_almanac/2026-09-21/cec_2018_total_system_electric_generation.html,2026-09-21,38f70bb301bd089c2aa49b39113bfe0482abd20b21adef3f2c4303f0999be72d,71634,200,text/html,html,
cec_total_system_generation_2017,cec_almanac,CEC,2017 Total System Electric Generation page (HTML table),https://www.energy.ca.gov/data-reports/energy-almanac/california-electricity-data/2017-total-system-electric-generation,https://www.energy.ca.gov/data-reports/energy-almanac/california-electricity-data/2021-total-system-electric-generation/2017,cec_2017_total_system_electric_generation.html,data/raw/cec_almanac/2026-09-21/cec_2017_total_system_electric_generation.html,2026-09-21,bc271f9cf05ede23df6fc8c47252b79dbdf8016db600b62fcbe1d0508bde2777,72247,200,text/html,html,
cec_cons_elec_county_monthly,cec_almanac,CEC,"Electricity consumption by county, monthly (ECDMS export)",https://www.energy.ca.gov/filebrowser/download/9337?fid=9337,https://www.energy.ca.gov/filebrowser/download/9337?fid=9337,AGG_CONSUMPTION_ELEC_COUNTY_TBL_MONTHLY.xlsx,data/raw/cec_almanac/2026-09-21/AGG_CONSUMPTION_ELEC_COUNTY_TBL_MONTHLY.xlsx,2026-09-21,447f5f33c26ffba07709e8b3cbde45c3c97ea3ce31674fe0e3943e49c30222f2,3661527,200,application/vnd.openxmlformats-officedocument.spreadsheetml.sheet,,
cec_total_system_generation_2021,cec_almanac,CEC,2021 Total System Electric Generation page (HTML table),https://www.energy.ca.gov/data-reports/energy-almanac/california-electricity-data/2021-total-system-electric-generation,https://www.energy.ca.gov/data-reports/energy-almanac/california-electricity-data/2021-total-system-electric-generation,cec_2021_total_system_electric_generation.html,data/raw/cec_almanac/2026-09-21/cec_2021_total_system_electric_generation.html,2026-09-21,1beca253049578e98cda3fe5ea6fdd3f74f0789cb3cbe55ee262b794ddde339e,63003,200,text/html,html,
cec_total_system_generation_2019,cec_almanac,CEC,2019 Total System Electric Generation page (HTML table),https://www.energy.ca.gov/data-reports/energy-almanac/california-electricity-data/2019-total-system-electric-generation,https://www.energy.ca.gov/data-reports/energy-almanac/california-electricity-data/2021-total-system-electric-generation/2019,cec_2019_total_system_electric_generation.html,data/raw/cec_almanac/2026-09-21/cec_2019_total_system_electric_generation.html,2026-09-21,bb82fc8944f91bddc32e7d75c5f10925db5aae1796020cba8ad55e1d6e27fe43,61068,200,text/html,html,
cec_total_system_generation_2020,cec_almanac,CEC,2020 Total System Electric Generation page (HTML table),https://www.energy.ca.gov/data-reports/energy-almanac/california-electricity-data/2020-total-system-electric-generation,https://www.energy.ca.gov/data-reports/energy-almanac/california-electricity-data/2021-total-system-electric-generation,cec_2020_total_system_electric_generation.html,data/raw/cec_almanac/2026-09-21/cec_2020_total_system_electric_generation.html,2026-09-21,1beca253049578e98cda3fe5ea6fdd3f74f0789cb3cbe55ee262b794ddde339e,63003,200,text/html,html,
cec_total_system_generation_2022,cec_almanac,CEC,2022 Total System Electric Generation page (HTML table),https://www.energy.ca.gov/data-reports/energy-almanac/california-electricity-data/2022-total-system-electric-generation,https://www.energy.ca.gov/data-reports/energy-almanac/california-electricity-data/2022-total-system-electric-generation,cec_2022_total_system_electric_generation.html,data/raw/cec_almanac/2026-09-21/cec_2022_total_system_electric_generation.html,2026-09-21,e38e0c313857e7d6a24323834035705d90e3d4ac3274391b0477775b0b11bb1e,59459,200,text/html,html,
cec_total_system_generation_2023,cec_almanac,CEC,2023 Total System Electric Generation page (HTML table),https://www.energy.ca.gov/data-reports/energy-almanac/california-electricity-data/2023-total-system-electric-generation,https://www.energy.ca.gov/data-reports/energy-almanac/california-electricity-data/2023-total-system-electric-generation,cec_2023_total_system_electric_generation.html,data/raw/cec_almanac/2026-09-21/cec_2023_total_system_electric_generation.html,2026-09-21,d26b8f914915800319404688ac5061e8c2ea147b16523408768392283172bc0d,61022,200,text/html,html,
cec_total_system_generation_2024,cec_almanac,CEC,2024 Total System Electric Generation page (HTML table),https://www.energy.ca.gov/data-reports/energy-almanac/california-electricity-data/2024-total-system-electric-generation,https://www.energy.ca.gov/data-reports/energy-almanac/california-electricity-data/2024-total-system-electric-generation,cec_2024_total_system_electric_generation.html,data/raw/cec_almanac/2026-09-21/cec_2024_total_system_electric_generation.html,2026-09-21,c8942fbb14490162135a771ad45458365731707957542a7b6f5014ca39645e9b,60953,200,text/html,html,
caiso_key_statistics_2026_06,caiso,CAISO,"CAISO Key Statistics, June 2026 (peak records, curtailment totals)",https://www.caiso.com/documents/key-statistics-jun-2026.pdf,https://www.caiso.com/documents/key-statistics-jun-2026.pdf,caiso_key_statistics_2026_06__key-statistics-jun-2026.pdf,data/raw/caiso/2026-09-21/caiso_key_statistics_2026_06__key-statistics-jun-2026.pdf,2026-09-21,133740e5817270a8eb235a368e847d19d69ad2c5e496cef68fcc6350e0140094,613297,200,application/pdf,vintage,
caiso_summer_assessment_2026_appendix,caiso,CAISO,"2026 Summer Loads and Resources Assessment, technical appendix",https://www.caiso.com/documents/2026-summer-loads-and-resources-assessment-technical-appendix.pdf,https://www.caiso.com/documents/2026-summer-loads-and-resources-assessment-technical-appendix.pdf,caiso_summer_assessment_2026_appendix__2026-summer-loads-and-resources-assessment-technical-appendix.pdf,data/raw/caiso/2026-09-21/caiso_summer_assessment_2026_appendix__2026-summer-loads-and-resources-assessment-technical-appendix.pdf,2026-09-21,609e77b53dcbb65901dc93c6adbe0be16ebe57f7bebf916476e1b909a5654be3,2530750,200,application/pdf,,
caiso_nqc_2025,caiso,CAISO,Final Net Qualifying Capacity report for compliance year 2025,https://www.caiso.com/documents/final-net-qualifying-capacity-report-for-compliance-year-2025.xlsx,https://www.caiso.com/documents/final-net-qualifying-capacity-report-for-compliance-year-2025.xlsx,caiso_nqc_2025__final-net-qualifying-capacity-report-for-compliance-year-2025.xlsx,data/raw/caiso/2026-09-21/caiso_nqc_2025__final-net-qualifying-capacity-report-for-compliance-year-2025.xlsx,2026-09-21,25f828a6113adf0de3449f86aaddbcde7145394a7580206e0d42d8dcf382b598,267013,200,application/vnd.openxmlformats-officedocument.spreadsheetml.sheet,,
caiso_prod_curtail_2024,caiso,CAISO,Production and curtailments data 2024 (wind/solar curtailment by hour),https://www.caiso.com/documents/production-and-curtailments-data-2024.xlsx,https://www.caiso.com/documents/production-and-curtailments-data-2024.xlsx,caiso_prod_curtail_2024__production-and-curtailments-data-2024.xlsx,data/raw/caiso/2026-09-21/caiso_prod_curtail_2024__production-and-curtailments-data-2024.xlsx,2026-09-21,82ee1deb136bbd63e36a0771db377e8ba298d676dcf301ea8a7b032af17578a4,22596818,200,application/vnd.openxmlformats-officedocument.spreadsheetml.sheet,,
caiso_prod_curtail_2025,caiso,CAISO,Production and curtailments data 2025 (report discontinued June 2025; partial),https://www.caiso.com/documents/production-and-curtailments-data-2025.xlsx,https://www.caiso.com/documents/production-and-curtailments-data-2025.xlsx,caiso_prod_curtail_2025__production-and-curtailments-data-2025.xlsx,data/raw/caiso/2026-09-21/caiso_prod_curtail_2025__production-and-curtailments-data-2025.xlsx,2026-09-21,dbaaf8a3ca69bd56c64f91c421febd57ace6ec0897780730e207730c02a96c46,21271763,200,application/vnd.openxmlformats-officedocument.spreadsheetml.sheet,,
cpuc_ra_report_2015,cpuc,CPUC,2015 Resource Adequacy Report,https://www.cpuc.ca.gov/-/media/cpuc-website/divisions/energy-division/documents/resource-adequacy-homepage/2015-ra-report.pdf,https://www.cpuc.ca.gov/-/media/cpuc-website/divisions/energy-division/documents/resource-adequacy-homepage/2015-ra-report.pdf,cpuc_ra_report_2015__2015_RA_Report.pdf,data/raw/cpuc/2026-09-21/cpuc_ra_report_2015__2015_RA_Report.pdf,2026-09-21,a41495c651f0ee9261276c805b598d2654c7586bd9ed4b8e82e3db99f09cb813,904753,200,application/pdf,,
cpuc_ra_report_2016,cpuc,CPUC,2016 Resource Adequacy Report,https://www.cpuc.ca.gov/-/media/cpuc-website/divisions/energy-division/documents/resource-adequacy-homepage/2016rareport.pdf,https://www.cpuc.ca.gov/-/media/cpuc-website/divisions/energy-division/documents/resource-adequacy-homepage/2016rareport.pdf,cpuc_ra_report_2016__2016RAReport.pdf,data/raw/cpuc/2026-09-21/cpuc_ra_report_2016__2016RAReport.pdf,2026-09-21,216717e5d3bad9d25a48313738c25f38f20a4bedb1fa0019879318e0e05fef4e,1217033,200,application/pdf,,
caiso_nqc_efc_library_page,caiso,CAISO,NQC and EFC library page (HTML),https://www.caiso.com/library/net-qualifying-capacity-nqc-and-effective-flexible-capacity-efc,https://www.caiso.com/library/net-qualifying-capacity-nqc-and-effective-flexible-capacity-efc,caiso_nqc_efc_library.html,data/raw/caiso/2026-09-21/caiso_nqc_efc_library.html,2026-09-21,7ac9d8d2745a65945be18f644867b0d614f1a1d28a2745e87616366a8106d09c,69013,200,text/html,html,
cec_assembly_hearing_2026_01_28,cec_tiers,CEC / CA Assembly,"CEC presentation to Assembly Utilities & Energy and Privacy & Consumer Protection joint oversight hearing on Energy Impacts of AI, Jan 28 2026 (energization tiers slide)",https://autl.assembly.ca.gov/media/1402,https://autl.assembly.ca.gov/system/files/2026-01/asm_ue_oversight-hearing_data-centers_01.28.26_cec-cpuc-caiso.pdf,CEC_Assembly_AI_energy_hearing_2026-01-28.pdf,data/raw/cec_tiers/2026-09-21/CEC_Assembly_AI_energy_hearing_2026-01-28.pdf,2026-09-21,79ba096ebff86a7a8b7df63cbeb18ce71b157c5ae2302c1441464a492de83258,4307407,200,application/pdf,,"Source of 5,086 / 9,587 / 8,604 MW tier figures (Dec 2025). Transcribe with page citation."
caiso_prod_curtail_library_page,caiso,CAISO,Production and curtailments data library page (HTML),https://www.caiso.com/library/production-curtailments-data,https://www.caiso.com/library/production-curtailments-data,caiso_production_curtailments_library.html,data/raw/caiso/2026-09-21/caiso_production_curtailments_library.html,2026-09-21,69617f99e168ae03e266c40623a1daaab60757de7d6456a07436c29cde2cc496,61671,200,text/html,html,
cpuc_ra_report_2017,cpuc,CPUC,2017 Resource Adequacy Report,https://www.cpuc.ca.gov/-/media/cpuc-website/divisions/energy-division/documents/resource-adequacy-homepage/2017rareport.pdf,https://www.cpuc.ca.gov/-/media/cpuc-website/divisions/energy-division/documents/resource-adequacy-homepage/2017rareport.pdf,cpuc_ra_report_2017__2017RAReport.pdf,data/raw/cpuc/2026-09-21/cpuc_ra_report_2017__2017RAReport.pdf,2026-09-21,71fd185165d74a1736b74430852f1adce7d0536f611d790154db87c6ad757be9,737166,200,application/pdf,,
eia930_interchange_2015_jul_dec,eia930,EIA,EIA-930 Hourly Electric Grid Monitor INTERCHANGE 2015 Jul-Dec,https://www.eia.gov/electricity/gridmonitor/sixMonthFiles/EIA930_INTERCHANGE_2015_Jul_Dec.csv,https://www.eia.gov/electricity/gridmonitor/sixMonthFiles/EIA930_INTERCHANGE_2015_Jul_Dec.csv,EIA930_INTERCHANGE_2015_Jul_Dec.csv,data/raw/eia930/2026-09-21/EIA930_INTERCHANGE_2015_Jul_Dec.csv,2026-09-21,126c1f287ef565ef98e05c52eb2c892074dab2252c78314bc6c32470f78f2d0c,109400634,200,application/octet-stream,large,"All balancing authorities; filter BA=CISO (and LDWP, BANC, IID, TIDC for the CAL region)."
cpuc_ra_report_2018,cpuc,CPUC,2018 Resource Adequacy Report,https://www.cpuc.ca.gov/-/media/cpuc-website/divisions/energy-division/documents/resource-adequacy-homepage/2018-ra-report-rev.pdf,https://www.cpuc.ca.gov/-/media/cpuc-website/divisions/energy-division/documents/resource-adequacy-homepage/2018-ra-report-rev.pdf,cpuc_ra_report_2018__2018_RA_Report_rev.pdf,data/raw/cpuc/2026-09-21/cpuc_ra_report_2018__2018_RA_Report_rev.pdf,2026-09-21,3de47fd97324181a7bc6b389a3345c14b7fcaf346d3cbfc2d56c4bb08f4623a0,765882,200,application/pdf,,
cpuc_ra_report_2019,cpuc,CPUC,2019 Resource Adequacy Report,https://www.cpuc.ca.gov/-/media/cpuc-website/divisions/energy-division/documents/resource-adequacy-homepage/2019-ra-report_revised-012324.pdf,https://www.cpuc.ca.gov/-/media/cpuc-website/divisions/energy-division/documents/resource-adequacy-homepage/2019-ra-report_revised-012324.pdf,cpuc_ra_report_2019__2019_RA_Report_Revised_012324.pdf,data/raw/cpuc/2026-09-21/cpuc_ra_report_2019__2019_RA_Report_Revised_012324.pdf,2026-09-21,c14e5e50acd9512e4aac1b9e4be058b0f3a146b1539d259430648ace3e467f81,1408891,200,application/pdf,,
cpuc_ra_report_2021,cpuc,CPUC,2021 Resource Adequacy Report,https://www.cpuc.ca.gov/-/media/cpuc-website/divisions/energy-division/documents/resource-adequacy-homepage/2021-ra-report---update-011624.pdf,https://www.cpuc.ca.gov/-/media/cpuc-website/divisions/energy-division/documents/resource-adequacy-homepage/2021-ra-report---update-011624.pdf,cpuc_ra_report_2021__2021_RA_Report_-_Update_011624.pdf,data/raw/cpuc/2026-09-21/cpuc_ra_report_2021__2021_RA_Report_-_Update_011624.pdf,2026-09-21,becaa2a91a771bfc7022ae88f80283274501f0e98aab7f0adb39fce4d3424f37,1323341,200,application/pdf,,
cpuc_ra_report_2022,cpuc,CPUC,2022 Resource Adequacy Report,https://www.cpuc.ca.gov/-/media/cpuc-website/divisions/energy-division/documents/resource-adequacy-homepage/2022-ra-report_05022024.pdf,https://www.cpuc.ca.gov/-/media/cpuc-website/divisions/energy-division/documents/resource-adequacy-homepage/2022-ra-report_05022024.pdf,cpuc_ra_report_2022__2022_RA_Report_05022024.pdf,data/raw/cpuc/2026-09-21/cpuc_ra_report_2022__2022_RA_Report_05022024.pdf,2026-09-21,3313a437d65ef07704fd3c81cab2a5369bff008ffa097656ee20d6022c53929d,1462623,200,application/pdf,,
cpuc_ra_homepage,cpuc,CPUC,"Resource Adequacy homepage (HTML, index of reports and decisions)",https://www.cpuc.ca.gov/industries-and-topics/electrical-energy/electric-power-procurement/resource-adequacy-homepage,https://www.cpuc.ca.gov/industries-and-topics/electrical-energy/electric-power-procurement/resource-adequacy-homepage,cpuc_resource_adequacy_homepage.html,data/raw/cpuc/2026-09-21/cpuc_resource_adequacy_homepage.html,2026-09-21,39c78c377a3260b25420579badc45a94b5b452d9f0766671d771e8390c88d08d,56131,200,text/html,html,
cpuc_ra_report_2023,cpuc,CPUC,2023 Resource Adequacy Report,https://www.cpuc.ca.gov/-/media/cpuc-website/divisions/energy-division/documents/resource-adequacy-homepage/2023-resource-adequacy-reportv2.pdf,https://www.cpuc.ca.gov/-/media/cpuc-website/divisions/energy-division/documents/resource-adequacy-homepage/2023-resource-adequacy-reportv2.pdf,cpuc_ra_report_2023__2023_Resource_Adequacy_Reportv2.pdf,data/raw/cpuc/2026-09-21/cpuc_ra_report_2023__2023_Resource_Adequacy_Reportv2.pdf,2026-09-21,48832b2e014efefb0a2f73ccb8f42af1ccc52e7b42b1196df04b2c17e4e0eacc,1585099,200,application/pdf,,
cpuc_ra_report_2020,cpuc,CPUC,2020 Resource Adequacy Report,https://www.cpuc.ca.gov/-/media/cpuc-website/divisions/energy-division/documents/resource-adequacy-homepage/2020-ra-report_v15-revised-011624.pdf,https://www.cpuc.ca.gov/-/media/cpuc-website/divisions/energy-division/documents/resource-adequacy-homepage/2020-ra-report_v15-revised-011624.pdf,cpuc_ra_report_2020__2020_RA_Report_v15_Revised_011624.pdf,data/raw/cpuc/2026-09-21/cpuc_ra_report_2020__2020_RA_Report_v15_Revised_011624.pdf,2026-09-21,befd6b9d911fc4c668638164563669d54a6b3df7cb72d7e4064cad5800a8e8e3,1279058,200,application/pdf,,
epoch_chillers,facilities,Epoch AI,Frontier Data Centers Hub: data_center_chillers.csv,https://epoch.ai/data/data_centers/data_center_chillers.csv,https://epoch.ai/data/data_centers/data_center_chillers.csv,epoch_chillers__data_center_chillers.csv,data/raw/facilities/2026-09-21/epoch_chillers__data_center_chillers.csv,2026-09-21,9711dcfdac0b0de82a1808717e106ea28e213c2a845b42a691ad3cd63caeb704,34665,200,text/csv,vintage,
epoch_data_centers,facilities,Epoch AI,Frontier Data Centers Hub: data_centers.csv,https://epoch.ai/data/data_centers/data_centers.csv,https://epoch.ai/data/data_centers/data_centers.csv,epoch_data_centers__data_centers.csv,data/raw/facilities/2026-09-21/epoch_data_centers__data_centers.csv,2026-09-21,e184853611fd01023fb6866f25b0b42c157936e830ad6cc7f64c82495a2482a5,64595,200,text/csv,vintage,
epoch_cooling_towers,facilities,Epoch AI,Frontier Data Centers Hub: data_center_cooling_towers.csv,https://epoch.ai/data/data_centers/data_center_cooling_towers.csv,https://epoch.ai/data/data_centers/data_center_cooling_towers.csv,epoch_cooling_towers__data_center_cooling_towers.csv,data/raw/facilities/2026-09-21/epoch_cooling_towers__data_center_cooling_towers.csv,2026-09-21,c9ce622e1eaf15cc70bf2445a66f17c9c2be19a3638a96c421dc7e31c3a2db66,85832,200,text/csv,vintage,
epoch_hub_page,facilities,Epoch AI,"Frontier Data Centers Hub landing page (HTML, documentation and FAQ)",https://epoch.ai/data/data-centers,https://epoch.ai/data/ai-data-centers,epoch_data_centers_hub.html,data/raw/facilities/2026-09-21/epoch_data_centers_hub.html,2026-09-21,f8aff5bf4b5475c2f09f5b4963a05efc8ea615369c6dc6cb8f1a23850a6ebf35,754041,200,text/html,html,
epoch_bundle_zip,facilities,Epoch AI,Frontier Data Centers Hub: full download bundle (zip),https://epoch.ai/data/data_centers/data_centers.zip,https://epoch.ai/data/data_centers/data_centers.zip,epoch_bundle_zip__data_centers.zip,data/raw/facilities/2026-09-21/epoch_bundle_zip__data_centers.zip,2026-09-21,940746c5d3432a98dd1aa47857befd0e814c8f131c08534a4565f27a3baac036,105889,200,application/zip,vintage,
epoch_data_center_timelines,facilities,Epoch AI,Frontier Data Centers Hub: data_center_timelines.csv (construction and power ramp timelines),https://epoch.ai/data/data_centers/data_center_timelines.csv,https://epoch.ai/data/data_centers/data_center_timelines.csv,epoch_data_center_timelines__data_center_timelines.csv,data/raw/facilities/2026-09-21/epoch_data_center_timelines__data_center_timelines.csv,2026-09-21,591280db394438ddc1f51da4061633aacbff2048e3cfebff1a7e22ccfc5273c7,168049,200,text/csv,vintage,
epoch_chip_quantities,facilities,Epoch AI,Frontier Data Centers Hub: data_centers_chip_quantities.csv,https://epoch.ai/data/data_centers/data_centers_chip_quantities.csv,https://epoch.ai/data/data_centers/data_centers_chip_quantities.csv,epoch_chip_quantities__data_centers_chip_quantities.csv,data/raw/facilities/2026-09-21/epoch_chip_quantities__data_centers_chip_quantities.csv,2026-09-21,85120da024cd1c43f2255bbc2596ab70d810d5047a7e5b53a7f661684af16189,76209,200,text/csv,vintage,
lbnl_2024_dc_energy_report,dc_share,LBNL,"2024 United States Data Center Energy Usage Report (Shehabi et al., LBNL-2001637)",https://eta-publications.lbl.gov/sites/default/files/2024-12/lbnl-2024-united-states-data-center-energy-usage-report_1.pdf,https://eta-publications.lbl.gov/sites/default/files/2024-12/lbnl-2024-united-states-data-center-energy-usage-report_1.pdf,lbnl-2024-united-states-data-center-energy-usage-report.pdf,data/raw/dc_share/2026-09-21/lbnl-2024-united-states-data-center-energy-usage-report.pdf,2026-09-21,3a2257cdf4c350356062ffd8f75e886f099b13781b0a37af5605d65d5e46c2eb,4031183,200,application/pdf,,
lbnl_2025_dc_energy_update_mirror,dc_share,LBNL (mirror: RTO Insider),United States Data Center Energy Usage Report: 2025 Update (LBNL-2001758) - mirror copy; verify against eta.lbl.gov,https://www.rtoinsider.com/wp-content/uploads/2026/06/data-center-energy-usage-2025-update.pdf,https://www.rtoinsider.com/wp-content/uploads/2026/06/data-center-energy-usage-2025-update.pdf,lbnl-2025-data-center-energy-usage-update_MIRROR.pdf,data/raw/dc_share/2026-09-21/lbnl-2025-data-center-energy-usage-update_MIRROR.pdf,2026-09-21,94e29b48245ec7ba234d8aff892315d4e4f11e49cc94e363d68871759015c02e,4521275,200,application/pdf,mirror,
ercot_tac_2026_03_large_load_status,ercot,ERCOT,"Large Load Interconnection Status Update, March 2026 TAC report (queue phase definitions)",https://www.ercot.com/files/docs/2026/03/12/March-TAC-Report.pdf,https://www.ercot.com/files/docs/2026/03/12/March-TAC-Report.pdf,ERCOT_March-TAC-Report_2026.pdf,data/raw/ercot/2026-09-21/ERCOT_March-TAC-Report_2026.pdf,2026-09-21,e152e34d90e3cc0fa46f1bbda9d54fac78e8b7dc37a5901ee625ad0b7923dee1,836453,200,application/pdf,,
ercot_house_hearing_2026_04_09,ercot,ERCOT,"Large Load Update to Texas House State Affairs hearing, Apr 9 2026 (~410 GW)",https://www.ercot.com/files/docs/2026/04/09/ERCOTLargeLoadUpdate-April9HouseStateAffairsHearing.pdf,https://www.ercot.com/files/docs/2026/04/09/ERCOTLargeLoadUpdate-April9HouseStateAffairsHearing.pdf,ercot_house_hearing_2026_04_09__ERCOTLargeLoadUpdate-April9HouseStateAffairsHearing.pdf,data/raw/ercot/2026-09-21/ercot_house_hearing_2026_04_09__ERCOTLargeLoadUpdate-April9HouseStateAffairsHearing.pdf,2026-09-21,0e89b425ca0f607f362faf37ee3db1f08f2d0a665d8e60f5bcecf8591a7a089a,580422,200,application/pdf,,
ercot_board_2025_12_system_planning,ercot,ERCOT,"System Planning and Weatherization Update to the Board, Dec 2025 (226 GW large load, 73% data centers)",https://www.ercot.com/files/docs/2025/12/02/16.2-System-Planning-and-Weatherization-Update_Revised.pdf,https://www.ercot.com/files/docs/2025/12/02/16.2-System-Planning-and-Weatherization-Update_Revised.pdf,ercot_board_2025_12_system_planning__16.2-System-Planning-and-Weatherization-Update_Revised.pdf,data/raw/ercot/2026-09-21/ercot_board_2025_12_system_planning__16.2-System-Planning-and-Weatherization-Update_Revised.pdf,2026-09-21,99da7eff620f4ee4ff5c8b890b82b57eacd10b62ceac15b545e505a7aca02d8b,1172041,200,application/pdf,,
ercot_senate_hearing_2026_04_01,ercot,ERCOT,"Large Load Update to Texas Senate Business & Commerce hearing, Apr 1 2026",https://www.ercot.com/files/docs/2026/04/01/ERCOT_LargeLoad_Update_April2026_B-C_-Hearing.pdf,https://www.ercot.com/files/docs/2026/04/01/ERCOT_LargeLoad_Update_April2026_B-C_-Hearing.pdf,ercot_senate_hearing_2026_04_01__ERCOT_LargeLoad_Update_April2026_B-C_-Hearing.pdf,data/raw/ercot/2026-09-21/ercot_senate_hearing_2026_04_01__ERCOT_LargeLoad_Update_April2026_B-C_-Hearing.pdf,2026-09-21,15ac8d6a3a8b99a1011c8be2e6254ccbdc66656745a787cc946f2b7c1382aa5d,580435,200,application/pdf,,
ercot_board_2026_05_interconnection_update,ercot,ERCOT,"Interconnection and Grid Analysis Update (Jeff Billo), May 2026 board item 8",https://www.ercot.com/files/docs/2026/05/24/8-Interconnection-and-Grid-Analysis-Update.pdf,https://www.ercot.com/files/docs/2026/05/24/8-Interconnection-and-Grid-Analysis-Update.pdf,ercot_board_2026_05_interconnection_update__8-Interconnection-and-Grid-Analysis-Update.pdf,data/raw/ercot/2026-09-21/ercot_board_2026_05_interconnection_update__8-Interconnection-and-Grid-Analysis-Update.pdf,2026-09-21,24e3ccc8fb0c66716599b0828befd8e7bdeca6878ffc9e155403cb1690bf03df,1746714,200,application/pdf,,
ercot_large_load_integration_page,ercot,ERCOT,Large Load Integration services page (HTML),https://www.ercot.com/services/rq/large-load-integration,https://www.ercot.com/services/rq/large-load-integration,ercot_large_load_integration.html,data/raw/ercot/2026-09-21/ercot_large_load_integration.html,2026-09-21,529ae7200833d57f43935dc93dc4f2a0f34681a19a5c7996302e4c6dfed53d49,99540,200,text/html,html,
texas_sb6_2025_enrolled,ercot,Texas Legislature,"Texas S.B. 6 (89R, 2025) enrolled bill text",https://capitol.texas.gov/tlodocs/89R/billtext/pdf/SB00006F.pdf,https://capitol.texas.gov/tlodocs/89R/billtext/pdf/SB00006F.pdf,Texas_SB6_89R_enrolled.pdf,data/raw/ercot/2026-09-21/Texas_SB6_89R_enrolled.pdf,2026-09-21,d8871039ec5ae13e189c9357f5013df1c9df3ad64e4d5fbb9881aecf95e82953,145238,200,application/pdf,,
ercot_monthly_2025_03,ercot,ERCOT,"ERCOT Monthly, March 2025 (large load queue totals by status)",https://www.ercot.com/files/docs/2025/04/09/ERCOT-Monthly-March2025.pdf,https://www.ercot.com/files/docs/2025/04/09/ERCOT-Monthly-March2025.pdf,ERCOT-Monthly-2025-03.pdf,data/raw/ercot/2026-09-21/ERCOT-Monthly-2025-03.pdf,2026-09-21,8e1c02716855a5dc9610988d178c658c5fc5ed162b01492c9872082d1d928f62,1340224,200,application/pdf,vintage,
ercot_monthly_2025_02,ercot,ERCOT,"ERCOT Monthly, February 2025 (large load queue totals by status)",https://www.ercot.com/files/docs/2025/03/03/ERCOT-Monthly-February2025.pdf,https://www.ercot.com/files/docs/2025/03/03/ERCOT-Monthly-February2025.pdf,ERCOT-Monthly-2025-02.pdf,data/raw/ercot/2026-09-21/ERCOT-Monthly-2025-02.pdf,2026-09-21,6587c80ab589934dbdd3e902e4db6deeb2ebeed156dd3b605b9d282405296054,926890,200,application/pdf,vintage,
ercot_monthly_2025_04,ercot,ERCOT,"ERCOT Monthly, April 2025 (large load queue totals by status)",https://www.ercot.com/files/docs/2025/05/02/ERCOT-Monthly-April-2025-FINAL.pdf,https://www.ercot.com/files/docs/2025/05/02/ERCOT-Monthly-April-2025-FINAL.pdf,ERCOT-Monthly-2025-04.pdf,data/raw/ercot/2026-09-21/ERCOT-Monthly-2025-04.pdf,2026-09-21,ade0bb8f8c7ad462efa570e050e08ed1d6c8252e02bc44000249ad0cf30307d9,663930,200,application/pdf,vintage,
ercot_monthly_2025_07,ercot,ERCOT,"ERCOT Monthly, July 2025 (large load queue totals by status)",https://www.ercot.com/files/docs/2025/08/06/ERCOT-Monthly-July-2025.pdf,https://www.ercot.com/files/docs/2025/08/06/ERCOT-Monthly-July-2025.pdf,ERCOT-Monthly-2025-07.pdf,data/raw/ercot/2026-09-21/ERCOT-Monthly-2025-07.pdf,2026-09-21,cdd7bb3ceb8c8d855a7d2fd454bd80884711d434fcac1ae1e4dbd345065bdaa9,787373,200,application/pdf,vintage,
ercot_monthly_2025_06,ercot,ERCOT,"ERCOT Monthly, June 2025 (large load queue totals by status)",https://www.ercot.com/files/docs/2025/07/09/ERCOT-Monthly-June-2025.pdf,https://www.ercot.com/files/docs/2025/07/09/ERCOT-Monthly-June-2025.pdf,ERCOT-Monthly-2025-06.pdf,data/raw/ercot/2026-09-21/ERCOT-Monthly-2025-06.pdf,2026-09-21,00949f0b9cbc25162e73c915af955800f5bbb8504d066be6e375af5e334009e6,629290,200,application/pdf,vintage,
ercot_monthly_2025_09,ercot,ERCOT,"ERCOT Monthly, September 2025 (large load queue totals by status)",https://www.ercot.com/files/docs/2025/10/09/ERCOT-Monthly-September-2025.pdf,https://www.ercot.com/files/docs/2025/10/09/ERCOT-Monthly-September-2025.pdf,ERCOT-Monthly-2025-09.pdf,data/raw/ercot/2026-09-21/ERCOT-Monthly-2025-09.pdf,2026-09-21,67b18b1ca9c9e2d4b8f7231d94a18c4b01e74cd7b5216756b3ae0b50f035e1cd,722939,200,application/pdf,vintage,
cpuc_ra_compliance_materials,cpuc,CPUC,Resource Adequacy compliance materials page (HTML),https://www.cpuc.ca.gov/industries-and-topics/electrical-energy/electric-power-procurement/resource-adequacy-homepage/resource-adequacy-compliance-materials,https://www.cpuc.ca.gov/industries-and-topics/electrical-energy/electric-power-procurement/resource-adequacy-homepage/resource-adequacy-compliance-materials,cpuc_ra_compliance_materials.html,data/raw/cpuc/2026-09-21/cpuc_ra_compliance_materials.html,2026-09-21,515267ecc89e75031b0138cce1c056d93c24045e8121d0a6b29eba1e8fb22da0,146612,200,text/html,html,
ercot_monthly_2025_05,ercot,ERCOT,"ERCOT Monthly, May 2025 (large load queue totals by status)",https://www.ercot.com/files/docs/2025/06/05/ERCOT-Monthly-May-2025.pdf,https://www.ercot.com/files/docs/2025/06/05/ERCOT-Monthly-May-2025.pdf,ERCOT-Monthly-2025-05.pdf,data/raw/ercot/2026-09-21/ERCOT-Monthly-2025-05.pdf,2026-09-21,3340fa2199a97d5f596a753e164b9ba19dfd393b2c8b1959ce9171746a5db0e7,826474,200,application/pdf,vintage,
ercot_monthly_2025_10,ercot,ERCOT,"ERCOT Monthly, October 2025 (large load queue totals by status)",https://www.ercot.com/files/docs/2025/11/14/ERCOT-Monthly-October-2025.pdf,https://www.ercot.com/files/docs/2025/11/14/ERCOT-Monthly-October-2025.pdf,ERCOT-Monthly-2025-10.pdf,data/raw/ercot/2026-09-21/ERCOT-Monthly-2025-10.pdf,2026-09-21,6a827f41f6b0cfa4b1a13cb718ed56e3ab2e504e71e664c99e483efa190f5bb7,1148708,200,application/pdf,vintage,
ercot_monthly_2025_12,ercot,ERCOT,"ERCOT Monthly, December 2025 (large load queue totals by status)",https://www.ercot.com/files/docs/2026/01/20/ERCOT-Monthly-December-2025-FINAL.pdf,https://www.ercot.com/files/docs/2026/01/20/ERCOT-Monthly-December-2025-FINAL.pdf,ERCOT-Monthly-2025-12.pdf,data/raw/ercot/2026-09-21/ERCOT-Monthly-2025-12.pdf,2026-09-21,08edb4d875f9506711171295a3e1fca10bb4ea2f68b2e9979a8f9a989a939913,922962,200,application/pdf,vintage,
ercot_monthly_2026_04,ercot,ERCOT,"ERCOT Monthly, April 2026 (large load queue totals by status)",https://www.ercot.com/files/docs/2026/05/13/ERCOT-Monthly-April-2026-FINAL.pdf,https://www.ercot.com/files/docs/2026/05/13/ERCOT-Monthly-April-2026-FINAL.pdf,ERCOT-Monthly-2026-04.pdf,data/raw/ercot/2026-09-21/ERCOT-Monthly-2026-04.pdf,2026-09-21,78879e3172db7f50d8143b3bff8d7f648977ffacaeaf13ca07d3a4721e7b77de,963802,200,application/pdf,vintage,
ercot_monthly_2025_11,ercot,ERCOT,"ERCOT Monthly, November 2025 (large load queue totals by status)",https://www.ercot.com/files/docs/2025/12/19/ERCOT-Monthly-November-2025-FINAL.pdf,https://www.ercot.com/files/docs/2025/12/19/ERCOT-Monthly-November-2025-FINAL.pdf,ERCOT-Monthly-2025-11.pdf,data/raw/ercot/2026-09-21/ERCOT-Monthly-2025-11.pdf,2026-09-21,6ee3a27eec5d408d72c226f7fed036354bd438202e281aee2e79488ab0ceed1d,1384239,200,application/pdf,vintage,
ercot_monthly_2026_01,ercot,ERCOT,"ERCOT Monthly, January 2026 (large load queue totals by status)",https://www.ercot.com/files/docs/2026/02/13/ERCOT-Monthly-January-2026-FINAL.pdf,https://www.ercot.com/files/docs/2026/02/13/ERCOT-Monthly-January-2026-FINAL.pdf,ERCOT-Monthly-2026-01.pdf,data/raw/ercot/2026-09-21/ERCOT-Monthly-2026-01.pdf,2026-09-21,862bf7a68a150e8f10655feaee97fa99daa4818e1e836186713c781a21b87ccf,1192058,200,application/pdf,vintage,
nerc_large_loads_gap_assessment_2026,context,NERC,"Assessment of Gaps in Existing Practices, Requirements, and Reliability Standards for Emerging Large Loads (Mar 2026)",https://www.nerc.com/globalassets/our-work/guidelines/reliability/white-paper---assessment-of-gaps.pdf,https://www.nerc.com/globalassets/our-work/guidelines/reliability/white-paper---assessment-of-gaps.pdf,NERC_large_loads_gap_assessment_2026.pdf,data/raw/context/2026-09-21/NERC_large_loads_gap_assessment_2026.pdf,2026-09-21,edd50c9159b29db458987c270e37debe22619f146f1ef6e3b727abe3ffb98270,1948551,200,application/pdf,,
nerc_ltra_2025,context,NERC,2025 Long-Term Reliability Assessment,https://www.nerc.com/globalassets/our-work/assessments/nerc_ltra_2025.pdf,https://www.nerc.com/globalassets/our-work/assessments/nerc_ltra_2025.pdf,nerc_ltra_2025__nerc_ltra_2025.pdf,data/raw/context/2026-09-21/nerc_ltra_2025__nerc_ltra_2025.pdf,2026-09-21,a3217a96b26f6d3e0dffa08c1151abedadc31a9a3d9a8be325afc0fc518369ca,7847418,200,application/pdf,,
nerc_large_loads_characteristics_whitepaper,context,NERC,Characteristics and Risks of Emerging Large Loads (RSTC white paper),https://www.nerc.com/globalassets/who-we-are/standing-committees/rstc/whitepaper-characteristics-and-risks-of-emerging-large-loads.pdf,https://www.nerc.com/globalassets/who-we-are/standing-committees/rstc/whitepaper-characteristics-and-risks-of-emerging-large-loads.pdf,nerc_large_loads_characteristics_whitepaper__whitepaper-characteristics-and-risks-of-emerging-large-loads.pdf,data/raw/context/2026-09-21/nerc_large_loads_characteristics_whitepaper__whitepaper-characteristics-and-risks-of-emerging-large-loads.pdf,2026-09-21,e68ac29523f2bee7078af6d69654c92af994bf45e141a4af856709c496a7be02,4155789,200,application/pdf,,
ercot_monthly_2025_08,ercot,ERCOT,"ERCOT Monthly, August 2025 (large load queue totals by status)",https://www.ercot.com/files/docs/2025/09/10/ERCOT-Monthly-August-2025.pdf,https://www.ercot.com/files/docs/2025/09/10/ERCOT-Monthly-August-2025.pdf,ERCOT-Monthly-2025-08.pdf,data/raw/ercot/2026-09-21/ERCOT-Monthly-2025-08.pdf,2026-09-21,7f2aa1a828992ae057145c1d39804083cd7e2d72ef2361f63e1fc4d8e3a234ef,771963,200,application/pdf,vintage,
grid_strategies_load_growth_2025,context,Grid Strategies,National Load Growth Report 2025,https://gridstrategiesllc.com/wp-content/uploads/Grid-Strategies-National-Load-Growth-Report-2025.pdf,https://gridstrategiesllc.com/wp-content/uploads/Grid-Strategies-National-Load-Growth-Report-2025.pdf,grid_strategies_load_growth_2025__Grid-Strategies-National-Load-Growth-Report-2025.pdf,data/raw/context/2026-09-21/grid_strategies_load_growth_2025__Grid-Strategies-National-Load-Growth-Report-2025.pdf,2026-09-21,307f63523919355325fbf9f2a186d24488c6e27952ec31971dbccb00b4ded83b,2499866,200,application/pdf,,
grid_strategies_ltra_review_2025,context,Grid Strategies,Review of NERC's 2025 Long-Term Reliability Assessment,https://gridstrategiesllc.com/wp-content/uploads/FINAL-2025-LTRA-Review.pdf,https://gridstrategiesllc.com/wp-content/uploads/FINAL-2025-LTRA-Review.pdf,grid_strategies_ltra_review_2025__FINAL-2025-LTRA-Review.pdf,data/raw/context/2026-09-21/grid_strategies_ltra_review_2025__FINAL-2025-LTRA-Review.pdf,2026-09-21,e1ecc7079eb43c1ba545db683d180b01f8f8b5f28ebe9ac246e9d9290b595971,1419819,200,application/pdf,,
duke_rethinking_load_growth_2025_mirror,context,Duke Nicholas Institute (mirror: Illinois Commerce Commission docket P2025-0679),"Rethinking Load Growth: Assessing the Potential for Integration of Large Flexible Loads in US Power Systems (Norris et al. 2025, NI R 25-01) - mirror; Duke site blocks scripted downloads",https://www.icc.illinois.gov/docket/P2025-0679/documents/371138/files/650737.pdf,https://icc.illinois.gov/docket/P2025-0679/documents/371138/files/650737.pdf,Duke_Rethinking_Load_Growth_2025_MIRROR.pdf,data/raw/context/2026-09-21/Duke_Rethinking_Load_Growth_2025_MIRROR.pdf,2026-09-21,e11c266266a586a4a31a0ee71ab1fe2de6495b141dee796ae7a8c00db8419cce,1542691,200,application/pdf,mirror,
eia_press585_dc_pilot_surveys,context,EIA,EIA press release 585 (Mar 25 2026): pilot data center energy surveys,https://www.eia.gov/pressroom/releases/press585.php,https://www.eia.gov/pressroom/releases/press585.php,EIA_press585.html,data/raw/context/2026-09-21/EIA_press585.html,2026-09-21,44f8ab9e696e6bb3befc0d50c7c11a1fa889d8749e4918be1db7a8da6861ddb9,52898,200,text/html,html,
epri_powering_intelligence_2026_update,dc_share,EPRI,Powering Intelligence: Updated U.S. Data Center Scenarios (2026 attachment 97025),https://restservice.epri.com/publicattachment/97025,https://restservice.epri.com/publicattachment/97025,EPRI_Powering_Intelligence_2026_update.pdf,data/raw/dc_share/2026-09-21/EPRI_Powering_Intelligence_2026_update.pdf,2026-09-21,09ac5ed9ddd4b656b1aa04557fa8c462fe8fe80c3b64c98f8b959baead2aab49,374579,200,application/pdf,,
cbre_na_dc_trends_h1_2025_page,market_reports,CBRE,North America Data Center Trends H1 2025 report page (HTML; PDF is gated),https://www.cbre.com/insights/reports/north-america-data-center-trends-h1-2025,https://www.cbre.com/insights/reports/north-america-data-center-trends-h1-2025,cbre_na_dc_trends_h1_2025.html,data/raw/market_reports/2026-09-21/cbre_na_dc_trends_h1_2025.html,2026-09-21,dc68676b9742a0b3b2e969777b8026b78d8dd682c2d7df75ba32244ee59ad374,358276,200,text/html,html;manual,
cbre_na_dc_trends_h1_2025_profiles,market_reports,CBRE,North America Data Center Trends H1 2025 market profiles page (HTML),https://www.cbre.com/insights/local-response/north-america-data-center-trends-h1-2025-market-profiles,https://www.cbre.com/insights/local-response/north-america-data-center-trends-h1-2025-market-profiles,cbre_na_dc_trends_h1_2025_profiles.html,data/raw/market_reports/2026-09-21/cbre_na_dc_trends_h1_2025_profiles.html,2026-09-21,4f79d5cdd0857522b5acdd62b6dee005ba88db861d83b836748ea32839bfacdd,385582,200,text/html,html;manual,
cw_global_dc_market_comparison_page,market_reports,Cushman & Wakefield,Global Data Center Market Comparison 2026 page (HTML; PDF is gated),https://www.cushmanwakefield.com/en/insights/global-data-center-market-comparison,https://www.cushmanwakefield.com/en/insights/global-data-center-market-comparison,cw_global_dc_market_comparison.html,data/raw/market_reports/2026-09-21/cw_global_dc_market_comparison.html,2026-09-21,bae9c6eb16fda5747df2d906be151f97f8d222e6e49104863c3f1872176f159b,131286,200,text/html,html;manual,
eia930_balance_2015_jul_dec,eia930,EIA,EIA-930 Hourly Electric Grid Monitor BALANCE 2015 Jul-Dec,https://www.eia.gov/electricity/gridmonitor/sixMonthFiles/EIA930_BALANCE_2015_Jul_Dec.csv,https://www.eia.gov/electricity/gridmonitor/sixMonthFiles/EIA930_BALANCE_2015_Jul_Dec.csv,EIA930_BALANCE_2015_Jul_Dec.csv,data/raw/eia930/2026-09-21/EIA930_BALANCE_2015_Jul_Dec.csv,2026-09-21,865870fbaeb8cc82081707ece53fb3f03b1ef78eab3e63143728c3ef671e629f,30973894,200,application/octet-stream,,"All balancing authorities; filter BA=CISO (and LDWP, BANC, IID, TIDC for the CAL region)."
epri_powering_intelligence_2024,dc_share,EPRI,"Powering Intelligence: Analyzing AI and Data Center Energy Consumption (2024 white paper 3002028905, state table)",https://restservice.epri.com/publicdownload/000000003002028905/0/Product,https://restservice.epri.com/publicdownload/000000003002028905/0/Product,EPRI_3002028905_Powering_Intelligence_2024.pdf,data/raw/dc_share/2026-09-21/EPRI_3002028905_Powering_Intelligence_2024.pdf,2026-09-21,e76ef302125574cf473fbc028970dc0a6c22a4a65986c9b6690a6f34dedd66e4,3524487,200,application/pdf,,
eia930_balance_2016_jan_jun,eia930,EIA,EIA-930 Hourly Electric Grid Monitor BALANCE 2016 Jan-Jun,https://www.eia.gov/electricity/gridmonitor/sixMonthFiles/EIA930_BALANCE_2016_Jan_Jun.csv,https://www.eia.gov/electricity/gridmonitor/sixMonthFiles/EIA930_BALANCE_2016_Jan_Jun.csv,EIA930_BALANCE_2016_Jan_Jun.csv,data/raw/eia930/2026-09-21/EIA930_BALANCE_2016_Jan_Jun.csv,2026-09-21,19e19e0becf86e9d3984d2e4199e8a77a33671a9cc27967562d383473a85cd10,30566131,200,application/octet-stream,,"All balancing authorities; filter BA=CISO (and LDWP, BANC, IID, TIDC for the CAL region)."
jlarc_data_centers_virginia_2024,context,Virginia JLARC,"Data Centers in Virginia, Report 598 (Dec 2024)",https://jlarc.virginia.gov/pdfs/reports/Rpt598-1.pdf,https://jlarc.virginia.gov/pdfs/reports/Rpt598-1.pdf,JLARC_Rpt598_Data_Centers_in_Virginia_2024.pdf,data/raw/context/2026-09-21/JLARC_Rpt598_Data_Centers_in_Virginia_2024.pdf,2026-09-21,851ab9edb4b91723b397897f6c0c934905d9cc0abad82446e3c232269938bd2a,7386673,200,application/pdf,,
eia930_balance_2016_jul_dec,eia930,EIA,EIA-930 Hourly Electric Grid Monitor BALANCE 2016 Jul-Dec,https://www.eia.gov/electricity/gridmonitor/sixMonthFiles/EIA930_BALANCE_2016_Jul_Dec.csv,https://www.eia.gov/electricity/gridmonitor/sixMonthFiles/EIA930_BALANCE_2016_Jul_Dec.csv,EIA930_BALANCE_2016_Jul_Dec.csv,data/raw/eia930/2026-09-21/EIA930_BALANCE_2016_Jul_Dec.csv,2026-09-21,9c5f376580ac794450d117e371e2694fbe6d53f75eacdf67e8ebe943b2003e5a,30992986,200,application/octet-stream,,"All balancing authorities; filter BA=CISO (and LDWP, BANC, IID, TIDC for the CAL region)."
eia930_balance_2017_jul_dec,eia930,EIA,EIA-930 Hourly Electric Grid Monitor BALANCE 2017 Jul-Dec,https://www.eia.gov/electricity/gridmonitor/sixMonthFiles/EIA930_BALANCE_2017_Jul_Dec.csv,https://www.eia.gov/electricity/gridmonitor/sixMonthFiles/EIA930_BALANCE_2017_Jul_Dec.csv,EIA930_BALANCE_2017_Jul_Dec.csv,data/raw/eia930/2026-09-21/EIA930_BALANCE_2017_Jul_Dec.csv,2026-09-21,2097bc2737ffc4e1689f6ed3c5a5f16814187cfafead3e7e672f8342b793d163,31018149,200,application/octet-stream,,"All balancing authorities; filter BA=CISO (and LDWP, BANC, IID, TIDC for the CAL region)."
eia930_balance_2018_jan_jun,eia930,EIA,EIA-930 Hourly Electric Grid Monitor BALANCE 2018 Jan-Jun,https://www.eia.gov/electricity/gridmonitor/sixMonthFiles/EIA930_BALANCE_2018_Jan_Jun.csv,https://www.eia.gov/electricity/gridmonitor/sixMonthFiles/EIA930_BALANCE_2018_Jan_Jun.csv,EIA930_BALANCE_2018_Jan_Jun.csv,data/raw/eia930/2026-09-21/EIA930_BALANCE_2018_Jan_Jun.csv,2026-09-21,d8435a41ee74b7fa234014e3c749eb278fca86fc8dfcc3348a8f0a1607fda296,30287937,200,application/octet-stream,,"All balancing authorities; filter BA=CISO (and LDWP, BANC, IID, TIDC for the CAL region)."
eia930_balance_2018_jul_dec,eia930,EIA,EIA-930 Hourly Electric Grid Monitor BALANCE 2018 Jul-Dec,https://www.eia.gov/electricity/gridmonitor/sixMonthFiles/EIA930_BALANCE_2018_Jul_Dec.csv,https://www.eia.gov/electricity/gridmonitor/sixMonthFiles/EIA930_BALANCE_2018_Jul_Dec.csv,EIA930_BALANCE_2018_Jul_Dec.csv,data/raw/eia930/2026-09-21/EIA930_BALANCE_2018_Jul_Dec.csv,2026-09-21,fadc93f9b574c2460594bc98e7c39014c942233eb1447455cb62c9b0a1a63fc1,44213835,200,application/octet-stream,,"All balancing authorities; filter BA=CISO (and LDWP, BANC, IID, TIDC for the CAL region)."
eia930_subregion_2018_jul_dec,eia930,EIA,EIA-930 Hourly Electric Grid Monitor SUBREGION 2018 Jul-Dec,https://www.eia.gov/electricity/gridmonitor/sixMonthFiles/EIA930_SUBREGION_2018_Jul_Dec.csv,https://www.eia.gov/electricity/gridmonitor/sixMonthFiles/EIA930_SUBREGION_2018_Jul_Dec.csv,EIA930_SUBREGION_2018_Jul_Dec.csv,data/raw/eia930/2026-09-21/EIA930_SUBREGION_2018_Jul_Dec.csv,2026-09-21,041b324d25bbd6362e6a89a1b0b88954948553e6fe0f9f4796ba891d9e2bebe1,26026848,200,application/octet-stream,,"All balancing authorities; filter BA=CISO (and LDWP, BANC, IID, TIDC for the CAL region)."
eia930_balance_2019_jan_jun,eia930,EIA,EIA-930 Hourly Electric Grid Monitor BALANCE 2019 Jan-Jun,https://www.eia.gov/electricity/gridmonitor/sixMonthFiles/EIA930_BALANCE_2019_Jan_Jun.csv,https://www.eia.gov/electricity/gridmonitor/sixMonthFiles/EIA930_BALANCE_2019_Jan_Jun.csv,EIA930_BALANCE_2019_Jan_Jun.csv,data/raw/eia930/2026-09-21/EIA930_BALANCE_2019_Jan_Jun.csv,2026-09-21,02548d6bc49f3cffba1e66eb83a42e1d40194b1301f0f872baf2945e615af1b0,43369791,200,application/octet-stream,,"All balancing authorities; filter BA=CISO (and LDWP, BANC, IID, TIDC for the CAL region)."
eia930_balance_2017_jan_jun,eia930,EIA,EIA-930 Hourly Electric Grid Monitor BALANCE 2017 Jan-Jun,https://www.eia.gov/electricity/gridmonitor/sixMonthFiles/EIA930_BALANCE_2017_Jan_Jun.csv,https://www.eia.gov/electricity/gridmonitor/sixMonthFiles/EIA930_BALANCE_2017_Jan_Jun.csv,EIA930_BALANCE_2017_Jan_Jun.csv,data/raw/eia930/2026-09-21/EIA930_BALANCE_2017_Jan_Jun.csv,2026-09-21,68abe29cd6196bc3c73d1b28531b8a77464615ecbff7e79282c32e52ddb5d981,30416510,200,application/octet-stream,,"All balancing authorities; filter BA=CISO (and LDWP, BANC, IID, TIDC for the CAL region)."
eia930_subregion_2019_jan_jun,eia930,EIA,EIA-930 Hourly Electric Grid Monitor SUBREGION 2019 Jan-Jun,https://www.eia.gov/electricity/gridmonitor/sixMonthFiles/EIA930_SUBREGION_2019_Jan_Jun.csv,https://www.eia.gov/electricity/gridmonitor/sixMonthFiles/EIA930_SUBREGION_2019_Jan_Jun.csv,EIA930_SUBREGION_2019_Jan_Jun.csv,data/raw/eia930/2026-09-21/EIA930_SUBREGION_2019_Jan_Jun.csv,2026-09-21,b42424ade9de251096a0ce92917e5cebab87bdaf1e1bce0c8c7b0eaeca8c03f0,25830980,200,application/octet-stream,,"All balancing authorities; filter BA=CISO (and LDWP, BANC, IID, TIDC for the CAL region)."
eia930_interchange_2016_jan_jun,eia930,EIA,EIA-930 Hourly Electric Grid Monitor INTERCHANGE 2016 Jan-Jun,https://www.eia.gov/electricity/gridmonitor/sixMonthFiles/EIA930_INTERCHANGE_2016_Jan_Jun.csv,https://www.eia.gov/electricity/gridmonitor/sixMonthFiles/EIA930_INTERCHANGE_2016_Jan_Jun.csv,EIA930_INTERCHANGE_2016_Jan_Jun.csv,data/raw/eia930/2026-09-21/EIA930_INTERCHANGE_2016_Jan_Jun.csv,2026-09-21,eb044bc7f345932f3787be1da3c4016c8a1ad0488094b50303e4abf2954179f9,106485710,200,application/octet-stream,large,"All balancing authorities; filter BA=CISO (and LDWP, BANC, IID, TIDC for the CAL region)."
eia930_balance_2019_jul_dec,eia930,EIA,EIA-930 Hourly Electric Grid Monitor BALANCE 2019 Jul-Dec,https://www.eia.gov/electricity/gridmonitor/sixMonthFiles/EIA930_BALANCE_2019_Jul_Dec.csv,https://www.eia.gov/electricity/gridmonitor/sixMonthFiles/EIA930_BALANCE_2019_Jul_Dec.csv,EIA930_BALANCE_2019_Jul_Dec.csv,data/raw/eia930/2026-09-21/EIA930_BALANCE_2019_Jul_Dec.csv,2026-09-21,5ec5c85be997c6c56bdcf42be3443a4bb6eb0851d704065c11c02eac0d3c48d1,44134576,200,application/octet-stream,,"All balancing authorities; filter BA=CISO (and LDWP, BANC, IID, TIDC for the CAL region)."
eia930_subregion_2019_jul_dec,eia930,EIA,EIA-930 Hourly Electric Grid Monitor SUBREGION 2019 Jul-Dec,https://www.eia.gov/electricity/gridmonitor/sixMonthFiles/EIA930_SUBREGION_2019_Jul_Dec.csv,https://www.eia.gov/electricity/gridmonitor/sixMonthFiles/EIA930_SUBREGION_2019_Jul_Dec.csv,EIA930_SUBREGION_2019_Jul_Dec.csv,data/raw/eia930/2026-09-21/EIA930_SUBREGION_2019_Jul_Dec.csv,2026-09-21,fc3b125665c9db02c78e47a88739e63a82804b9210e4d87b67b4e14a21044d4a,26400645,200,application/octet-stream,,"All balancing authorities; filter BA=CISO (and LDWP, BANC, IID, TIDC for the CAL region)."
eia930_balance_2020_jan_jun,eia930,EIA,EIA-930 Hourly Electric Grid Monitor BALANCE 2020 Jan-Jun,https://www.eia.gov/electricity/gridmonitor/sixMonthFiles/EIA930_BALANCE_2020_Jan_Jun.csv,https://www.eia.gov/electricity/gridmonitor/sixMonthFiles/EIA930_BALANCE_2020_Jan_Jun.csv,EIA930_BALANCE_2020_Jan_Jun.csv,data/raw/eia930/2026-09-21/EIA930_BALANCE_2020_Jan_Jun.csv,2026-09-21,fff83ed20365e69933bdd6ebde06afaa8083930c613363c438844b0fd52034cf,42970027,200,application/octet-stream,,"All balancing authorities; filter BA=CISO (and LDWP, BANC, IID, TIDC for the CAL region)."
eia930_balance_2020_jul_dec,eia930,EIA,EIA-930 Hourly Electric Grid Monitor BALANCE 2020 Jul-Dec,https://www.eia.gov/electricity/gridmonitor/sixMonthFiles/EIA930_BALANCE_2020_Jul_Dec.csv,https://www.eia.gov/electricity/gridmonitor/sixMonthFiles/EIA930_BALANCE_2020_Jul_Dec.csv,EIA930_BALANCE_2020_Jul_Dec.csv,data/raw/eia930/2026-09-21/EIA930_BALANCE_2020_Jul_Dec.csv,2026-09-21,47788a718c26eae5a2453e3471c2b9e7d1a11062a0de70e2dca803163de5a754,43635740,200,application/octet-stream,,"All balancing authorities; filter BA=CISO (and LDWP, BANC, IID, TIDC for the CAL region)."
eia930_subregion_2020_jan_jun,eia930,EIA,EIA-930 Hourly Electric Grid Monitor SUBREGION 2020 Jan-Jun,https://www.eia.gov/electricity/gridmonitor/sixMonthFiles/EIA930_SUBREGION_2020_Jan_Jun.csv,https://www.eia.gov/electricity/gridmonitor/sixMonthFiles/EIA930_SUBREGION_2020_Jan_Jun.csv,EIA930_SUBREGION_2020_Jan_Jun.csv,data/raw/eia930/2026-09-21/EIA930_SUBREGION_2020_Jan_Jun.csv,2026-09-21,8042b3ce60006bb5e7c1e3d39d2a63f9afb5cb2f5f3a8d9f429cdf339f24fbfe,26087091,200,application/octet-stream,,"All balancing authorities; filter BA=CISO (and LDWP, BANC, IID, TIDC for the CAL region)."
eia930_balance_2021_jan_jun,eia930,EIA,EIA-930 Hourly Electric Grid Monitor BALANCE 2021 Jan-Jun,https://www.eia.gov/electricity/gridmonitor/sixMonthFiles/EIA930_BALANCE_2021_Jan_Jun.csv,https://www.eia.gov/electricity/gridmonitor/sixMonthFiles/EIA930_BALANCE_2021_Jan_Jun.csv,EIA930_BALANCE_2021_Jan_Jun.csv,data/raw/eia930/2026-09-21/EIA930_BALANCE_2021_Jan_Jun.csv,2026-09-21,40b183f333e0f3edc1b9a2ed48b792eff00fd477915dae79ce5784e862380f7f,43073764,200,application/octet-stream,,"All balancing authorities; filter BA=CISO (and LDWP, BANC, IID, TIDC for the CAL region)."
eia930_interchange_2016_jul_dec,eia930,EIA,EIA-930 Hourly Electric Grid Monitor INTERCHANGE 2016 Jul-Dec,https://www.eia.gov/electricity/gridmonitor/sixMonthFiles/EIA930_INTERCHANGE_2016_Jul_Dec.csv,https://www.eia.gov/electricity/gridmonitor/sixMonthFiles/EIA930_INTERCHANGE_2016_Jul_Dec.csv,EIA930_INTERCHANGE_2016_Jul_Dec.csv,data/raw/eia930/2026-09-21/EIA930_INTERCHANGE_2016_Jul_Dec.csv,2026-09-21,7c63cd79a54ba9d474889303aee236ce60b5252b43131c79a049e2cafbc2e5f0,107935196,200,application/octet-stream,large,"All balancing authorities; filter BA=CISO (and LDWP, BANC, IID, TIDC for the CAL region)."
eia930_balance_2021_jul_dec,eia930,EIA,EIA-930 Hourly Electric Grid Monitor BALANCE 2021 Jul-Dec,https://www.eia.gov/electricity/gridmonitor/sixMonthFiles/EIA930_BALANCE_2021_Jul_Dec.csv,https://www.eia.gov/electricity/gridmonitor/sixMonthFiles/EIA930_BALANCE_2021_Jul_Dec.csv,EIA930_BALANCE_2021_Jul_Dec.csv,data/raw/eia930/2026-09-21/EIA930_BALANCE_2021_Jul_Dec.csv,2026-09-21,66afadcab6865f74cebd6db82e363a66976846241c040cba66baf240afcd669b,43438192,200,application/octet-stream,,"All balancing authorities; filter BA=CISO (and LDWP, BANC, IID, TIDC for the CAL region)."
eia930_subregion_2021_jan_jun,eia930,EIA,EIA-930 Hourly Electric Grid Monitor SUBREGION 2021 Jan-Jun,https://www.eia.gov/electricity/gridmonitor/sixMonthFiles/EIA930_SUBREGION_2021_Jan_Jun.csv,https://www.eia.gov/electricity/gridmonitor/sixMonthFiles/EIA930_SUBREGION_2021_Jan_Jun.csv,EIA930_SUBREGION_2021_Jan_Jun.csv,data/raw/eia930/2026-09-21/EIA930_SUBREGION_2021_Jan_Jun.csv,2026-09-21,77d874491916699524bf8ceabd39c6bbf58a4abcf785b812ef142a466536eef2,25946141,200,application/octet-stream,,"All balancing authorities; filter BA=CISO (and LDWP, BANC, IID, TIDC for the CAL region)."
eia930_balance_2022_jan_jun,eia930,EIA,EIA-930 Hourly Electric Grid Monitor BALANCE 2022 Jan-Jun,https://www.eia.gov/electricity/gridmonitor/sixMonthFiles/EIA930_BALANCE_2022_Jan_Jun.csv,https://www.eia.gov/electricity/gridmonitor/sixMonthFiles/EIA930_BALANCE_2022_Jan_Jun.csv,EIA930_BALANCE_2022_Jan_Jun.csv,data/raw/eia930/2026-09-21/EIA930_BALANCE_2022_Jan_Jun.csv,2026-09-21,d3d315a0c29d9527a1c64cf6ddcdcc5c0b7281fddd99199bd70f06d242e503d5,42567904,200,application/octet-stream,,"All balancing authorities; filter BA=CISO (and LDWP, BANC, IID, TIDC for the CAL region)."
eia930_subregion_2021_jul_dec,eia930,EIA,EIA-930 Hourly Electric Grid Monitor SUBREGION 2021 Jul-Dec,https://www.eia.gov/electricity/gridmonitor/sixMonthFiles/EIA930_SUBREGION_2021_Jul_Dec.csv,https://www.eia.gov/electricity/gridmonitor/sixMonthFiles/EIA930_SUBREGION_2021_Jul_Dec.csv,EIA930_SUBREGION_2021_Jul_Dec.csv,data/raw/eia930/2026-09-21/EIA930_SUBREGION_2021_Jul_Dec.csv,2026-09-21,523f9b869d697cd77584224ea6b8cfb15a270602d74b6db97869c79bc80dadf6,26387558,200,application/octet-stream,,"All balancing authorities; filter BA=CISO (and LDWP, BANC, IID, TIDC for the CAL region)."
eia930_subregion_2022_jan_jun,eia930,EIA,EIA-930 Hourly Electric Grid Monitor SUBREGION 2022 Jan-Jun,https://www.eia.gov/electricity/gridmonitor/sixMonthFiles/EIA930_SUBREGION_2022_Jan_Jun.csv,https://www.eia.gov/electricity/gridmonitor/sixMonthFiles/EIA930_SUBREGION_2022_Jan_Jun.csv,EIA930_SUBREGION_2022_Jan_Jun.csv,data/raw/eia930/2026-09-21/EIA930_SUBREGION_2022_Jan_Jun.csv,2026-09-21,98216b82dc1b62f4c5ed645dbc63b45f89f45ae6d1f4bbe6463b70675b757fd0,25944937,200,application/octet-stream,,"All balancing authorities; filter BA=CISO (and LDWP, BANC, IID, TIDC for the CAL region)."
eia930_balance_2022_jul_dec,eia930,EIA,EIA-930 Hourly Electric Grid Monitor BALANCE 2022 Jul-Dec,https://www.eia.gov/electricity/gridmonitor/sixMonthFiles/EIA930_BALANCE_2022_Jul_Dec.csv,https://www.eia.gov/electricity/gridmonitor/sixMonthFiles/EIA930_BALANCE_2022_Jul_Dec.csv,EIA930_BALANCE_2022_Jul_Dec.csv,data/raw/eia930/2026-09-21/EIA930_BALANCE_2022_Jul_Dec.csv,2026-09-21,267575c29ef40f386bcf3bc3993013b9ce13a3a154b89b702559a75dd742976d,42909865,200,application/octet-stream,,"All balancing authorities; filter BA=CISO (and LDWP, BANC, IID, TIDC for the CAL region)."
eia930_subregion_2020_jul_dec,eia930,EIA,EIA-930 Hourly Electric Grid Monitor SUBREGION 2020 Jul-Dec,https://www.eia.gov/electricity/gridmonitor/sixMonthFiles/EIA930_SUBREGION_2020_Jul_Dec.csv,https://www.eia.gov/electricity/gridmonitor/sixMonthFiles/EIA930_SUBREGION_2020_Jul_Dec.csv,EIA930_SUBREGION_2020_Jul_Dec.csv,data/raw/eia930/2026-09-21/EIA930_SUBREGION_2020_Jul_Dec.csv,2026-09-21,7b3b8e70aeba8806252947ec9e6aae60590984cae5e12fa1a46e5989a12e5c1b,26396851,200,application/octet-stream,,"All balancing authorities; filter BA=CISO (and LDWP, BANC, IID, TIDC for the CAL region)."
eia930_balance_2023_jan_jun,eia930,EIA,EIA-930 Hourly Electric Grid Monitor BALANCE 2023 Jan-Jun,https://www.eia.gov/electricity/gridmonitor/sixMonthFiles/EIA930_BALANCE_2023_Jan_Jun.csv,https://www.eia.gov/electricity/gridmonitor/sixMonthFiles/EIA930_BALANCE_2023_Jan_Jun.csv,EIA930_BALANCE_2023_Jan_Jun.csv,data/raw/eia930/2026-09-21/EIA930_BALANCE_2023_Jan_Jun.csv,2026-09-21,a0e14e9c07ab4cc1de3e384c7be890b0c61d9de3fe04ad3ae5ec739f1f35ec1b,41981693,200,application/octet-stream,,"All balancing authorities; filter BA=CISO (and LDWP, BANC, IID, TIDC for the CAL region)."
eia930_balance_2023_jul_dec,eia930,EIA,EIA-930 Hourly Electric Grid Monitor BALANCE 2023 Jul-Dec,https://www.eia.gov/electricity/gridmonitor/sixMonthFiles/EIA930_BALANCE_2023_Jul_Dec.csv,https://www.eia.gov/electricity/gridmonitor/sixMonthFiles/EIA930_BALANCE_2023_Jul_Dec.csv,EIA930_BALANCE_2023_Jul_Dec.csv,data/raw/eia930/2026-09-21/EIA930_BALANCE_2023_Jul_Dec.csv,2026-09-21,c719fc1b513eec8982ce209b6e3173fc64b2d0d243f83d3bf0d8d1adf6222de2,42574041,200,application/octet-stream,,"All balancing authorities; filter BA=CISO (and LDWP, BANC, IID, TIDC for the CAL region)."
eia930_subregion_2022_jul_dec,eia930,EIA,EIA-930 Hourly Electric Grid Monitor SUBREGION 2022 Jul-Dec,https://www.eia.gov/electricity/gridmonitor/sixMonthFiles/EIA930_SUBREGION_2022_Jul_Dec.csv,https://www.eia.gov/electricity/gridmonitor/sixMonthFiles/EIA930_SUBREGION_2022_Jul_Dec.csv,EIA930_SUBREGION_2022_Jul_Dec.csv,data/raw/eia930/2026-09-21/EIA930_SUBREGION_2022_Jul_Dec.csv,2026-09-21,fc2c247d65d1f9163fe3899b2d49c68cd55d901939d6bb346f5f44c05fb82f5e,26400173,200,application/octet-stream,,"All balancing authorities; filter BA=CISO (and LDWP, BANC, IID, TIDC for the CAL region)."
eia930_balance_2024_jan_jun,eia930,EIA,EIA-930 Hourly Electric Grid Monitor BALANCE 2024 Jan-Jun,https://www.eia.gov/electricity/gridmonitor/sixMonthFiles/EIA930_BALANCE_2024_Jan_Jun.csv,https://www.eia.gov/electricity/gridmonitor/sixMonthFiles/EIA930_BALANCE_2024_Jan_Jun.csv,EIA930_BALANCE_2024_Jan_Jun.csv,data/raw/eia930/2026-09-21/EIA930_BALANCE_2024_Jan_Jun.csv,2026-09-21,26768c495c3ba987e29d79df2e40d4e741f9dbcff086f53c12ff774465756a10,41742812,200,application/octet-stream,,"All balancing authorities; filter BA=CISO (and LDWP, BANC, IID, TIDC for the CAL region)."
eia930_balance_2024_jul_dec,eia930,EIA,EIA-930 Hourly Electric Grid Monitor BALANCE 2024 Jul-Dec,https://www.eia.gov/electricity/gridmonitor/sixMonthFiles/EIA930_BALANCE_2024_Jul_Dec.csv,https://www.eia.gov/electricity/gridmonitor/sixMonthFiles/EIA930_BALANCE_2024_Jul_Dec.csv,EIA930_BALANCE_2024_Jul_Dec.csv,data/raw/eia930/2026-09-21/EIA930_BALANCE_2024_Jul_Dec.csv,2026-09-21,a602a8e577cfdd2fa3083413eaa4dd8ba7f0d2b26a2986f8f6d22917465ea49f,47928993,200,application/octet-stream,,"All balancing authorities; filter BA=CISO (and LDWP, BANC, IID, TIDC for the CAL region)."
eia930_subregion_2024_jul_dec,eia930,EIA,EIA-930 Hourly Electric Grid Monitor SUBREGION 2024 Jul-Dec,https://www.eia.gov/electricity/gridmonitor/sixMonthFiles/EIA930_SUBREGION_2024_Jul_Dec.csv,https://www.eia.gov/electricity/gridmonitor/sixMonthFiles/EIA930_SUBREGION_2024_Jul_Dec.csv,EIA930_SUBREGION_2024_Jul_Dec.csv,data/raw/eia930/2026-09-21/EIA930_SUBREGION_2024_Jul_Dec.csv,2026-09-21,e757ca8d30dd486f131fc85d746c86aeda2d5567aa2e953051ca4f601a50374c,26409065,200,application/octet-stream,,"All balancing authorities; filter BA=CISO (and LDWP, BANC, IID, TIDC for the CAL region)."
eia930_subregion_2023_jul_dec,eia930,EIA,EIA-930 Hourly Electric Grid Monitor SUBREGION 2023 Jul-Dec,https://www.eia.gov/electricity/gridmonitor/sixMonthFiles/EIA930_SUBREGION_2023_Jul_Dec.csv,https://www.eia.gov/electricity/gridmonitor/sixMonthFiles/EIA930_SUBREGION_2023_Jul_Dec.csv,EIA930_SUBREGION_2023_Jul_Dec.csv,data/raw/eia930/2026-09-21/EIA930_SUBREGION_2023_Jul_Dec.csv,2026-09-21,f41324e702364bfa5fa9aaf5ae597ff8fa109997b35e3f61b9e8d9d84e5ea5f0,26403762,200,application/octet-stream,,"All balancing authorities; filter BA=CISO (and LDWP, BANC, IID, TIDC for the CAL region)."
eia930_balance_2025_jan_jun,eia930,EIA,EIA-930 Hourly Electric Grid Monitor BALANCE 2025 Jan-Jun,https://www.eia.gov/electricity/gridmonitor/sixMonthFiles/EIA930_BALANCE_2025_Jan_Jun.csv,https://www.eia.gov/electricity/gridmonitor/sixMonthFiles/EIA930_BALANCE_2025_Jan_Jun.csv,EIA930_BALANCE_2025_Jan_Jun.csv,data/raw/eia930/2026-09-21/EIA930_BALANCE_2025_Jan_Jun.csv,2026-09-21,fac4bb991dfa1dab3b4b35300ccab54ac99be13a40ce91954db8ddafb2816242,47565054,200,application/octet-stream,,"All balancing authorities; filter BA=CISO (and LDWP, BANC, IID, TIDC for the CAL region)."
eia930_subregion_2024_jan_jun,eia930,EIA,EIA-930 Hourly Electric Grid Monitor SUBREGION 2024 Jan-Jun,https://www.eia.gov/electricity/gridmonitor/sixMonthFiles/EIA930_SUBREGION_2024_Jan_Jun.csv,https://www.eia.gov/electricity/gridmonitor/sixMonthFiles/EIA930_SUBREGION_2024_Jan_Jun.csv,EIA930_SUBREGION_2024_Jan_Jun.csv,data/raw/eia930/2026-09-21/EIA930_SUBREGION_2024_Jan_Jun.csv,2026-09-21,f9a436ffff0dea7c24efa4049fb3527e5ce2e7dba7340fdee73f1185840edf51,26103351,200,application/octet-stream,,"All balancing authorities; filter BA=CISO (and LDWP, BANC, IID, TIDC for the CAL region)."
eia930_balance_2025_jul_dec,eia930,EIA,EIA-930 Hourly Electric Grid Monitor BALANCE 2025 Jul-Dec,https://www.eia.gov/electricity/gridmonitor/sixMonthFiles/EIA930_BALANCE_2025_Jul_Dec.csv,https://www.eia.gov/electricity/gridmonitor/sixMonthFiles/EIA930_BALANCE_2025_Jul_Dec.csv,EIA930_BALANCE_2025_Jul_Dec.csv,data/raw/eia930/2026-09-21/EIA930_BALANCE_2025_Jul_Dec.csv,2026-09-21,1146158b972439db7c7f4cc7d0491e07644ddbf244d03b8ecb44cb2c833d10f1,48256021,200,application/octet-stream,,"All balancing authorities; filter BA=CISO (and LDWP, BANC, IID, TIDC for the CAL region)."
eia930_balance_2026_jan_jun,eia930,EIA,EIA-930 Hourly Electric Grid Monitor BALANCE 2026 Jan-Jun,https://www.eia.gov/electricity/gridmonitor/sixMonthFiles/EIA930_BALANCE_2026_Jan_Jun.csv,https://www.eia.gov/electricity/gridmonitor/sixMonthFiles/EIA930_BALANCE_2026_Jan_Jun.csv,EIA930_BALANCE_2026_Jan_Jun.csv,data/raw/eia930/2026-09-21/EIA930_BALANCE_2026_Jan_Jun.csv,2026-09-21,1b3eaf7b0af08393f4d1593125b0c0f502f93e036d961b7dd6d50fc8e618582f,47107225,200,application/octet-stream,,"All balancing authorities; filter BA=CISO (and LDWP, BANC, IID, TIDC for the CAL region)."
eia930_subregion_2026_jan_jun,eia930,EIA,EIA-930 Hourly Electric Grid Monitor SUBREGION 2026 Jan-Jun,https://www.eia.gov/electricity/gridmonitor/sixMonthFiles/EIA930_SUBREGION_2026_Jan_Jun.csv,https://www.eia.gov/electricity/gridmonitor/sixMonthFiles/EIA930_SUBREGION_2026_Jan_Jun.csv,EIA930_SUBREGION_2026_Jan_Jun.csv,data/raw/eia930/2026-09-21/EIA930_SUBREGION_2026_Jan_Jun.csv,2026-09-21,4cf5e7555e0172199697887b409b02dd3ee1c695c06089f6d55279bf6a1f89b5,26892159,200,application/octet-stream,,"All balancing authorities; filter BA=CISO (and LDWP, BANC, IID, TIDC for the CAL region)."
eia930_subregion_2025_jan_jun,eia930,EIA,EIA-930 Hourly Electric Grid Monitor SUBREGION 2025 Jan-Jun,https://www.eia.gov/electricity/gridmonitor/sixMonthFiles/EIA930_SUBREGION_2025_Jan_Jun.csv,https://www.eia.gov/electricity/gridmonitor/sixMonthFiles/EIA930_SUBREGION_2025_Jan_Jun.csv,EIA930_SUBREGION_2025_Jan_Jun.csv,data/raw/eia930/2026-09-21/EIA930_SUBREGION_2025_Jan_Jun.csv,2026-09-21,c94a6875b05e482c8a7a1b6a73e4c84b0d0359ca3684d285b405fc819e06945b,25965562,200,application/octet-stream,,"All balancing authorities; filter BA=CISO (and LDWP, BANC, IID, TIDC for the CAL region)."
eia930_balance_2026_jul_dec,eia930,EIA,EIA-930 Hourly Electric Grid Monitor BALANCE 2026 Jul-Dec,https://www.eia.gov/electricity/gridmonitor/sixMonthFiles/EIA930_BALANCE_2026_Jul_Dec.csv,https://www.eia.gov/electricity/gridmonitor/sixMonthFiles/EIA930_BALANCE_2026_Jul_Dec.csv,EIA930_BALANCE_2026_Jul_Dec.csv,data/raw/eia930/2026-09-21/EIA930_BALANCE_2026_Jul_Dec.csv,2026-09-21,e792166b9a491b86a79bfd7a68484029896864bf1f2721332cbce9ab0c2a4c77,21711727,200,application/octet-stream,,"All balancing authorities; filter BA=CISO (and LDWP, BANC, IID, TIDC for the CAL region)."
eia861_2015,eia861,EIA,EIA-861 Annual Electric Power Industry Report 2015,https://www.eia.gov/electricity/data/eia861/archive/zip/f8612015.zip,https://www.eia.gov/electricity/data/eia861/archive/zip/f8612015.zip,f8612015.zip,data/raw/eia861/2026-09-21/f8612015.zip,2026-09-21,a8ab1ac504f9d62ed83acf7bcce8000aefb360c0a9d1b66e8c97761557e49ef1,4391160,200,application/x-zip-compressed,,"Retail sales by utility, sector and state (Sales_Ult_Cust)."
eia930_subregion_2026_jul_dec,eia930,EIA,EIA-930 Hourly Electric Grid Monitor SUBREGION 2026 Jul-Dec,https://www.eia.gov/electricity/gridmonitor/sixMonthFiles/EIA930_SUBREGION_2026_Jul_Dec.csv,https://www.eia.gov/electricity/gridmonitor/sixMonthFiles/EIA930_SUBREGION_2026_Jul_Dec.csv,EIA930_SUBREGION_2026_Jul_Dec.csv,data/raw/eia930/2026-09-21/EIA930_SUBREGION_2026_Jul_Dec.csv,2026-09-21,746c9fd6d84dd88b4283a7be50fedefda6095460f87ad33ab0b197cff06b1c98,12617905,200,application/octet-stream,,"All balancing authorities; filter BA=CISO (and LDWP, BANC, IID, TIDC for the CAL region)."
eia861_2016,eia861,EIA,EIA-861 Annual Electric Power Industry Report 2016,https://www.eia.gov/electricity/data/eia861/archive/zip/f8612016.zip,https://www.eia.gov/electricity/data/eia861/archive/zip/f8612016.zip,f8612016.zip,data/raw/eia861/2026-09-21/f8612016.zip,2026-09-21,8cbcd008780c2861ca10e4dfc3e44fddc4d3db3cb4cbd34f40eccbd673485515,4930673,200,application/x-zip-compressed,,"Retail sales by utility, sector and state (Sales_Ult_Cust)."
eia930_subregion_2025_jul_dec,eia930,EIA,EIA-930 Hourly Electric Grid Monitor SUBREGION 2025 Jul-Dec,https://www.eia.gov/electricity/gridmonitor/sixMonthFiles/EIA930_SUBREGION_2025_Jul_Dec.csv,https://www.eia.gov/electricity/gridmonitor/sixMonthFiles/EIA930_SUBREGION_2025_Jul_Dec.csv,EIA930_SUBREGION_2025_Jul_Dec.csv,data/raw/eia930/2026-09-21/EIA930_SUBREGION_2025_Jul_Dec.csv,2026-09-21,13ae15f6f6f1f7c17530fdd6d660346806c7cbc350840bd857fd53334dc654ed,26410062,200,application/octet-stream,,"All balancing authorities; filter BA=CISO (and LDWP, BANC, IID, TIDC for the CAL region)."
eia861_2017,eia861,EIA,EIA-861 Annual Electric Power Industry Report 2017,https://www.eia.gov/electricity/data/eia861/archive/zip/f8612017.zip,https://www.eia.gov/electricity/data/eia861/archive/zip/f8612017.zip,f8612017.zip,data/raw/eia861/2026-09-21/f8612017.zip,2026-09-21,474d391ce1814af24334aec2c94a6421295f00d262fb8cfc153a5dea197dcc14,5981558,200,application/x-zip-compressed,,"Retail sales by utility, sector and state (Sales_Ult_Cust)."
lbnl_queued_up_2025_osti,context,LBNL (via OSTI 3008763),"Queued Up: 2025 Edition, characteristics of power plants seeking transmission interconnection as of end of 2024",https://www.osti.gov/servlets/purl/3008763,https://www.osti.gov/servlets/purl/3008763,LBNL_Queued_Up_2025_edition.pdf,data/raw/context/2026-09-21/LBNL_Queued_Up_2025_edition.pdf,2026-09-21,4cf432f7ca4baf70dda3b2772d4a7219196d26be10d82d100de8d8078bb4c04e,24687883,200,application/pdf,,
eia861_2018,eia861,EIA,EIA-861 Annual Electric Power Industry Report 2018,https://www.eia.gov/electricity/data/eia861/archive/zip/f8612018.zip,https://www.eia.gov/electricity/data/eia861/archive/zip/f8612018.zip,f8612018.zip,data/raw/eia861/2026-09-21/f8612018.zip,2026-09-21,90f1d9e34665d91347d476ade7ff88261896a158eda640b7ec7002b8027eb8f8,6030180,200,application/x-zip-compressed,,"Retail sales by utility, sector and state (Sales_Ult_Cust)."
eia861_2019,eia861,EIA,EIA-861 Annual Electric Power Industry Report 2019,https://www.eia.gov/electricity/data/eia861/archive/zip/f8612019.zip,https://www.eia.gov/electricity/data/eia861/archive/zip/f8612019.zip,f8612019.zip,data/raw/eia861/2026-09-21/f8612019.zip,2026-09-21,25043e6baa8f6bf28892b22b06877b9efef2a22b19dd32e0f3b0c9b720e222e9,5348318,200,application/x-zip-compressed,,"Retail sales by utility, sector and state (Sales_Ult_Cust)."
eia861_2020,eia861,EIA,EIA-861 Annual Electric Power Industry Report 2020,https://www.eia.gov/electricity/data/eia861/archive/zip/f8612020.zip,https://www.eia.gov/electricity/data/eia861/archive/zip/f8612020.zip,f8612020.zip,data/raw/eia861/2026-09-21/f8612020.zip,2026-09-21,abed9f678bd7f7d97dced210205eb9c894d0536ee5ec0041a45e3c329d41e616,4453359,200,application/x-zip-compressed,,"Retail sales by utility, sector and state (Sales_Ult_Cust)."
eia861_2021,eia861,EIA,EIA-861 Annual Electric Power Industry Report 2021,https://www.eia.gov/electricity/data/eia861/archive/zip/f8612021.zip,https://www.eia.gov/electricity/data/eia861/archive/zip/f8612021.zip,f8612021.zip,data/raw/eia861/2026-09-21/f8612021.zip,2026-09-21,6008618e91bc0e70d841ebbc19283b96b66d7ac95e20b3ad553bd31a20cd7bd4,4427163,200,application/x-zip-compressed,,"Retail sales by utility, sector and state (Sales_Ult_Cust)."
eia861_2022,eia861,EIA,EIA-861 Annual Electric Power Industry Report 2022,https://www.eia.gov/electricity/data/eia861/archive/zip/f8612022.zip,https://www.eia.gov/electricity/data/eia861/archive/zip/f8612022.zip,f8612022.zip,data/raw/eia861/2026-09-21/f8612022.zip,2026-09-21,fe2530295d931c3bc2340918a389745c378e0e6dc960db7c6269b52a616247e0,4387531,200,application/x-zip-compressed,,"Retail sales by utility, sector and state (Sales_Ult_Cust)."
eia861_2023,eia861,EIA,EIA-861 Annual Electric Power Industry Report 2023,https://www.eia.gov/electricity/data/eia861/archive/zip/f8612023.zip,https://www.eia.gov/electricity/data/eia861/archive/zip/f8612023.zip,f8612023.zip,data/raw/eia861/2026-09-21/f8612023.zip,2026-09-21,0acd67ab84cdaef09fd47b4449f2c944f8731c2b3c695ec3a97bb6c0690a4d61,4604583,200,application/x-zip-compressed,,"Retail sales by utility, sector and state (Sales_Ult_Cust)."
eia861_2024,eia861,EIA,EIA-861 Annual Electric Power Industry Report 2024,https://www.eia.gov/electricity/data/eia861/zip/f8612024.zip,https://www.eia.gov/electricity/data/eia861/zip/f8612024.zip,f8612024.zip,data/raw/eia861/2026-09-21/f8612024.zip,2026-09-21,77ce49c60ac5a6bad50c442fc401aad5404a21da875dc5cbaba353af5ede54de,4568208,200,application/x-zip-compressed,,"Retail sales by utility, sector and state (Sales_Ult_Cust)."
eia930_subregion_2023_jan_jun,eia930,EIA,EIA-930 Hourly Electric Grid Monitor SUBREGION 2023 Jan-Jun,https://www.eia.gov/electricity/gridmonitor/sixMonthFiles/EIA930_SUBREGION_2023_Jan_Jun.csv,https://www.eia.gov/electricity/gridmonitor/sixMonthFiles/EIA930_SUBREGION_2023_Jan_Jun.csv,EIA930_SUBREGION_2023_Jan_Jun.csv,data/raw/eia930/2026-09-21/EIA930_SUBREGION_2023_Jan_Jun.csv,2026-09-21,e48940c87809fc0b7c80adab732fbe4297a399deaea0e96fbd1bd832ef6fcba3,25950536,200,application/octet-stream,,"All balancing authorities; filter BA=CISO (and LDWP, BANC, IID, TIDC for the CAL region)."
eia923_2016,eia923,EIA,EIA-923 Power Plant Operations Report 2016,https://www.eia.gov/electricity/data/eia923/archive/xls/f923_2016.zip,https://www.eia.gov/electricity/data/eia923/archive/xls/f923_2016.zip,f923_2016.zip,data/raw/eia923/2026-09-21/f923_2016.zip,2026-09-21,86a306a07db6f3f7f19c898694c735bef7ce94fc254a088a305570547006fdbe,19648061,200,application/x-zip-compressed,,Monthly generation and fuel consumption by plant.
eia923_2015,eia923,EIA,EIA-923 Power Plant Operations Report 2015,https://www.eia.gov/electricity/data/eia923/archive/xls/f923_2015.zip,https://www.eia.gov/electricity/data/eia923/archive/xls/f923_2015.zip,f923_2015.zip,data/raw/eia923/2026-09-21/f923_2015.zip,2026-09-21,da903cbf95e36c2e047356e56c8ce2f2dd2c8bcda701b52c0854200048ead0f3,20071619,200,application/x-zip-compressed,,Monthly generation and fuel consumption by plant.
eia923_2017,eia923,EIA,EIA-923 Power Plant Operations Report 2017,https://www.eia.gov/electricity/data/eia923/archive/xls/f923_2017.zip,https://www.eia.gov/electricity/data/eia923/archive/xls/f923_2017.zip,f923_2017.zip,data/raw/eia923/2026-09-21/f923_2017.zip,2026-09-21,36a30bf77c40b9e8651967afe14c619904769fe4b67e3ec4785e218dfde0ac1f,21584197,200,application/x-zip-compressed,,Monthly generation and fuel consumption by plant.
eia923_2018,eia923,EIA,EIA-923 Power Plant Operations Report 2018,https://www.eia.gov/electricity/data/eia923/archive/xls/f923_2018.zip,https://www.eia.gov/electricity/data/eia923/archive/xls/f923_2018.zip,f923_2018.zip,data/raw/eia923/2026-09-21/f923_2018.zip,2026-09-21,44e6447730d755fb5d41d6c0c91e34ae0b9fab9f8b4c17559627bdad1e030007,21305966,200,application/x-zip-compressed,,Monthly generation and fuel consumption by plant.
eia923_2019,eia923,EIA,EIA-923 Power Plant Operations Report 2019,https://www.eia.gov/electricity/data/eia923/archive/xls/f923_2019.zip,https://www.eia.gov/electricity/data/eia923/archive/xls/f923_2019.zip,f923_2019.zip,data/raw/eia923/2026-09-21/f923_2019.zip,2026-09-21,c2fd692e7994dda8e7b04645c3cac4881c471003d417d8419da20ba015be7cce,21885522,200,application/x-zip-compressed,,Monthly generation and fuel consumption by plant.
eia923_2020,eia923,EIA,EIA-923 Power Plant Operations Report 2020,https://www.eia.gov/electricity/data/eia923/archive/xls/f923_2020.zip,https://www.eia.gov/electricity/data/eia923/archive/xls/f923_2020.zip,f923_2020.zip,data/raw/eia923/2026-09-21/f923_2020.zip,2026-09-21,b8c6516cc0ae306abffc03a4af393de496d52b84b41347521f7acb184a4f7bf9,21465660,200,application/x-zip-compressed,,Monthly generation and fuel consumption by plant.
eia923_2022,eia923,EIA,EIA-923 Power Plant Operations Report 2022,https://www.eia.gov/electricity/data/eia923/archive/xls/f923_2022.zip,https://www.eia.gov/electricity/data/eia923/archive/xls/f923_2022.zip,f923_2022.zip,data/raw/eia923/2026-09-21/f923_2022.zip,2026-09-21,2f030b7da3802b9310ecd93ef98014890d3519e6d1db55e5a49173121e5e82e4,22871857,200,application/x-zip-compressed,,Monthly generation and fuel consumption by plant.
eia923_2021,eia923,EIA,EIA-923 Power Plant Operations Report 2021,https://www.eia.gov/electricity/data/eia923/archive/xls/f923_2021.zip,https://www.eia.gov/electricity/data/eia923/archive/xls/f923_2021.zip,f923_2021.zip,data/raw/eia923/2026-09-21/f923_2021.zip,2026-09-21,9db69876593a669a0a02aa67ea3abaebf7dc0ea961424912c75156432851ccd8,22281584,200,application/x-zip-compressed,,Monthly generation and fuel consumption by plant.
eia930_interchange_2017_jul_dec,eia930,EIA,EIA-930 Hourly Electric Grid Monitor INTERCHANGE 2017 Jul-Dec,https://www.eia.gov/electricity/gridmonitor/sixMonthFiles/EIA930_INTERCHANGE_2017_Jul_Dec.csv,https://www.eia.gov/electricity/gridmonitor/sixMonthFiles/EIA930_INTERCHANGE_2017_Jul_Dec.csv,EIA930_INTERCHANGE_2017_Jul_Dec.csv,data/raw/eia930/2026-09-21/EIA930_INTERCHANGE_2017_Jul_Dec.csv,2026-09-21,86bb923319aa73696ea22fd8338202785916a75a3306f71bc1ded0cb5c3d4d16,108220914,200,application/octet-stream,large,"All balancing authorities; filter BA=CISO (and LDWP, BANC, IID, TIDC for the CAL region)."
eia923_2023,eia923,EIA,EIA-923 Power Plant Operations Report 2023,https://www.eia.gov/electricity/data/eia923/archive/xls/f923_2023.zip,https://www.eia.gov/electricity/data/eia923/archive/xls/f923_2023.zip,f923_2023.zip,data/raw/eia923/2026-09-21/f923_2023.zip,2026-09-21,f96326c003bcdc0534144718c96fa8c31f803190e92b936b97d210db27acc557,22359936,200,application/x-zip-compressed,,Monthly generation and fuel consumption by plant.
eia923_2024,eia923,EIA,EIA-923 Power Plant Operations Report 2024,https://www.eia.gov/electricity/data/eia923/archive/xls/f923_2024.zip,https://www.eia.gov/electricity/data/eia923/archive/xls/f923_2024.zip,f923_2024.zip,data/raw/eia923/2026-09-21/f923_2024.zip,2026-09-21,272055f2d748f6486fc3076abd5a40ec736dbff45458bdb4c895761278c50f2b,22755334,200,application/x-zip-compressed,,Monthly generation and fuel consumption by plant.
eia923_2025,eia923,EIA,EIA-923 Power Plant Operations Report 2025,https://www.eia.gov/electricity/data/eia923/xls/f923_2025.zip,https://www.eia.gov/electricity/data/eia923/xls/f923_2025.zip,f923_2025.zip,data/raw/eia923/2026-09-21/f923_2025.zip,2026-09-21,1bff7092a86f6678c069c986829da5a23104048fc1aafb65b0776e3c904284de,23340452,200,application/x-zip-compressed,,Monthly generation and fuel consumption by plant.
eia860_2015,eia860,EIA,EIA-860 Annual Electric Generator Report 2015,https://www.eia.gov/electricity/data/eia860/archive/xls/eia8602015.zip,https://www.eia.gov/electricity/data/eia860/archive/xls/eia8602015.zip,eia8602015.zip,data/raw/eia860/2026-09-21/eia8602015.zip,2026-09-21,d93225cc01f24f8eaf4b8b447b83c2b527608391b12a573819b1b2b6e2888334,15360751,200,application/x-zip-compressed,,Generator-level inventory incl. planned units and retirement dates.
eia860_2017,eia860,EIA,EIA-860 Annual Electric Generator Report 2017,https://www.eia.gov/electricity/data/eia860/archive/xls/eia8602017.zip,https://www.eia.gov/electricity/data/eia860/archive/xls/eia8602017.zip,eia8602017.zip,data/raw/eia860/2026-09-21/eia8602017.zip,2026-09-21,da9f1a1f8528324ff47019229d0f3648efe8c5997f18449f10d6aad2daa68e5c,16181258,200,application/x-zip-compressed,,Generator-level inventory incl. planned units and retirement dates.
eia860_2016,eia860,EIA,EIA-860 Annual Electric Generator Report 2016,https://www.eia.gov/electricity/data/eia860/archive/xls/eia8602016.zip,https://www.eia.gov/electricity/data/eia860/archive/xls/eia8602016.zip,eia8602016.zip,data/raw/eia860/2026-09-21/eia8602016.zip,2026-09-21,27d17d22b9cf0da8167579a05ae04383ba3b3432f53080af84a99427b9020124,16740095,200,application/x-zip-compressed,,Generator-level inventory incl. planned units and retirement dates.
eia860_2018,eia860,EIA,EIA-860 Annual Electric Generator Report 2018,https://www.eia.gov/electricity/data/eia860/archive/xls/eia8602018.zip,https://www.eia.gov/electricity/data/eia860/archive/xls/eia8602018.zip,eia8602018.zip,data/raw/eia860/2026-09-21/eia8602018.zip,2026-09-21,46864f69f190da9a0d1096964984219d7728b4c626c3bc8a48767507632b18df,18295827,200,application/x-zip-compressed,,Generator-level inventory incl. planned units and retirement dates.
eia860_2019,eia860,EIA,EIA-860 Annual Electric Generator Report 2019,https://www.eia.gov/electricity/data/eia860/archive/xls/eia8602019.zip,https://www.eia.gov/electricity/data/eia860/archive/xls/eia8602019.zip,eia8602019.zip,data/raw/eia860/2026-09-21/eia8602019.zip,2026-09-21,6fe0d37858359c50772fbcb1a6cfca0a3fbf442423ddf4e0d33df929caa1ea7b,18767416,200,application/x-zip-compressed,,Generator-level inventory incl. planned units and retirement dates.
eia860_2020,eia860,EIA,EIA-860 Annual Electric Generator Report 2020,https://www.eia.gov/electricity/data/eia860/archive/xls/eia8602020.zip,https://www.eia.gov/electricity/data/eia860/archive/xls/eia8602020.zip,eia8602020.zip,data/raw/eia860/2026-09-21/eia8602020.zip,2026-09-21,ce519fd0b02c74b8c4231dc023bf07f922ae5f2a018fcaf88914502f61aa89ea,19670508,200,application/x-zip-compressed,,Generator-level inventory incl. planned units and retirement dates.
eia860_2021,eia860,EIA,EIA-860 Annual Electric Generator Report 2021,https://www.eia.gov/electricity/data/eia860/archive/xls/eia8602021.zip,https://www.eia.gov/electricity/data/eia860/archive/xls/eia8602021.zip,eia8602021.zip,data/raw/eia860/2026-09-21/eia8602021.zip,2026-09-21,ac35e582335ed5f82c1177361d6e8e82cff083ae85a5ec668815d21e0aef3ee5,20114180,200,application/x-zip-compressed,,Generator-level inventory incl. planned units and retirement dates.
eia860_2023,eia860,EIA,EIA-860 Annual Electric Generator Report 2023,https://www.eia.gov/electricity/data/eia860/archive/xls/eia8602023.zip,https://www.eia.gov/electricity/data/eia860/archive/xls/eia8602023.zip,eia8602023.zip,data/raw/eia860/2026-09-21/eia8602023.zip,2026-09-21,1447e23e608bea1523961542a90eb93ea86715067a37f211282541461049b46f,21237983,200,application/x-zip-compressed,,Generator-level inventory incl. planned units and retirement dates.
eia860_2022,eia860,EIA,EIA-860 Annual Electric Generator Report 2022,https://www.eia.gov/electricity/data/eia860/archive/xls/eia8602022.zip,https://www.eia.gov/electricity/data/eia860/archive/xls/eia8602022.zip,eia8602022.zip,data/raw/eia860/2026-09-21/eia8602022.zip,2026-09-21,a6f6b00f480ccfb7436804f5cb9984f27c3e0c20cfcbe9b4ed057285b5a68980,20646976,200,application/x-zip-compressed,,Generator-level inventory incl. planned units and retirement dates.
eia860_2024,eia860,EIA,EIA-860 Annual Electric Generator Report 2024,https://www.eia.gov/electricity/data/eia860/archive/xls/eia8602024.zip,https://www.eia.gov/electricity/data/eia860/archive/xls/eia8602024.zip,eia8602024.zip,data/raw/eia860/2026-09-21/eia8602024.zip,2026-09-21,0aaae04812cd4ab87a3e346bdf93848a3cc15053fd4dc2a4cf82d2aeac95f12b,22100342,200,application/x-zip-compressed,,Generator-level inventory incl. planned units and retirement dates.
eia860m_2015_07,eia860m,EIA,"EIA-860M Preliminary Monthly Electric Generator Inventory, July 2015",https://www.eia.gov/electricity/data/eia860m/archive/xls/july_generator2015.xlsx,https://www.eia.gov/electricity/data/eia860m/archive/xls/july_generator2015.xlsx,july_generator2015.xlsx,data/raw/eia860m/2026-09-21/july_generator2015.xlsx,2026-09-21,e0666fb5ab23a614f1e59f0cacbdc215ad89e68ff92a6f4d1071261969ee4175,2730620,200,application/vnd.openxmlformats-officedocument.spreadsheetml.sheet,vintage,"Operating, planned, retired and cancelled tabs; use for vintage realization model."
eia860_2025,eia860,EIA,EIA-860 Annual Electric Generator Report 2025,https://www.eia.gov/electricity/data/eia860/xls/eia8602025.zip,https://www.eia.gov/electricity/data/eia860/xls/eia8602025.zip,eia8602025.zip,data/raw/eia860/2026-09-21/eia8602025.zip,2026-09-21,2b27929d26cc1da9ad6a530da1cac6718cd8496098ee560c4d47cfffd96d08ba,23622347,200,application/x-zip-compressed,,Generator-level inventory incl. planned units and retirement dates.
eia860m_2015_08,eia860m,EIA,"EIA-860M Preliminary Monthly Electric Generator Inventory, August 2015",https://www.eia.gov/electricity/data/eia860m/archive/xls/august_generator2015.xlsx,https://www.eia.gov/electricity/data/eia860m/archive/xls/august_generator2015.xlsx,august_generator2015.xlsx,data/raw/eia860m/2026-09-21/august_generator2015.xlsx,2026-09-21,08c55400aba7bcfe6a523fa4ada1b2f6c6f96978d61699cea95bfac05bbbdd29,2721581,200,application/vnd.openxmlformats-officedocument.spreadsheetml.sheet,vintage,"Operating, planned, retired and cancelled tabs; use for vintage realization model."
eia860m_2015_10,eia860m,EIA,"EIA-860M Preliminary Monthly Electric Generator Inventory, October 2015",https://www.eia.gov/electricity/data/eia860m/archive/xls/october_generator2015.xlsx,https://www.eia.gov/electricity/data/eia860m/archive/xls/october_generator2015.xlsx,october_generator2015.xlsx,data/raw/eia860m/2026-09-21/october_generator2015.xlsx,2026-09-21,8cd72945eece01a6746bd5d116e40ad9ea4e19ac34fb5afba8a42352d2bff27c,2723876,200,application/vnd.openxmlformats-officedocument.spreadsheetml.sheet,vintage,"Operating, planned, retired and cancelled tabs; use for vintage realization model."
eia860m_2015_09,eia860m,EIA,"EIA-860M Preliminary Monthly Electric Generator Inventory, September 2015",https://www.eia.gov/electricity/data/eia860m/archive/xls/september_generator2015.xlsx,https://www.eia.gov/electricity/data/eia860m/archive/xls/september_generator2015.xlsx,september_generator2015.xlsx,data/raw/eia860m/2026-09-21/september_generator2015.xlsx,2026-09-21,42e353237854107185c02ad24c1ac431553cc17fc3d5da6890e4b7f62113421a,2722326,200,application/vnd.openxmlformats-officedocument.spreadsheetml.sheet,vintage,"Operating, planned, retired and cancelled tabs; use for vintage realization model."
eia860m_2015_11,eia860m,EIA,"EIA-860M Preliminary Monthly Electric Generator Inventory, November 2015",https://www.eia.gov/electricity/data/eia860m/archive/xls/november_generator2015.xlsx,https://www.eia.gov/electricity/data/eia860m/archive/xls/november_generator2015.xlsx,november_generator2015.xlsx,data/raw/eia860m/2026-09-21/november_generator2015.xlsx,2026-09-21,6698677b8735e3b67da8920811f1faca887d5d30e989c5073e06821004d7058f,2743524,200,application/vnd.openxmlformats-officedocument.spreadsheetml.sheet,vintage,"Operating, planned, retired and cancelled tabs; use for vintage realization model."
eia860m_2015_12,eia860m,EIA,"EIA-860M Preliminary Monthly Electric Generator Inventory, December 2015",https://www.eia.gov/electricity/data/eia860m/archive/xls/december_generator2015.xlsx,https://www.eia.gov/electricity/data/eia860m/archive/xls/december_generator2015.xlsx,december_generator2015.xlsx,data/raw/eia860m/2026-09-21/december_generator2015.xlsx,2026-09-21,66c86a8a72862241b065706d435168b21d190d7b10808fcb03d5f4cf341fa06d,3256777,200,application/vnd.openxmlformats-officedocument.spreadsheetml.sheet,vintage,"Operating, planned, retired and cancelled tabs; use for vintage realization model."
eia860m_2016_01,eia860m,EIA,"EIA-860M Preliminary Monthly Electric Generator Inventory, January 2016",https://www.eia.gov/electricity/data/eia860m/archive/xls/january_generator2016.xlsx,https://www.eia.gov/electricity/data/eia860m/archive/xls/january_generator2016.xlsx,january_generator2016.xlsx,data/raw/eia860m/2026-09-21/january_generator2016.xlsx,2026-09-21,6876f2e13d0830a482de14eb70f825062f09af2057a4f810e8001d56e6d86908,3266359,200,application/vnd.openxmlformats-officedocument.spreadsheetml.sheet,vintage,"Operating, planned, retired and cancelled tabs; use for vintage realization model."
eia860m_2016_02,eia860m,EIA,"EIA-860M Preliminary Monthly Electric Generator Inventory, February 2016",https://www.eia.gov/electricity/data/eia860m/archive/xls/february_generator2016.xlsx,https://www.eia.gov/electricity/data/eia860m/archive/xls/february_generator2016.xlsx,february_generator2016.xlsx,data/raw/eia860m/2026-09-21/february_generator2016.xlsx,2026-09-21,e681b590e5c2ee0599bb6b5e4e9a4f752699a68d719222529d650c3dcc9229d0,3288840,200,application/vnd.openxmlformats-officedocument.spreadsheetml.sheet,vintage,"Operating, planned, retired and cancelled tabs; use for vintage realization model."
eia860m_2016_04,eia860m,EIA,"EIA-860M Preliminary Monthly Electric Generator Inventory, April 2016",https://www.eia.gov/electricity/data/eia860m/archive/xls/april_generator2016.xlsx,https://www.eia.gov/electricity/data/eia860m/archive/xls/april_generator2016.xlsx,april_generator2016.xlsx,data/raw/eia860m/2026-09-21/april_generator2016.xlsx,2026-09-21,3acc81d7441760a7b1d49d1482462f8fb7b1d84651a99af6cac4d5edf0c33717,3436075,200,application/vnd.openxmlformats-officedocument.spreadsheetml.sheet,vintage,"Operating, planned, retired and cancelled tabs; use for vintage realization model."
eia860m_2016_03,eia860m,EIA,"EIA-860M Preliminary Monthly Electric Generator Inventory, March 2016",https://www.eia.gov/electricity/data/eia860m/archive/xls/march_generator2016.xlsx,https://www.eia.gov/electricity/data/eia860m/archive/xls/march_generator2016.xlsx,march_generator2016.xlsx,data/raw/eia860m/2026-09-21/march_generator2016.xlsx,2026-09-21,850b5c6c0150ff828221d4eda5db5addd30adc96f5f414a89167d322a22384fa,3304806,200,application/vnd.openxmlformats-officedocument.spreadsheetml.sheet,vintage,"Operating, planned, retired and cancelled tabs; use for vintage realization model."
eia860m_2016_05,eia860m,EIA,"EIA-860M Preliminary Monthly Electric Generator Inventory, May 2016",https://www.eia.gov/electricity/data/eia860m/archive/xls/may_generator2016.xlsx,https://www.eia.gov/electricity/data/eia860m/archive/xls/may_generator2016.xlsx,may_generator2016.xlsx,data/raw/eia860m/2026-09-21/may_generator2016.xlsx,2026-09-21,b196f74ef36c02c34e956ffaed9fc2d996abb1319b87e7a0f77d3d9f3ff18fe5,3443412,200,application/vnd.openxmlformats-officedocument.spreadsheetml.sheet,vintage,"Operating, planned, retired and cancelled tabs; use for vintage realization model."
eia860m_2016_06,eia860m,EIA,"EIA-860M Preliminary Monthly Electric Generator Inventory, June 2016",https://www.eia.gov/electricity/data/eia860m/archive/xls/june_generator2016.xlsx,https://www.eia.gov/electricity/data/eia860m/archive/xls/june_generator2016.xlsx,june_generator2016.xlsx,data/raw/eia860m/2026-09-21/june_generator2016.xlsx,2026-09-21,1d43bfc84812e462f11abda742c06cd7dcfb35c0cd81c6de5506bc51ffa22df2,3448596,200,application/vnd.openxmlformats-officedocument.spreadsheetml.sheet,vintage,"Operating, planned, retired and cancelled tabs; use for vintage realization model."
eia860m_2016_08,eia860m,EIA,"EIA-860M Preliminary Monthly Electric Generator Inventory, August 2016",https://www.eia.gov/electricity/data/eia860m/archive/xls/august_generator2016.xlsx,https://www.eia.gov/electricity/data/eia860m/archive/xls/august_generator2016.xlsx,august_generator2016.xlsx,data/raw/eia860m/2026-09-21/august_generator2016.xlsx,2026-09-21,ebbaeb21769bb1b9baf7842aeaed14422e7ad4e1cdd006869d0915bccfd573a3,3715996,200,application/vnd.openxmlformats-officedocument.spreadsheetml.sheet,vintage,"Operating, planned, retired and cancelled tabs; use for vintage realization model."
eia860m_2016_07,eia860m,EIA,"EIA-860M Preliminary Monthly Electric Generator Inventory, July 2016",https://www.eia.gov/electricity/data/eia860m/archive/xls/july_generator2016.xlsx,https://www.eia.gov/electricity/data/eia860m/archive/xls/july_generator2016.xlsx,july_generator2016.xlsx,data/raw/eia860m/2026-09-21/july_generator2016.xlsx,2026-09-21,87674eef0130cc9230df0a6689e6a890d736074241b11b797959b95657b6d2e0,3710580,200,application/vnd.openxmlformats-officedocument.spreadsheetml.sheet,vintage,"Operating, planned, retired and cancelled tabs; use for vintage realization model."
eia860m_2016_10,eia860m,EIA,"EIA-860M Preliminary Monthly Electric Generator Inventory, October 2016",https://www.eia.gov/electricity/data/eia860m/archive/xls/october_generator2016.xlsx,https://www.eia.gov/electricity/data/eia860m/archive/xls/october_generator2016.xlsx,october_generator2016.xlsx,data/raw/eia860m/2026-09-21/october_generator2016.xlsx,2026-09-21,e7807e1b3b913696fab93cdc101f2791814218ee5e89da1d217553a58e94eb95,3715016,200,application/vnd.openxmlformats-officedocument.spreadsheetml.sheet,vintage,"Operating, planned, retired and cancelled tabs; use for vintage realization model."
eia860m_2016_09,eia860m,EIA,"EIA-860M Preliminary Monthly Electric Generator Inventory, September 2016",https://www.eia.gov/electricity/data/eia860m/archive/xls/september_generator2016.xlsx,https://www.eia.gov/electricity/data/eia860m/archive/xls/september_generator2016.xlsx,september_generator2016.xlsx,data/raw/eia860m/2026-09-21/september_generator2016.xlsx,2026-09-21,abfc3574b86d28bfa98ae62d080d9b461487fd56a092944b1d7978b127f0dbd8,3713815,200,application/vnd.openxmlformats-officedocument.spreadsheetml.sheet,vintage,"Operating, planned, retired and cancelled tabs; use for vintage realization model."
eia860m_2016_11,eia860m,EIA,"EIA-860M Preliminary Monthly Electric Generator Inventory, November 2016",https://www.eia.gov/electricity/data/eia860m/archive/xls/november_generator2016.xlsx,https://www.eia.gov/electricity/data/eia860m/archive/xls/november_generator2016.xlsx,november_generator2016.xlsx,data/raw/eia860m/2026-09-21/november_generator2016.xlsx,2026-09-21,911a7f8a894613c77f0694739654038aea89fa16c36a2e95aae5b62123228296,3715120,200,application/vnd.openxmlformats-officedocument.spreadsheetml.sheet,vintage,"Operating, planned, retired and cancelled tabs; use for vintage realization model."
eia860m_2016_12,eia860m,EIA,"EIA-860M Preliminary Monthly Electric Generator Inventory, December 2016",https://www.eia.gov/electricity/data/eia860m/archive/xls/december_generator2016.xlsx,https://www.eia.gov/electricity/data/eia860m/archive/xls/december_generator2016.xlsx,december_generator2016.xlsx,data/raw/eia860m/2026-09-21/december_generator2016.xlsx,2026-09-21,d2dda1e0cefb0be955bb39319fa5e237b949bb2f4cf2d086d9792c862b377531,3803842,200,application/vnd.openxmlformats-officedocument.spreadsheetml.sheet,vintage,"Operating, planned, retired and cancelled tabs; use for vintage realization model."
eia860m_2017_02,eia860m,EIA,"EIA-860M Preliminary Monthly Electric Generator Inventory, February 2017",https://www.eia.gov/electricity/data/eia860m/archive/xls/february_generator2017.xlsx,https://www.eia.gov/electricity/data/eia860m/archive/xls/february_generator2017.xlsx,february_generator2017.xlsx,data/raw/eia860m/2026-09-21/february_generator2017.xlsx,2026-09-21,4c6fce9b22da47df36fb2f477450609fe7226c72b4ec0c2cf39327e4437b6123,3832815,200,application/vnd.openxmlformats-officedocument.spreadsheetml.sheet,vintage,"Operating, planned, retired and cancelled tabs; use for vintage realization model."
eia860m_2017_01,eia860m,EIA,"EIA-860M Preliminary Monthly Electric Generator Inventory, January 2017",https://www.eia.gov/electricity/data/eia860m/archive/xls/january_generator2017.xlsx,https://www.eia.gov/electricity/data/eia860m/archive/xls/january_generator2017.xlsx,january_generator2017.xlsx,data/raw/eia860m/2026-09-21/january_generator2017.xlsx,2026-09-21,c08b4bef9ef35bc0d9fc08c4981a210cc5c2956df587dd54a68ffc3336c469df,3804562,200,application/vnd.openxmlformats-officedocument.spreadsheetml.sheet,vintage,"Operating, planned, retired and cancelled tabs; use for vintage realization model."
eia860m_2017_04,eia860m,EIA,"EIA-860M Preliminary Monthly Electric Generator Inventory, April 2017",https://www.eia.gov/electricity/data/eia860m/archive/xls/april_generator2017.xlsx,https://www.eia.gov/electricity/data/eia860m/archive/xls/april_generator2017.xlsx,april_generator2017.xlsx,data/raw/eia860m/2026-09-21/april_generator2017.xlsx,2026-09-21,8fcada3c937906fe42a5f36848268499918b2ab79807ff746a83e752ba99d450,6997666,200,application/vnd.openxmlformats-officedocument.spreadsheetml.sheet,vintage,"Operating, planned, retired and cancelled tabs; use for vintage realization model."
eia860m_2017_03,eia860m,EIA,"EIA-860M Preliminary Monthly Electric Generator Inventory, March 2017",https://www.eia.gov/electricity/data/eia860m/archive/xls/march_generator2017.xlsx,https://www.eia.gov/electricity/data/eia860m/archive/xls/march_generator2017.xlsx,march_generator2017.xlsx,data/raw/eia860m/2026-09-21/march_generator2017.xlsx,2026-09-21,58c932433ed9b04d9c8fa88159419b137ecd607ebb25e779420fe64ec87e3564,6931785,200,application/vnd.openxmlformats-officedocument.spreadsheetml.sheet,vintage,"Operating, planned, retired and cancelled tabs; use for vintage realization model."
eia860m_2017_05,eia860m,EIA,"EIA-860M Preliminary Monthly Electric Generator Inventory, May 2017",https://www.eia.gov/electricity/data/eia860m/archive/xls/may_generator2017.xlsx,https://www.eia.gov/electricity/data/eia860m/archive/xls/may_generator2017.xlsx,may_generator2017.xlsx,data/raw/eia860m/2026-09-21/may_generator2017.xlsx,2026-09-21,486bee064dc6a068c73e04045dbf9e992607b31b12c96951abf29e59017acfd1,7123761,200,application/vnd.openxmlformats-officedocument.spreadsheetml.sheet,vintage,"Operating, planned, retired and cancelled tabs; use for vintage realization model."
eia860m_2017_06,eia860m,EIA,"EIA-860M Preliminary Monthly Electric Generator Inventory, June 2017",https://www.eia.gov/electricity/data/eia860m/archive/xls/june_generator2017.xlsx,https://www.eia.gov/electricity/data/eia860m/archive/xls/june_generator2017.xlsx,june_generator2017.xlsx,data/raw/eia860m/2026-09-21/june_generator2017.xlsx,2026-09-21,dcf6a4a25507844797b7d2811f0b6b612e8efea59af395511028362c18471c4e,7153197,200,application/vnd.openxmlformats-officedocument.spreadsheetml.sheet,vintage,"Operating, planned, retired and cancelled tabs; use for vintage realization model."
eia860m_2017_07,eia860m,EIA,"EIA-860M Preliminary Monthly Electric Generator Inventory, July 2017",https://www.eia.gov/electricity/data/eia860m/archive/xls/july_generator2017.xlsx,https://www.eia.gov/electricity/data/eia860m/archive/xls/july_generator2017.xlsx,july_generator2017.xlsx,data/raw/eia860m/2026-09-21/july_generator2017.xlsx,2026-09-21,4ca000e9aed31d9a109f0e9d040a1cd65d70d5c5d259cf73581b6f3526315a4f,7180129,200,application/vnd.openxmlformats-officedocument.spreadsheetml.sheet,vintage,"Operating, planned, retired and cancelled tabs; use for vintage realization model."
eia860m_2017_08,eia860m,EIA,"EIA-860M Preliminary Monthly Electric Generator Inventory, August 2017",https://www.eia.gov/electricity/data/eia860m/archive/xls/august_generator2017.xlsx,https://www.eia.gov/electricity/data/eia860m/archive/xls/august_generator2017.xlsx,august_generator2017.xlsx,data/raw/eia860m/2026-09-21/august_generator2017.xlsx,2026-09-21,8b1628a7e4da66f435f0a42136514b41706d6d8c756f9790d3f23e77c1477e82,7208332,200,application/vnd.openxmlformats-officedocument.spreadsheetml.sheet,vintage,"Operating, planned, retired and cancelled tabs; use for vintage realization model."
eia860m_2017_09,eia860m,EIA,"EIA-860M Preliminary Monthly Electric Generator Inventory, September 2017",https://www.eia.gov/electricity/data/eia860m/archive/xls/september_generator2017.xlsx,https://www.eia.gov/electricity/data/eia860m/archive/xls/september_generator2017.xlsx,september_generator2017.xlsx,data/raw/eia860m/2026-09-21/september_generator2017.xlsx,2026-09-21,074199606513f4ad747816334670310e355c8cc3540e37b112d131a4da19f88a,7242148,200,application/vnd.openxmlformats-officedocument.spreadsheetml.sheet,vintage,"Operating, planned, retired and cancelled tabs; use for vintage realization model."
eia860m_2017_10,eia860m,EIA,"EIA-860M Preliminary Monthly Electric Generator Inventory, October 2017",https://www.eia.gov/electricity/data/eia860m/archive/xls/october_generator2017.xlsx,https://www.eia.gov/electricity/data/eia860m/archive/xls/october_generator2017.xlsx,october_generator2017.xlsx,data/raw/eia860m/2026-09-21/october_generator2017.xlsx,2026-09-21,ad8623f9a1fb486a0f5984d072410937e4d412ba338a13444780b9a99ca9c094,7254397,200,application/vnd.openxmlformats-officedocument.spreadsheetml.sheet,vintage,"Operating, planned, retired and cancelled tabs; use for vintage realization model."
eia860m_2017_12,eia860m,EIA,"EIA-860M Preliminary Monthly Electric Generator Inventory, December 2017",https://www.eia.gov/electricity/data/eia860m/archive/xls/december_generator2017.xlsx,https://www.eia.gov/electricity/data/eia860m/archive/xls/december_generator2017.xlsx,december_generator2017.xlsx,data/raw/eia860m/2026-09-21/december_generator2017.xlsx,2026-09-21,6633792cccda29ad1c3a933bb5f3d3e75b1ea000fc41d79e6d7511a511e202cc,7302896,200,application/vnd.openxmlformats-officedocument.spreadsheetml.sheet,vintage,"Operating, planned, retired and cancelled tabs; use for vintage realization model."
eia860m_2017_11,eia860m,EIA,"EIA-860M Preliminary Monthly Electric Generator Inventory, November 2017",https://www.eia.gov/electricity/data/eia860m/archive/xls/november_generator2017.xlsx,https://www.eia.gov/electricity/data/eia860m/archive/xls/november_generator2017.xlsx,november_generator2017.xlsx,data/raw/eia860m/2026-09-21/november_generator2017.xlsx,2026-09-21,004793110521938d6edeb9e633dd71a845b742a44c9f67e642901831e2f3e5bc,7269375,200,application/vnd.openxmlformats-officedocument.spreadsheetml.sheet,vintage,"Operating, planned, retired and cancelled tabs; use for vintage realization model."
eia860m_2018_01,eia860m,EIA,"EIA-860M Preliminary Monthly Electric Generator Inventory, January 2018",https://www.eia.gov/electricity/data/eia860m/archive/xls/january_generator2018.xlsx,https://www.eia.gov/electricity/data/eia860m/archive/xls/january_generator2018.xlsx,january_generator2018.xlsx,data/raw/eia860m/2026-09-21/january_generator2018.xlsx,2026-09-21,ef8b11926e123f9804846238d0e9183917f552c89e3efd73e5a08d393a883b06,7323710,200,application/vnd.openxmlformats-officedocument.spreadsheetml.sheet,vintage,"Operating, planned, retired and cancelled tabs; use for vintage realization model."
eia860m_2018_02,eia860m,EIA,"EIA-860M Preliminary Monthly Electric Generator Inventory, February 2018",https://www.eia.gov/electricity/data/eia860m/archive/xls/february_generator2018.xlsx,https://www.eia.gov/electricity/data/eia860m/archive/xls/february_generator2018.xlsx,february_generator2018.xlsx,data/raw/eia860m/2026-09-21/february_generator2018.xlsx,2026-09-21,9ff3ff929085ef812c7091afc555359580dfd77010b8a34390bac4387d2c0c5d,7352686,200,application/vnd.openxmlformats-officedocument.spreadsheetml.sheet,vintage,"Operating, planned, retired and cancelled tabs; use for vintage realization model."
eia860m_2018_03,eia860m,EIA,"EIA-860M Preliminary Monthly Electric Generator Inventory, March 2018",https://www.eia.gov/electricity/data/eia860m/archive/xls/march_generator2018.xlsx,https://www.eia.gov/electricity/data/eia860m/archive/xls/march_generator2018.xlsx,march_generator2018.xlsx,data/raw/eia860m/2026-09-21/march_generator2018.xlsx,2026-09-21,e853415ab14007f5d9c8bb549ba54baa4342c9b1240ef1ad0af8dfe4d52c643a,7408657,200,application/vnd.openxmlformats-officedocument.spreadsheetml.sheet,vintage,"Operating, planned, retired and cancelled tabs; use for vintage realization model."
eia860m_2018_04,eia860m,EIA,"EIA-860M Preliminary Monthly Electric Generator Inventory, April 2018",https://www.eia.gov/electricity/data/eia860m/archive/xls/april_generator2018.xlsx,https://www.eia.gov/electricity/data/eia860m/archive/xls/april_generator2018.xlsx,april_generator2018.xlsx,data/raw/eia860m/2026-09-21/april_generator2018.xlsx,2026-09-21,1c1bfa5fda5963875d58ec794a27fa356773bdc8bbb3e24080037a4e5f054aaa,7426269,200,application/vnd.openxmlformats-officedocument.spreadsheetml.sheet,vintage,"Operating, planned, retired and cancelled tabs; use for vintage realization model."
eia860m_2018_06,eia860m,EIA,"EIA-860M Preliminary Monthly Electric Generator Inventory, June 2018",https://www.eia.gov/electricity/data/eia860m/archive/xls/june_generator2018.xlsx,https://www.eia.gov/electricity/data/eia860m/archive/xls/june_generator2018.xlsx,june_generator2018.xlsx,data/raw/eia860m/2026-09-21/june_generator2018.xlsx,2026-09-21,1dc946e1976890873a95ddb7d9f0edb7ad68b29d527a07c51dbec048d48c55a2,7459114,200,application/vnd.openxmlformats-officedocument.spreadsheetml.sheet,vintage,"Operating, planned, retired and cancelled tabs; use for vintage realization model."
eia860m_2018_05,eia860m,EIA,"EIA-860M Preliminary Monthly Electric Generator Inventory, May 2018",https://www.eia.gov/electricity/data/eia860m/archive/xls/may_generator2018.xlsx,https://www.eia.gov/electricity/data/eia860m/archive/xls/may_generator2018.xlsx,may_generator2018.xlsx,data/raw/eia860m/2026-09-21/may_generator2018.xlsx,2026-09-21,dc76f9be272e599e545705342222df70d399f914f686486eaeb1966316a76e92,7441827,200,application/vnd.openxmlformats-officedocument.spreadsheetml.sheet,vintage,"Operating, planned, retired and cancelled tabs; use for vintage realization model."
eia860m_2018_07,eia860m,EIA,"EIA-860M Preliminary Monthly Electric Generator Inventory, July 2018",https://www.eia.gov/electricity/data/eia860m/archive/xls/july_generator2018.xlsx,https://www.eia.gov/electricity/data/eia860m/archive/xls/july_generator2018.xlsx,july_generator2018.xlsx,data/raw/eia860m/2026-09-21/july_generator2018.xlsx,2026-09-21,3b91352a2da5f1eeb7cc70e1fdcc1adb0af19d024713f75502cfbcb215a2ef5d,7478306,200,application/vnd.openxmlformats-officedocument.spreadsheetml.sheet,vintage,"Operating, planned, retired and cancelled tabs; use for vintage realization model."
eia860m_2018_10,eia860m,EIA,"EIA-860M Preliminary Monthly Electric Generator Inventory, October 2018",https://www.eia.gov/electricity/data/eia860m/archive/xls/october_generator2018.xlsx,https://www.eia.gov/electricity/data/eia860m/archive/xls/october_generator2018.xlsx,october_generator2018.xlsx,data/raw/eia860m/2026-09-21/october_generator2018.xlsx,2026-09-21,d025d4c58823fb84f904be52a537559bf8a572302de677e5bc7d629552741166,7529609,200,application/vnd.openxmlformats-officedocument.spreadsheetml.sheet,vintage,"Operating, planned, retired and cancelled tabs; use for vintage realization model."
eia860m_2018_08,eia860m,EIA,"EIA-860M Preliminary Monthly Electric Generator Inventory, August 2018",https://www.eia.gov/electricity/data/eia860m/archive/xls/august_generator2018.xlsx,https://www.eia.gov/electricity/data/eia860m/archive/xls/august_generator2018.xlsx,august_generator2018.xlsx,data/raw/eia860m/2026-09-21/august_generator2018.xlsx,2026-09-21,1ec84397d1d0408c75a5de802ab308432f00d784ea4d81d773f9fe22da8c3a96,7486618,200,application/vnd.openxmlformats-officedocument.spreadsheetml.sheet,vintage,"Operating, planned, retired and cancelled tabs; use for vintage realization model."
eia860m_2018_09,eia860m,EIA,"EIA-860M Preliminary Monthly Electric Generator Inventory, September 2018",https://www.eia.gov/electricity/data/eia860m/archive/xls/september_generator2018.xlsx,https://www.eia.gov/electricity/data/eia860m/archive/xls/september_generator2018.xlsx,september_generator2018.xlsx,data/raw/eia860m/2026-09-21/september_generator2018.xlsx,2026-09-21,027403048fe43136700fc2f8cdbdd9e847d2aee021e83313bc34392912837cf5,7518843,200,application/vnd.openxmlformats-officedocument.spreadsheetml.sheet,vintage,"Operating, planned, retired and cancelled tabs; use for vintage realization model."
eia860m_2018_12,eia860m,EIA,"EIA-860M Preliminary Monthly Electric Generator Inventory, December 2018",https://www.eia.gov/electricity/data/eia860m/archive/xls/december_generator2018.xlsx,https://www.eia.gov/electricity/data/eia860m/archive/xls/december_generator2018.xlsx,december_generator2018.xlsx,data/raw/eia860m/2026-09-21/december_generator2018.xlsx,2026-09-21,efb04cdaa96323a3f50f91cc4ea98d5aecde55f4e4fcd86078f5454c12a176c1,7634652,200,application/vnd.openxmlformats-officedocument.spreadsheetml.sheet,vintage,"Operating, planned, retired and cancelled tabs; use for vintage realization model."
eia860m_2018_11,eia860m,EIA,"EIA-860M Preliminary Monthly Electric Generator Inventory, November 2018",https://www.eia.gov/electricity/data/eia860m/archive/xls/november_generator2018.xlsx,https://www.eia.gov/electricity/data/eia860m/archive/xls/november_generator2018.xlsx,november_generator2018.xlsx,data/raw/eia860m/2026-09-21/november_generator2018.xlsx,2026-09-21,29bb505405604bf25c76bc1a76ab11434b6a7b7bc22024bc7c1104daa2926b15,7577268,200,application/vnd.openxmlformats-officedocument.spreadsheetml.sheet,vintage,"Operating, planned, retired and cancelled tabs; use for vintage realization model."
eia860m_2019_01,eia860m,EIA,"EIA-860M Preliminary Monthly Electric Generator Inventory, January 2019",https://www.eia.gov/electricity/data/eia860m/archive/xls/january_generator2019.xlsx,https://www.eia.gov/electricity/data/eia860m/archive/xls/january_generator2019.xlsx,january_generator2019.xlsx,data/raw/eia860m/2026-09-21/january_generator2019.xlsx,2026-09-21,6c53cd3496536d3c6b397e8ef4538389581905155191c4ec2558d4cf0b6cb712,7697518,200,application/vnd.openxmlformats-officedocument.spreadsheetml.sheet,vintage,"Operating, planned, retired and cancelled tabs; use for vintage realization model."
eia860m_2019_02,eia860m,EIA,"EIA-860M Preliminary Monthly Electric Generator Inventory, February 2019",https://www.eia.gov/electricity/data/eia860m/archive/xls/february_generator2019.xlsx,https://www.eia.gov/electricity/data/eia860m/archive/xls/february_generator2019.xlsx,february_generator2019.xlsx,data/raw/eia860m/2026-09-21/february_generator2019.xlsx,2026-09-21,d830bcbaf69ed11d42eebc83768082d15b183cade7ad2ae703b83a37857e760c,7729121,200,application/vnd.openxmlformats-officedocument.spreadsheetml.sheet,vintage,"Operating, planned, retired and cancelled tabs; use for vintage realization model."
eia860m_2019_04,eia860m,EIA,"EIA-860M Preliminary Monthly Electric Generator Inventory, April 2019",https://www.eia.gov/electricity/data/eia860m/archive/xls/april_generator2019.xlsx,https://www.eia.gov/electricity/data/eia860m/archive/xls/april_generator2019.xlsx,april_generator2019.xlsx,data/raw/eia860m/2026-09-21/april_generator2019.xlsx,2026-09-21,5c5a84ebe44b085323b19eec079fe8084ba59b2716c101fdcbf894c31ee9b486,7779860,200,application/vnd.openxmlformats-officedocument.spreadsheetml.sheet,vintage,"Operating, planned, retired and cancelled tabs; use for vintage realization model."
eia860m_2019_03,eia860m,EIA,"EIA-860M Preliminary Monthly Electric Generator Inventory, March 2019",https://www.eia.gov/electricity/data/eia860m/archive/xls/march_generator2019.xlsx,https://www.eia.gov/electricity/data/eia860m/archive/xls/march_generator2019.xlsx,march_generator2019.xlsx,data/raw/eia860m/2026-09-21/march_generator2019.xlsx,2026-09-21,3f960a5d64226f1ce2631dd384a49529e41427fa0e22354cd99b154ae9838888,7750286,200,application/vnd.openxmlformats-officedocument.spreadsheetml.sheet,vintage,"Operating, planned, retired and cancelled tabs; use for vintage realization model."
eia860m_2019_06,eia860m,EIA,"EIA-860M Preliminary Monthly Electric Generator Inventory, June 2019",https://www.eia.gov/electricity/data/eia860m/archive/xls/june_generator2019.xlsx,https://www.eia.gov/electricity/data/eia860m/archive/xls/june_generator2019.xlsx,june_generator2019.xlsx,data/raw/eia860m/2026-09-21/june_generator2019.xlsx,2026-09-21,b0c80c494cfec08954336f55580021ff1932f72d2c118a2907b222aa4527c7c2,7855195,200,application/vnd.openxmlformats-officedocument.spreadsheetml.sheet,vintage,"Operating, planned, retired and cancelled tabs; use for vintage realization model."
eia860m_2019_05,eia860m,EIA,"EIA-860M Preliminary Monthly Electric Generator Inventory, May 2019",https://www.eia.gov/electricity/data/eia860m/archive/xls/may_generator2019.xlsx,https://www.eia.gov/electricity/data/eia860m/archive/xls/may_generator2019.xlsx,may_generator2019.xlsx,data/raw/eia860m/2026-09-21/may_generator2019.xlsx,2026-09-21,670882dce97637a8526f4bbb7d1ee83c1532b6825fac06a473eb5e7ac05a7a09,7816364,200,application/vnd.openxmlformats-officedocument.spreadsheetml.sheet,vintage,"Operating, planned, retired and cancelled tabs; use for vintage realization model."
eia860m_2019_07,eia860m,EIA,"EIA-860M Preliminary Monthly Electric Generator Inventory, July 2019",https://www.eia.gov/electricity/data/eia860m/archive/xls/july_generator2019.xlsx,https://www.eia.gov/electricity/data/eia860m/archive/xls/july_generator2019.xlsx,july_generator2019.xlsx,data/raw/eia860m/2026-09-21/july_generator2019.xlsx,2026-09-21,46ab2a980d4d1b38b6c4feb5ea6df7f19b06a0e0dff9376199bc7874392644d7,7864675,200,application/vnd.openxmlformats-officedocument.spreadsheetml.sheet,vintage,"Operating, planned, retired and cancelled tabs; use for vintage realization model."
eia860m_2019_08,eia860m,EIA,"EIA-860M Preliminary Monthly Electric Generator Inventory, August 2019",https://www.eia.gov/electricity/data/eia860m/archive/xls/august_generator2019.xlsx,https://www.eia.gov/electricity/data/eia860m/archive/xls/august_generator2019.xlsx,august_generator2019.xlsx,data/raw/eia860m/2026-09-21/august_generator2019.xlsx,2026-09-21,2db28a5db333b0605ce6715fb97208c0b952805931a775820cc21a66e2614cd0,7908852,200,application/vnd.openxmlformats-officedocument.spreadsheetml.sheet,vintage,"Operating, planned, retired and cancelled tabs; use for vintage realization model."
eia860m_2019_10,eia860m,EIA,"EIA-860M Preliminary Monthly Electric Generator Inventory, October 2019",https://www.eia.gov/electricity/data/eia860m/archive/xls/october_generator2019.xlsx,https://www.eia.gov/electricity/data/eia860m/archive/xls/october_generator2019.xlsx,october_generator2019.xlsx,data/raw/eia860m/2026-09-21/october_generator2019.xlsx,2026-09-21,1d9022f3f3598279fd8a7f6c0f8ffd89a11fe7dfc71f5aeb8f50203d7e220688,7972816,200,application/vnd.openxmlformats-officedocument.spreadsheetml.sheet,vintage,"Operating, planned, retired and cancelled tabs; use for vintage realization model."
eia860m_2019_09,eia860m,EIA,"EIA-860M Preliminary Monthly Electric Generator Inventory, September 2019",https://www.eia.gov/electricity/data/eia860m/archive/xls/september_generator2019.xlsx,https://www.eia.gov/electricity/data/eia860m/archive/xls/september_generator2019.xlsx,september_generator2019.xlsx,data/raw/eia860m/2026-09-21/september_generator2019.xlsx,2026-09-21,7f9c45034de0cddb8dba5dfd4dad55c347a8cb628e1c22b0fbb448e4ca6d62f7,7952691,200,application/vnd.openxmlformats-officedocument.spreadsheetml.sheet,vintage,"Operating, planned, retired and cancelled tabs; use for vintage realization model."
eia930_interchange_2017_jan_jun,eia930,EIA,EIA-930 Hourly Electric Grid Monitor INTERCHANGE 2017 Jan-Jun,https://www.eia.gov/electricity/gridmonitor/sixMonthFiles/EIA930_INTERCHANGE_2017_Jan_Jun.csv,https://www.eia.gov/electricity/gridmonitor/sixMonthFiles/EIA930_INTERCHANGE_2017_Jan_Jun.csv,EIA930_INTERCHANGE_2017_Jan_Jun.csv,data/raw/eia930/2026-09-21/EIA930_INTERCHANGE_2017_Jan_Jun.csv,2026-09-21,b9395c8e33d8ddd8f2087aa615d56a53233f47a5280682cfb672dcf77e9b6694,106333816,200,application/octet-stream,large,"All balancing authorities; filter BA=CISO (and LDWP, BANC, IID, TIDC for the CAL region)."
eia860m_2019_11,eia860m,EIA,"EIA-860M Preliminary Monthly Electric Generator Inventory, November 2019",https://www.eia.gov/electricity/data/eia860m/archive/xls/november_generator2019.xlsx,https://www.eia.gov/electricity/data/eia860m/archive/xls/november_generator2019.xlsx,november_generator2019.xlsx,data/raw/eia860m/2026-09-21/november_generator2019.xlsx,2026-09-21,0cd3578e38a41916e20235d77b6fad41879f0c0cccd21028174789a50631e853,8012602,200,application/vnd.openxmlformats-officedocument.spreadsheetml.sheet,vintage,"Operating, planned, retired and cancelled tabs; use for vintage realization model."
eia860m_2019_12,eia860m,EIA,"EIA-860M Preliminary Monthly Electric Generator Inventory, December 2019",https://www.eia.gov/electricity/data/eia860m/archive/xls/december_generator2019.xlsx,https://www.eia.gov/electricity/data/eia860m/archive/xls/december_generator2019.xlsx,december_generator2019.xlsx,data/raw/eia860m/2026-09-21/december_generator2019.xlsx,2026-09-21,c202eb88b17cd60e3c712f5935312c57b9568da4c30102dd585993030177a3c5,8039316,200,application/vnd.openxmlformats-officedocument.spreadsheetml.sheet,vintage,"Operating, planned, retired and cancelled tabs; use for vintage realization model."
eia860m_2020_01,eia860m,EIA,"EIA-860M Preliminary Monthly Electric Generator Inventory, January 2020",https://www.eia.gov/electricity/data/eia860m/archive/xls/january_generator2020.xlsx,https://www.eia.gov/electricity/data/eia860m/archive/xls/january_generator2020.xlsx,january_generator2020.xlsx,data/raw/eia860m/2026-09-21/january_generator2020.xlsx,2026-09-21,b5f43ed9e0e2ddd77b86565067f28aec41471cff768051e7af196bd3128a1ed5,8090926,200,application/vnd.openxmlformats-officedocument.spreadsheetml.sheet,vintage,"Operating, planned, retired and cancelled tabs; use for vintage realization model."
eia860m_2020_02,eia860m,EIA,"EIA-860M Preliminary Monthly Electric Generator Inventory, February 2020",https://www.eia.gov/electricity/data/eia860m/archive/xls/february_generator2020.xlsx,https://www.eia.gov/electricity/data/eia860m/archive/xls/february_generator2020.xlsx,february_generator2020.xlsx,data/raw/eia860m/2026-09-21/february_generator2020.xlsx,2026-09-21,81e20a6adfbbfe7cfd47cd6187259422fd7d6916a0d5dd5ef14aeb081231b0c0,8127971,200,application/vnd.openxmlformats-officedocument.spreadsheetml.sheet,vintage,"Operating, planned, retired and cancelled tabs; use for vintage realization model."
eia860m_2020_04,eia860m,EIA,"EIA-860M Preliminary Monthly Electric Generator Inventory, April 2020",https://www.eia.gov/electricity/data/eia860m/archive/xls/april_generator2020.xlsx,https://www.eia.gov/electricity/data/eia860m/archive/xls/april_generator2020.xlsx,april_generator2020.xlsx,data/raw/eia860m/2026-09-21/april_generator2020.xlsx,2026-09-21,842db1cc9f8e0a36ea8dd5caf37a9ef0faef985fb34dd3bbd4e43f3426427b21,8203498,200,application/vnd.openxmlformats-officedocument.spreadsheetml.sheet,vintage,"Operating, planned, retired and cancelled tabs; use for vintage realization model."
eia860m_2020_03,eia860m,EIA,"EIA-860M Preliminary Monthly Electric Generator Inventory, March 2020",https://www.eia.gov/electricity/data/eia860m/archive/xls/march_generator2020.xlsx,https://www.eia.gov/electricity/data/eia860m/archive/xls/march_generator2020.xlsx,march_generator2020.xlsx,data/raw/eia860m/2026-09-21/march_generator2020.xlsx,2026-09-21,a4e68a1b750da78dea55322e2fcabac8a16ec9c4ebe071f5e6806ebe64cacdd5,8156755,200,application/vnd.openxmlformats-officedocument.spreadsheetml.sheet,vintage,"Operating, planned, retired and cancelled tabs; use for vintage realization model."
eia860m_2020_05,eia860m,EIA,"EIA-860M Preliminary Monthly Electric Generator Inventory, May 2020",https://www.eia.gov/electricity/data/eia860m/archive/xls/may_generator2020.xlsx,https://www.eia.gov/electricity/data/eia860m/archive/xls/may_generator2020.xlsx,may_generator2020.xlsx,data/raw/eia860m/2026-09-21/may_generator2020.xlsx,2026-09-21,7eaf7799eff98e71dd9875e4cb3de8c50c4b52e9bf77ca2a683196b68b1194f6,8229396,200,application/vnd.openxmlformats-officedocument.spreadsheetml.sheet,vintage,"Operating, planned, retired and cancelled tabs; use for vintage realization model."
eia860m_2020_06,eia860m,EIA,"EIA-860M Preliminary Monthly Electric Generator Inventory, June 2020",https://www.eia.gov/electricity/data/eia860m/archive/xls/june_generator2020.xlsx,https://www.eia.gov/electricity/data/eia860m/archive/xls/june_generator2020.xlsx,june_generator2020.xlsx,data/raw/eia860m/2026-09-21/june_generator2020.xlsx,2026-09-21,97e24d96bef14b9139bbd9d05ac556a5d49418efe51ef8fe536224d8296663a1,8236417,200,application/vnd.openxmlformats-officedocument.spreadsheetml.sheet,vintage,"Operating, planned, retired and cancelled tabs; use for vintage realization model."
eia860m_2020_07,eia860m,EIA,"EIA-860M Preliminary Monthly Electric Generator Inventory, July 2020",https://www.eia.gov/electricity/data/eia860m/archive/xls/july_generator2020.xlsx,https://www.eia.gov/electricity/data/eia860m/archive/xls/july_generator2020.xlsx,july_generator2020.xlsx,data/raw/eia860m/2026-09-21/july_generator2020.xlsx,2026-09-21,f6f1876a7cdf2aef5535d2a49aa9a4b6eab4d084cb2149d0da9b56839186e6d5,8249365,200,application/vnd.openxmlformats-officedocument.spreadsheetml.sheet,vintage,"Operating, planned, retired and cancelled tabs; use for vintage realization model."
eia860m_2020_08,eia860m,EIA,"EIA-860M Preliminary Monthly Electric Generator Inventory, August 2020",https://www.eia.gov/electricity/data/eia860m/archive/xls/august_generator2020.xlsx,https://www.eia.gov/electricity/data/eia860m/archive/xls/august_generator2020.xlsx,august_generator2020.xlsx,data/raw/eia860m/2026-09-21/august_generator2020.xlsx,2026-09-21,92975ffb953dfbf06e7c47532ed6a925211933e99cb49524c843c299ad1b4fcb,8272180,200,application/vnd.openxmlformats-officedocument.spreadsheetml.sheet,vintage,"Operating, planned, retired and cancelled tabs; use for vintage realization model."
eia860m_2020_10,eia860m,EIA,"EIA-860M Preliminary Monthly Electric Generator Inventory, October 2020",https://www.eia.gov/electricity/data/eia860m/archive/xls/october_generator2020.xlsx,https://www.eia.gov/electricity/data/eia860m/archive/xls/october_generator2020.xlsx,october_generator2020.xlsx,data/raw/eia860m/2026-09-21/october_generator2020.xlsx,2026-09-21,26469c9b7a36d6f668c30627b6ff8d5d4857adca7cbd295c71643fb58db33709,8326973,200,application/vnd.openxmlformats-officedocument.spreadsheetml.sheet,vintage,"Operating, planned, retired and cancelled tabs; use for vintage realization model."
eia860m_2020_09,eia860m,EIA,"EIA-860M Preliminary Monthly Electric Generator Inventory, September 2020",https://www.eia.gov/electricity/data/eia860m/archive/xls/september_generator2020.xlsx,https://www.eia.gov/electricity/data/eia860m/archive/xls/september_generator2020.xlsx,september_generator2020.xlsx,data/raw/eia860m/2026-09-21/september_generator2020.xlsx,2026-09-21,db9e49e7b34ab2ae4f0bce85dd19bcd01228e9a1c17ecff6d4ddd67a449be40a,8297530,200,application/vnd.openxmlformats-officedocument.spreadsheetml.sheet,vintage,"Operating, planned, retired and cancelled tabs; use for vintage realization model."
eia860m_2020_11,eia860m,EIA,"EIA-860M Preliminary Monthly Electric Generator Inventory, November 2020",https://www.eia.gov/electricity/data/eia860m/archive/xls/november_generator2020.xlsx,https://www.eia.gov/electricity/data/eia860m/archive/xls/november_generator2020.xlsx,november_generator2020.xlsx,data/raw/eia860m/2026-09-21/november_generator2020.xlsx,2026-09-21,de3e66740907e600462556ccaee81a31e6f510ad75e0ed971854b3aa96ebfa9b,8334082,200,application/vnd.openxmlformats-officedocument.spreadsheetml.sheet,vintage,"Operating, planned, retired and cancelled tabs; use for vintage realization model."
eia860m_2021_01,eia860m,EIA,"EIA-860M Preliminary Monthly Electric Generator Inventory, January 2021",https://www.eia.gov/electricity/data/eia860m/archive/xls/january_generator2021.xlsx,https://www.eia.gov/electricity/data/eia860m/archive/xls/january_generator2021.xlsx,january_generator2021.xlsx,data/raw/eia860m/2026-09-21/january_generator2021.xlsx,2026-09-21,73b7cd55d05f001df5911eacb93cd6c7a9644d91a7730abf60031e5eaba019e3,8411993,200,application/vnd.openxmlformats-officedocument.spreadsheetml.sheet,vintage,"Operating, planned, retired and cancelled tabs; use for vintage realization model."
eia860m_2020_12,eia860m,EIA,"EIA-860M Preliminary Monthly Electric Generator Inventory, December 2020",https://www.eia.gov/electricity/data/eia860m/archive/xls/december_generator2020.xlsx,https://www.eia.gov/electricity/data/eia860m/archive/xls/december_generator2020.xlsx,december_generator2020.xlsx,data/raw/eia860m/2026-09-21/december_generator2020.xlsx,2026-09-21,ce6b97997d25a7d0e1ac94b1881e9c337c849c3fdfb0eace856ab46f8285a13e,8399884,200,application/vnd.openxmlformats-officedocument.spreadsheetml.sheet,vintage,"Operating, planned, retired and cancelled tabs; use for vintage realization model."
eia860m_2021_03,eia860m,EIA,"EIA-860M Preliminary Monthly Electric Generator Inventory, March 2021",https://www.eia.gov/electricity/data/eia860m/archive/xls/march_generator2021.xlsx,https://www.eia.gov/electricity/data/eia860m/archive/xls/march_generator2021.xlsx,march_generator2021.xlsx,data/raw/eia860m/2026-09-21/march_generator2021.xlsx,2026-09-21,b62d1f38f90709f9c510e65d4d617ff61db1aa6aa30f19da904f7ea8dfc4dc18,8474381,200,application/vnd.openxmlformats-officedocument.spreadsheetml.sheet,vintage,"Operating, planned, retired and cancelled tabs; use for vintage realization model."
eia860m_2021_02,eia860m,EIA,"EIA-860M Preliminary Monthly Electric Generator Inventory, February 2021",https://www.eia.gov/electricity/data/eia860m/archive/xls/february_generator2021.xlsx,https://www.eia.gov/electricity/data/eia860m/archive/xls/february_generator2021.xlsx,february_generator2021.xlsx,data/raw/eia860m/2026-09-21/february_generator2021.xlsx,2026-09-21,95bbf3edfa754f72fd96b0f7aa2d59cc8d56748690538adc893fae361b76da4d,8448333,200,application/vnd.openxmlformats-officedocument.spreadsheetml.sheet,vintage,"Operating, planned, retired and cancelled tabs; use for vintage realization model."
eia860m_2021_04,eia860m,EIA,"EIA-860M Preliminary Monthly Electric Generator Inventory, April 2021",https://www.eia.gov/electricity/data/eia860m/archive/xls/april_generator2021.xlsx,https://www.eia.gov/electricity/data/eia860m/archive/xls/april_generator2021.xlsx,april_generator2021.xlsx,data/raw/eia860m/2026-09-21/april_generator2021.xlsx,2026-09-21,dcef34e58ef97348c5349176452735a27b047167b906c833ea6e56278e749266,8524600,200,application/vnd.openxmlformats-officedocument.spreadsheetml.sheet,vintage,"Operating, planned, retired and cancelled tabs; use for vintage realization model."
eia860m_2021_05,eia860m,EIA,"EIA-860M Preliminary Monthly Electric Generator Inventory, May 2021",https://www.eia.gov/electricity/data/eia860m/archive/xls/may_generator2021.xlsx,https://www.eia.gov/electricity/data/eia860m/archive/xls/may_generator2021.xlsx,may_generator2021.xlsx,data/raw/eia860m/2026-09-21/may_generator2021.xlsx,2026-09-21,442672c91dc4a5cbeb710b0f5c724fdef5aba036798e5ee64f428cb3421a2cca,8525159,200,application/vnd.openxmlformats-officedocument.spreadsheetml.sheet,vintage,"Operating, planned, retired and cancelled tabs; use for vintage realization model."
eia860m_2021_07,eia860m,EIA,"EIA-860M Preliminary Monthly Electric Generator Inventory, July 2021",https://www.eia.gov/electricity/data/eia860m/archive/xls/july_generator2021.xlsx,https://www.eia.gov/electricity/data/eia860m/archive/xls/july_generator2021.xlsx,july_generator2021.xlsx,data/raw/eia860m/2026-09-21/july_generator2021.xlsx,2026-09-21,085610d470eef6c71f6e7d66e6e663af2bd8434135bf15285a3f3ecf9727d2c6,8579715,200,application/vnd.openxmlformats-officedocument.spreadsheetml.sheet,vintage,"Operating, planned, retired and cancelled tabs; use for vintage realization model."
eia860m_2021_06,eia860m,EIA,"EIA-860M Preliminary Monthly Electric Generator Inventory, June 2021",https://www.eia.gov/electricity/data/eia860m/archive/xls/june_generator2021.xlsx,https://www.eia.gov/electricity/data/eia860m/archive/xls/june_generator2021.xlsx,june_generator2021.xlsx,data/raw/eia860m/2026-09-21/june_generator2021.xlsx,2026-09-21,039689afa1d658a9766d490b4ead264ad8d4e470b0173f6f4060d0a4ab7cf9f1,8554917,200,application/vnd.openxmlformats-officedocument.spreadsheetml.sheet,vintage,"Operating, planned, retired and cancelled tabs; use for vintage realization model."
eia860m_2021_08,eia860m,EIA,"EIA-860M Preliminary Monthly Electric Generator Inventory, August 2021",https://www.eia.gov/electricity/data/eia860m/archive/xls/august_generator2021.xlsx,https://www.eia.gov/electricity/data/eia860m/archive/xls/august_generator2021.xlsx,august_generator2021.xlsx,data/raw/eia860m/2026-09-21/august_generator2021.xlsx,2026-09-21,a3fe1103dd5f4009ed317651c97617679fcd3615483181059e173a0ecb99f1d6,8591481,200,application/vnd.openxmlformats-officedocument.spreadsheetml.sheet,vintage,"Operating, planned, retired and cancelled tabs; use for vintage realization model."
eia860m_2021_09,eia860m,EIA,"EIA-860M Preliminary Monthly Electric Generator Inventory, September 2021",https://www.eia.gov/electricity/data/eia860m/archive/xls/september_generator2021.xlsx,https://www.eia.gov/electricity/data/eia860m/archive/xls/september_generator2021.xlsx,september_generator2021.xlsx,data/raw/eia860m/2026-09-21/september_generator2021.xlsx,2026-09-21,255699bc1270dff31881a534eb92baa88767a725b206289b2bfca7a4b1edf1ee,8694541,200,application/vnd.openxmlformats-officedocument.spreadsheetml.sheet,vintage,"Operating, planned, retired and cancelled tabs; use for vintage realization model."
eia860m_2021_10,eia860m,EIA,"EIA-860M Preliminary Monthly Electric Generator Inventory, October 2021",https://www.eia.gov/electricity/data/eia860m/archive/xls/october_generator2021.xlsx,https://www.eia.gov/electricity/data/eia860m/archive/xls/october_generator2021.xlsx,october_generator2021.xlsx,data/raw/eia860m/2026-09-21/october_generator2021.xlsx,2026-09-21,adb37cd101725df3bdf35983b2f90c781e7c1790ddd73935af4fe9f22349e85d,8716548,200,application/vnd.openxmlformats-officedocument.spreadsheetml.sheet,vintage,"Operating, planned, retired and cancelled tabs; use for vintage realization model."
eia860m_2021_11,eia860m,EIA,"EIA-860M Preliminary Monthly Electric Generator Inventory, November 2021",https://www.eia.gov/electricity/data/eia860m/archive/xls/november_generator2021.xlsx,https://www.eia.gov/electricity/data/eia860m/archive/xls/november_generator2021.xlsx,november_generator2021.xlsx,data/raw/eia860m/2026-09-21/november_generator2021.xlsx,2026-09-21,73ba128afeaab972489fa7eae5bb0187d9af38cd1fd462b1ab30d719b58edc94,8774420,200,application/vnd.openxmlformats-officedocument.spreadsheetml.sheet,vintage,"Operating, planned, retired and cancelled tabs; use for vintage realization model."
eia860m_2021_12,eia860m,EIA,"EIA-860M Preliminary Monthly Electric Generator Inventory, December 2021",https://www.eia.gov/electricity/data/eia860m/archive/xls/december_generator2021.xlsx,https://www.eia.gov/electricity/data/eia860m/archive/xls/december_generator2021.xlsx,december_generator2021.xlsx,data/raw/eia860m/2026-09-21/december_generator2021.xlsx,2026-09-21,b66eab4a167c493d530d59792930f88e69bb934b88831e9795f0e779bd642698,8786363,200,application/vnd.openxmlformats-officedocument.spreadsheetml.sheet,vintage,"Operating, planned, retired and cancelled tabs; use for vintage realization model."
eia860m_2022_01,eia860m,EIA,"EIA-860M Preliminary Monthly Electric Generator Inventory, January 2022",https://www.eia.gov/electricity/data/eia860m/archive/xls/january_generator2022.xlsx,https://www.eia.gov/electricity/data/eia860m/archive/xls/january_generator2022.xlsx,january_generator2022.xlsx,data/raw/eia860m/2026-09-21/january_generator2022.xlsx,2026-09-21,397111d77b2d264f8561d8ff271b2f681241759ec1a3ea63d69bb716d2e079a4,8837301,200,application/vnd.openxmlformats-officedocument.spreadsheetml.sheet,vintage,"Operating, planned, retired and cancelled tabs; use for vintage realization model."
eia860m_2022_02,eia860m,EIA,"EIA-860M Preliminary Monthly Electric Generator Inventory, February 2022",https://www.eia.gov/electricity/data/eia860m/archive/xls/february_generator2022.xlsx,https://www.eia.gov/electricity/data/eia860m/archive/xls/february_generator2022.xlsx,february_generator2022.xlsx,data/raw/eia860m/2026-09-21/february_generator2022.xlsx,2026-09-21,8ed01c709a66ab763857b0f7edecc05be70a95f530623ac92417d573112d5b88,8860506,200,application/vnd.openxmlformats-officedocument.spreadsheetml.sheet,vintage,"Operating, planned, retired and cancelled tabs; use for vintage realization model."
eia860m_2022_04,eia860m,EIA,"EIA-860M Preliminary Monthly Electric Generator Inventory, April 2022",https://www.eia.gov/electricity/data/eia860m/archive/xls/april_generator2022.xlsx,https://www.eia.gov/electricity/data/eia860m/archive/xls/april_generator2022.xlsx,april_generator2022.xlsx,data/raw/eia860m/2026-09-21/april_generator2022.xlsx,2026-09-21,38c56491c800fa8cb3556ebe31e017e2c8d0d4685ac69db5fc646b46013393f4,9263949,200,application/vnd.openxmlformats-officedocument.spreadsheetml.sheet,vintage,"Operating, planned, retired and cancelled tabs; use for vintage realization model."
eia860m_2022_03,eia860m,EIA,"EIA-860M Preliminary Monthly Electric Generator Inventory, March 2022",https://www.eia.gov/electricity/data/eia860m/archive/xls/march_generator2022.xlsx,https://www.eia.gov/electricity/data/eia860m/archive/xls/march_generator2022.xlsx,march_generator2022.xlsx,data/raw/eia860m/2026-09-21/march_generator2022.xlsx,2026-09-21,15f36a1fb66c0481129db039e61dc60d8d641e0bc200263e6f045a5354f2bf39,8962358,200,application/vnd.openxmlformats-officedocument.spreadsheetml.sheet,vintage,"Operating, planned, retired and cancelled tabs; use for vintage realization model."
eia860m_2022_05,eia860m,EIA,"EIA-860M Preliminary Monthly Electric Generator Inventory, May 2022",https://www.eia.gov/electricity/data/eia860m/archive/xls/may_generator2022.xlsx,https://www.eia.gov/electricity/data/eia860m/archive/xls/may_generator2022.xlsx,may_generator2022.xlsx,data/raw/eia860m/2026-09-21/may_generator2022.xlsx,2026-09-21,0300e0984e66aaf109986318d31ebe561e458b889051e6f870c64b4273c5026b,9208576,200,application/vnd.openxmlformats-officedocument.spreadsheetml.sheet,vintage,"Operating, planned, retired and cancelled tabs; use for vintage realization model."
eia860m_2022_07,eia860m,EIA,"EIA-860M Preliminary Monthly Electric Generator Inventory, July 2022",https://www.eia.gov/electricity/data/eia860m/archive/xls/july_generator2022.xlsx,https://www.eia.gov/electricity/data/eia860m/archive/xls/july_generator2022.xlsx,july_generator2022.xlsx,data/raw/eia860m/2026-09-21/july_generator2022.xlsx,2026-09-21,378f06b25afc9684774c0818f492656df0d9fe978ccbf0bd05507ff66922b72e,9238081,200,application/vnd.openxmlformats-officedocument.spreadsheetml.sheet,vintage,"Operating, planned, retired and cancelled tabs; use for vintage realization model."
eia860m_2022_06,eia860m,EIA,"EIA-860M Preliminary Monthly Electric Generator Inventory, June 2022",https://www.eia.gov/electricity/data/eia860m/archive/xls/june_generator2022.xlsx,https://www.eia.gov/electricity/data/eia860m/archive/xls/june_generator2022.xlsx,june_generator2022.xlsx,data/raw/eia860m/2026-09-21/june_generator2022.xlsx,2026-09-21,18d2403873e970dcd0a01dfb949e7d03f15bc502eff7f11c3549fc721afb1db9,9214420,200,application/vnd.openxmlformats-officedocument.spreadsheetml.sheet,vintage,"Operating, planned, retired and cancelled tabs; use for vintage realization model."
eia860m_2022_09,eia860m,EIA,"EIA-860M Preliminary Monthly Electric Generator Inventory, September 2022",https://www.eia.gov/electricity/data/eia860m/archive/xls/september_generator2022.xlsx,https://www.eia.gov/electricity/data/eia860m/archive/xls/september_generator2022.xlsx,september_generator2022.xlsx,data/raw/eia860m/2026-09-21/september_generator2022.xlsx,2026-09-21,c47fb2845c2bed149873d6e6e168f85bcba1dcc50be7363b4ec991c0450d2294,9288676,200,application/vnd.openxmlformats-officedocument.spreadsheetml.sheet,vintage,"Operating, planned, retired and cancelled tabs; use for vintage realization model."
eia860m_2022_08,eia860m,EIA,"EIA-860M Preliminary Monthly Electric Generator Inventory, August 2022",https://www.eia.gov/electricity/data/eia860m/archive/xls/august_generator2022.xlsx,https://www.eia.gov/electricity/data/eia860m/archive/xls/august_generator2022.xlsx,august_generator2022.xlsx,data/raw/eia860m/2026-09-21/august_generator2022.xlsx,2026-09-21,a99c310bea752f8a5b73519cd6897f0db950cf0717992a3505ec483518c9ec26,9286465,200,application/vnd.openxmlformats-officedocument.spreadsheetml.sheet,vintage,"Operating, planned, retired and cancelled tabs; use for vintage realization model."
eia860m_2022_11,eia860m,EIA,"EIA-860M Preliminary Monthly Electric Generator Inventory, November 2022",https://www.eia.gov/electricity/data/eia860m/archive/xls/november_generator2022.xlsx,https://www.eia.gov/electricity/data/eia860m/archive/xls/november_generator2022.xlsx,november_generator2022.xlsx,data/raw/eia860m/2026-09-21/november_generator2022.xlsx,2026-09-21,a80eef56ee009d5d364fe034fbcdb25664c95b61376a4c6883d8984a62985612,9345071,200,application/vnd.openxmlformats-officedocument.spreadsheetml.sheet,vintage,"Operating, planned, retired and cancelled tabs; use for vintage realization model."
eia860m_2022_10,eia860m,EIA,"EIA-860M Preliminary Monthly Electric Generator Inventory, October 2022",https://www.eia.gov/electricity/data/eia860m/archive/xls/october_generator2022.xlsx,https://www.eia.gov/electricity/data/eia860m/archive/xls/october_generator2022.xlsx,october_generator2022.xlsx,data/raw/eia860m/2026-09-21/october_generator2022.xlsx,2026-09-21,470eda22d0804af722d9cedbb6628a0f21fa10c141923310ff7da173853e3bb5,9381851,200,application/vnd.openxmlformats-officedocument.spreadsheetml.sheet,vintage,"Operating, planned, retired and cancelled tabs; use for vintage realization model."
eia860m_2022_12,eia860m,EIA,"EIA-860M Preliminary Monthly Electric Generator Inventory, December 2022",https://www.eia.gov/electricity/data/eia860m/archive/xls/december_generator2022.xlsx,https://www.eia.gov/electricity/data/eia860m/archive/xls/december_generator2022.xlsx,december_generator2022.xlsx,data/raw/eia860m/2026-09-21/december_generator2022.xlsx,2026-09-21,dfae882d0a5c082c0bf3a8701c87d31eaba7664267f95222b1a7a67eeada6a20,9373381,200,application/vnd.openxmlformats-officedocument.spreadsheetml.sheet,vintage,"Operating, planned, retired and cancelled tabs; use for vintage realization model."
eia860m_2023_01,eia860m,EIA,"EIA-860M Preliminary Monthly Electric Generator Inventory, January 2023",https://www.eia.gov/electricity/data/eia860m/archive/xls/january_generator2023.xlsx,https://www.eia.gov/electricity/data/eia860m/archive/xls/january_generator2023.xlsx,january_generator2023.xlsx,data/raw/eia860m/2026-09-21/january_generator2023.xlsx,2026-09-21,52c173bfbef46d4850355e89a3f786cc4f749f9d2c9c01a73f74c31795ec5ec1,9417676,200,application/vnd.openxmlformats-officedocument.spreadsheetml.sheet,vintage,"Operating, planned, retired and cancelled tabs; use for vintage realization model."
eia860m_2023_03,eia860m,EIA,"EIA-860M Preliminary Monthly Electric Generator Inventory, March 2023",https://www.eia.gov/electricity/data/eia860m/archive/xls/march_generator2023.xlsx,https://www.eia.gov/electricity/data/eia860m/archive/xls/march_generator2023.xlsx,march_generator2023.xlsx,data/raw/eia860m/2026-09-21/march_generator2023.xlsx,2026-09-21,a1698b82a76b2fcda18dd88a1634c4b4871ee6ff4299b1d63382daa361661341,9530125,200,application/vnd.openxmlformats-officedocument.spreadsheetml.sheet,vintage,"Operating, planned, retired and cancelled tabs; use for vintage realization model."
eia860m_2023_05,eia860m,EIA,"EIA-860M Preliminary Monthly Electric Generator Inventory, May 2023",https://www.eia.gov/electricity/data/eia860m/archive/xls/may_generator2023.xlsx,https://www.eia.gov/electricity/data/eia860m/archive/xls/may_generator2023.xlsx,may_generator2023.xlsx,data/raw/eia860m/2026-09-21/may_generator2023.xlsx,2026-09-21,90d1f3a745eb6376941dd58cd64e2dc0f0b823a749ecf2d52922b5a141c7703b,9603817,200,application/vnd.openxmlformats-officedocument.spreadsheetml.sheet,vintage,"Operating, planned, retired and cancelled tabs; use for vintage realization model."
eia860m_2023_07,eia860m,EIA,"EIA-860M Preliminary Monthly Electric Generator Inventory, July 2023",https://www.eia.gov/electricity/data/eia860m/archive/xls/july_generator2023.xlsx,https://www.eia.gov/electricity/data/eia860m/archive/xls/july_generator2023.xlsx,july_generator2023.xlsx,data/raw/eia860m/2026-09-21/july_generator2023.xlsx,2026-09-21,9a7b3f4051f1edb55f4d6508a1b963d2b344d687de6ea464ac538f2929122510,9671474,200,application/vnd.openxmlformats-officedocument.spreadsheetml.sheet,vintage,"Operating, planned, retired and cancelled tabs; use for vintage realization model."
eia860m_2023_02,eia860m,EIA,"EIA-860M Preliminary Monthly Electric Generator Inventory, February 2023",https://www.eia.gov/electricity/data/eia860m/archive/xls/february_generator2023.xlsx,https://www.eia.gov/electricity/data/eia860m/archive/xls/february_generator2023.xlsx,february_generator2023.xlsx,data/raw/eia860m/2026-09-21/february_generator2023.xlsx,2026-09-21,ffb3521afe14448bfc8d3ef3c5b9a2fc88b7305621e8b8789355533b34e2330a,9773010,200,application/vnd.openxmlformats-officedocument.spreadsheetml.sheet,vintage,"Operating, planned, retired and cancelled tabs; use for vintage realization model."
eia860m_2023_04,eia860m,EIA,"EIA-860M Preliminary Monthly Electric Generator Inventory, April 2023",https://www.eia.gov/electricity/data/eia860m/archive/xls/april_generator2023.xlsx,https://www.eia.gov/electricity/data/eia860m/archive/xls/april_generator2023.xlsx,april_generator2023.xlsx,data/raw/eia860m/2026-09-21/april_generator2023.xlsx,2026-09-21,4ce0ff2f4b0fced954fe88e3740a2acc84071c08af235e6f77a43b8c61df98d1,9587862,200,application/vnd.openxmlformats-officedocument.spreadsheetml.sheet,vintage,"Operating, planned, retired and cancelled tabs; use for vintage realization model."
eia860m_2023_06,eia860m,EIA,"EIA-860M Preliminary Monthly Electric Generator Inventory, June 2023",https://www.eia.gov/electricity/data/eia860m/archive/xls/june_generator2023.xlsx,https://www.eia.gov/electricity/data/eia860m/archive/xls/june_generator2023.xlsx,june_generator2023.xlsx,data/raw/eia860m/2026-09-21/june_generator2023.xlsx,2026-09-21,a3ced50d8fff795c56123627a261604624113862b622c72d108c31a6df511e84,9632502,200,application/vnd.openxmlformats-officedocument.spreadsheetml.sheet,vintage,"Operating, planned, retired and cancelled tabs; use for vintage realization model."
eia860m_2023_08,eia860m,EIA,"EIA-860M Preliminary Monthly Electric Generator Inventory, August 2023",https://www.eia.gov/electricity/data/eia860m/archive/xls/august_generator2023.xlsx,https://www.eia.gov/electricity/data/eia860m/archive/xls/august_generator2023.xlsx,august_generator2023.xlsx,data/raw/eia860m/2026-09-21/august_generator2023.xlsx,2026-09-21,175ab422056af3ecec52e140882c511428d3b8704cb71422aa2127803f8c345d,9705749,200,application/vnd.openxmlformats-officedocument.spreadsheetml.sheet,vintage,"Operating, planned, retired and cancelled tabs; use for vintage realization model."
eia930_interchange_2018_jan_jun,eia930,EIA,EIA-930 Hourly Electric Grid Monitor INTERCHANGE 2018 Jan-Jun,https://www.eia.gov/electricity/gridmonitor/sixMonthFiles/EIA930_INTERCHANGE_2018_Jan_Jun.csv,https://www.eia.gov/electricity/gridmonitor/sixMonthFiles/EIA930_INTERCHANGE_2018_Jan_Jun.csv,EIA930_INTERCHANGE_2018_Jan_Jun.csv,data/raw/eia930/2026-09-21/EIA930_INTERCHANGE_2018_Jan_Jun.csv,2026-09-21,1ce3bbc0b9948dcee5143f82414d6528be7ce6c366144d88f9041351a7d2ed6a,106129162,200,application/octet-stream,large,"All balancing authorities; filter BA=CISO (and LDWP, BANC, IID, TIDC for the CAL region)."
eia860m_2023_09,eia860m,EIA,"EIA-860M Preliminary Monthly Electric Generator Inventory, September 2023",https://www.eia.gov/electricity/data/eia860m/archive/xls/september_generator2023.xlsx,https://www.eia.gov/electricity/data/eia860m/archive/xls/september_generator2023.xlsx,september_generator2023.xlsx,data/raw/eia860m/2026-09-21/september_generator2023.xlsx,2026-09-21,97f03360bd5d8d2741d47584eba4b9f004e100a5334c806a30dfd5d6f0891b86,9716365,200,application/vnd.openxmlformats-officedocument.spreadsheetml.sheet,vintage,"Operating, planned, retired and cancelled tabs; use for vintage realization model."
eia860m_2023_11,eia860m,EIA,"EIA-860M Preliminary Monthly Electric Generator Inventory, November 2023",https://www.eia.gov/electricity/data/eia860m/archive/xls/november_generator2023.xlsx,https://www.eia.gov/electricity/data/eia860m/archive/xls/november_generator2023.xlsx,november_generator2023.xlsx,data/raw/eia860m/2026-09-21/november_generator2023.xlsx,2026-09-21,9ef5ddb65c626ec465432182193ae752a65f37908ee23caaef931912833f2797,9751077,200,application/vnd.openxmlformats-officedocument.spreadsheetml.sheet,vintage,"Operating, planned, retired and cancelled tabs; use for vintage realization model."
eia860m_2023_10,eia860m,EIA,"EIA-860M Preliminary Monthly Electric Generator Inventory, October 2023",https://www.eia.gov/electricity/data/eia860m/archive/xls/october_generator2023.xlsx,https://www.eia.gov/electricity/data/eia860m/archive/xls/october_generator2023.xlsx,october_generator2023.xlsx,data/raw/eia860m/2026-09-21/october_generator2023.xlsx,2026-09-21,adeca5591bc57cd398d62c015d2fe023e19231d45a8840ff61eca2063e465bb5,9728212,200,application/vnd.openxmlformats-officedocument.spreadsheetml.sheet,vintage,"Operating, planned, retired and cancelled tabs; use for vintage realization model."
eia860m_2023_12,eia860m,EIA,"EIA-860M Preliminary Monthly Electric Generator Inventory, December 2023",https://www.eia.gov/electricity/data/eia860m/archive/xls/december_generator2023.xlsx,https://www.eia.gov/electricity/data/eia860m/archive/xls/december_generator2023.xlsx,december_generator2023.xlsx,data/raw/eia860m/2026-09-21/december_generator2023.xlsx,2026-09-21,cb23a95036f99ad6f43c756c5c7d050953337149a452291760240abf881ebf00,10097123,200,application/vnd.openxmlformats-officedocument.spreadsheetml.sheet,vintage,"Operating, planned, retired and cancelled tabs; use for vintage realization model."
eia860m_2024_01,eia860m,EIA,"EIA-860M Preliminary Monthly Electric Generator Inventory, January 2024",https://www.eia.gov/electricity/data/eia860m/archive/xls/january_generator2024.xlsx,https://www.eia.gov/electricity/data/eia860m/archive/xls/january_generator2024.xlsx,january_generator2024.xlsx,data/raw/eia860m/2026-09-21/january_generator2024.xlsx,2026-09-21,d8fd6cd287dde8f0cafa4f511d4e2f92583a88ff912b5e03a569b5653958c6a7,9808201,200,application/vnd.openxmlformats-officedocument.spreadsheetml.sheet,vintage,"Operating, planned, retired and cancelled tabs; use for vintage realization model."
eia860m_2024_02,eia860m,EIA,"EIA-860M Preliminary Monthly Electric Generator Inventory, February 2024",https://www.eia.gov/electricity/data/eia860m/archive/xls/february_generator2024.xlsx,https://www.eia.gov/electricity/data/eia860m/archive/xls/february_generator2024.xlsx,february_generator2024.xlsx,data/raw/eia860m/2026-09-21/february_generator2024.xlsx,2026-09-21,0e5ea012b3fe26bcee7b3b5f98f41bd9e8bb6b95df3fe6de7ab06fae18729089,10180100,200,application/vnd.openxmlformats-officedocument.spreadsheetml.sheet,vintage,"Operating, planned, retired and cancelled tabs; use for vintage realization model."
eia860m_2024_03,eia860m,EIA,"EIA-860M Preliminary Monthly Electric Generator Inventory, March 2024",https://www.eia.gov/electricity/data/eia860m/archive/xls/march_generator2024.xlsx,https://www.eia.gov/electricity/data/eia860m/archive/xls/march_generator2024.xlsx,march_generator2024.xlsx,data/raw/eia860m/2026-09-21/march_generator2024.xlsx,2026-09-21,5002bff3d163cbf540f904431c48269005ec6f0880d633cbe969299d7107d3cc,10241064,200,application/vnd.openxmlformats-officedocument.spreadsheetml.sheet,vintage,"Operating, planned, retired and cancelled tabs; use for vintage realization model."
eia860m_2024_04,eia860m,EIA,"EIA-860M Preliminary Monthly Electric Generator Inventory, April 2024",https://www.eia.gov/electricity/data/eia860m/archive/xls/april_generator2024.xlsx,https://www.eia.gov/electricity/data/eia860m/archive/xls/april_generator2024.xlsx,april_generator2024.xlsx,data/raw/eia860m/2026-09-21/april_generator2024.xlsx,2026-09-21,3ffe1e4ecf1c2d8276c37d026a90a6ab59ccefa783fd42dd89f345b09ec12914,9973906,200,application/vnd.openxmlformats-officedocument.spreadsheetml.sheet,vintage,"Operating, planned, retired and cancelled tabs; use for vintage realization model."
eia860m_2024_05,eia860m,EIA,"EIA-860M Preliminary Monthly Electric Generator Inventory, May 2024",https://www.eia.gov/electricity/data/eia860m/archive/xls/may_generator2024.xlsx,https://www.eia.gov/electricity/data/eia860m/archive/xls/may_generator2024.xlsx,may_generator2024.xlsx,data/raw/eia860m/2026-09-21/may_generator2024.xlsx,2026-09-21,8086aaefdff5ddaded7eb4e7dbdccf2907af9949ec9688d9c13d6538f9cfcb83,10339349,200,application/vnd.openxmlformats-officedocument.spreadsheetml.sheet,vintage,"Operating, planned, retired and cancelled tabs; use for vintage realization model."
eia860m_2024_06,eia860m,EIA,"EIA-860M Preliminary Monthly Electric Generator Inventory, June 2024",https://www.eia.gov/electricity/data/eia860m/archive/xls/june_generator2024.xlsx,https://www.eia.gov/electricity/data/eia860m/archive/xls/june_generator2024.xlsx,june_generator2024.xlsx,data/raw/eia860m/2026-09-21/june_generator2024.xlsx,2026-09-21,19fd9395da97d257c40b86fd976d0675088a902e3e6243f10e8dddfd960f5ea1,10055311,200,application/vnd.openxmlformats-officedocument.spreadsheetml.sheet,vintage,"Operating, planned, retired and cancelled tabs; use for vintage realization model."
eia860m_2024_07,eia860m,EIA,"EIA-860M Preliminary Monthly Electric Generator Inventory, July 2024",https://www.eia.gov/electricity/data/eia860m/archive/xls/july_generator2024.xlsx,https://www.eia.gov/electricity/data/eia860m/archive/xls/july_generator2024.xlsx,july_generator2024.xlsx,data/raw/eia860m/2026-09-21/july_generator2024.xlsx,2026-09-21,983796eaa6c40b68ed32a6bea84477c5f31066384e276ad3bf794ccd70315693,10405084,200,application/vnd.openxmlformats-officedocument.spreadsheetml.sheet,vintage,"Operating, planned, retired and cancelled tabs; use for vintage realization model."
eia860m_2024_08,eia860m,EIA,"EIA-860M Preliminary Monthly Electric Generator Inventory, August 2024",https://www.eia.gov/electricity/data/eia860m/archive/xls/august_generator2024.xlsx,https://www.eia.gov/electricity/data/eia860m/archive/xls/august_generator2024.xlsx,august_generator2024.xlsx,data/raw/eia860m/2026-09-21/august_generator2024.xlsx,2026-09-21,e7ae98c0336d6e1e37d18274d945a166dff0a9e48b8e04629e8ae6df4379e70d,12253492,200,application/vnd.openxmlformats-officedocument.spreadsheetml.sheet,vintage,"Operating, planned, retired and cancelled tabs; use for vintage realization model."
eia860m_2024_09,eia860m,EIA,"EIA-860M Preliminary Monthly Electric Generator Inventory, September 2024",https://www.eia.gov/electricity/data/eia860m/archive/xls/september_generator2024.xlsx,https://www.eia.gov/electricity/data/eia860m/archive/xls/september_generator2024.xlsx,september_generator2024.xlsx,data/raw/eia860m/2026-09-21/september_generator2024.xlsx,2026-09-21,b8f123c4b8655ba384b88d4326527541c435ec46257b265c83fa1b5445fe0df9,12282503,200,application/vnd.openxmlformats-officedocument.spreadsheetml.sheet,vintage,"Operating, planned, retired and cancelled tabs; use for vintage realization model."
eia860m_2024_11,eia860m,EIA,"EIA-860M Preliminary Monthly Electric Generator Inventory, November 2024",https://www.eia.gov/electricity/data/eia860m/archive/xls/november_generator2024.xlsx,https://www.eia.gov/electricity/data/eia860m/archive/xls/november_generator2024.xlsx,november_generator2024.xlsx,data/raw/eia860m/2026-09-21/november_generator2024.xlsx,2026-09-21,b0474987ba5d726cc2407be35cbbd52481ea05e95f10fbfee865ce239fe2bbf0,12251506,200,application/vnd.openxmlformats-officedocument.spreadsheetml.sheet,vintage,"Operating, planned, retired and cancelled tabs; use for vintage realization model."
eia860m_2024_10,eia860m,EIA,"EIA-860M Preliminary Monthly Electric Generator Inventory, October 2024",https://www.eia.gov/electricity/data/eia860m/archive/xls/october_generator2024.xlsx,https://www.eia.gov/electricity/data/eia860m/archive/xls/october_generator2024.xlsx,october_generator2024.xlsx,data/raw/eia860m/2026-09-21/october_generator2024.xlsx,2026-09-21,7d8395666633692d765566a376bcb793318fef92de81a16ab5583ad2efe343dc,12360107,200,application/vnd.openxmlformats-officedocument.spreadsheetml.sheet,vintage,"Operating, planned, retired and cancelled tabs; use for vintage realization model."
eia860m_2024_12,eia860m,EIA,"EIA-860M Preliminary Monthly Electric Generator Inventory, December 2024",https://www.eia.gov/electricity/data/eia860m/archive/xls/december_generator2024.xlsx,https://www.eia.gov/electricity/data/eia860m/archive/xls/december_generator2024.xlsx,december_generator2024.xlsx,data/raw/eia860m/2026-09-21/december_generator2024.xlsx,2026-09-21,22c742b72fd7709d4632a92074fa968cc5a728b9c8f0cbc82959b327e0eba8e7,12520937,200,application/vnd.openxmlformats-officedocument.spreadsheetml.sheet,vintage,"Operating, planned, retired and cancelled tabs; use for vintage realization model."
eia860m_2025_01,eia860m,EIA,"EIA-860M Preliminary Monthly Electric Generator Inventory, January 2025",https://www.eia.gov/electricity/data/eia860m/archive/xls/january_generator2025.xlsx,https://www.eia.gov/electricity/data/eia860m/archive/xls/january_generator2025.xlsx,january_generator2025.xlsx,data/raw/eia860m/2026-09-21/january_generator2025.xlsx,2026-09-21,a4648d046ef136582a4aaa957086795329f62c38db7c8e55a548374eb4dcdf0f,12570814,200,application/vnd.openxmlformats-officedocument.spreadsheetml.sheet,vintage,"Operating, planned, retired and cancelled tabs; use for vintage realization model."
eia860m_2025_02,eia860m,EIA,"EIA-860M Preliminary Monthly Electric Generator Inventory, February 2025",https://www.eia.gov/electricity/data/eia860m/archive/xls/february_generator2025.xlsx,https://www.eia.gov/electricity/data/eia860m/archive/xls/february_generator2025.xlsx,february_generator2025.xlsx,data/raw/eia860m/2026-09-21/february_generator2025.xlsx,2026-09-21,7b2582427f34dd9d49aaa93ea8a050ae28b9410f7d170d3e83e880c348e7599c,12635294,200,application/vnd.openxmlformats-officedocument.spreadsheetml.sheet,vintage,"Operating, planned, retired and cancelled tabs; use for vintage realization model."
eia860m_2025_03,eia860m,EIA,"EIA-860M Preliminary Monthly Electric Generator Inventory, March 2025",https://www.eia.gov/electricity/data/eia860m/archive/xls/march_generator2025.xlsx,https://www.eia.gov/electricity/data/eia860m/archive/xls/march_generator2025.xlsx,march_generator2025.xlsx,data/raw/eia860m/2026-09-21/march_generator2025.xlsx,2026-09-21,a43ee0f6351d582e4c32cd9e7abde352483be9c23b4ac9ca9bc9d82762b42f23,12704674,200,application/vnd.openxmlformats-officedocument.spreadsheetml.sheet,vintage,"Operating, planned, retired and cancelled tabs; use for vintage realization model."
eia860m_2025_05,eia860m,EIA,"EIA-860M Preliminary Monthly Electric Generator Inventory, May 2025",https://www.eia.gov/electricity/data/eia860m/archive/xls/may_generator2025.xlsx,https://www.eia.gov/electricity/data/eia860m/archive/xls/may_generator2025.xlsx,may_generator2025.xlsx,data/raw/eia860m/2026-09-21/may_generator2025.xlsx,2026-09-21,2ddd8d4f3025a5bf7dbd38a6e589da6d3e661310d2b5971051c17b598caa6adf,12766036,200,application/vnd.openxmlformats-officedocument.spreadsheetml.sheet,vintage,"Operating, planned, retired and cancelled tabs; use for vintage realization model."
eia860m_2025_04,eia860m,EIA,"EIA-860M Preliminary Monthly Electric Generator Inventory, April 2025",https://www.eia.gov/electricity/data/eia860m/archive/xls/april_generator2025.xlsx,https://www.eia.gov/electricity/data/eia860m/archive/xls/april_generator2025.xlsx,april_generator2025.xlsx,data/raw/eia860m/2026-09-21/april_generator2025.xlsx,2026-09-21,10ef4605c4883bca00ae5e499fff01691c58c1fbd993ba0b52634de4337f5a9b,12743482,200,application/vnd.openxmlformats-officedocument.spreadsheetml.sheet,vintage,"Operating, planned, retired and cancelled tabs; use for vintage realization model."
eia860m_2025_07,eia860m,EIA,"EIA-860M Preliminary Monthly Electric Generator Inventory, July 2025",https://www.eia.gov/electricity/data/eia860m/archive/xls/july_generator2025.xlsx,https://www.eia.gov/electricity/data/eia860m/archive/xls/july_generator2025.xlsx,july_generator2025.xlsx,data/raw/eia860m/2026-09-21/july_generator2025.xlsx,2026-09-21,6c004fd52982e94a9c0180af7076dd5633fab3fc90fa43ee580065c9a2a14056,12824116,200,application/vnd.openxmlformats-officedocument.spreadsheetml.sheet,vintage,"Operating, planned, retired and cancelled tabs; use for vintage realization model."
eia860m_2025_06,eia860m,EIA,"EIA-860M Preliminary Monthly Electric Generator Inventory, June 2025",https://www.eia.gov/electricity/data/eia860m/archive/xls/june_generator2025.xlsx,https://www.eia.gov/electricity/data/eia860m/archive/xls/june_generator2025.xlsx,june_generator2025.xlsx,data/raw/eia860m/2026-09-21/june_generator2025.xlsx,2026-09-21,f4e91810d2cfe8c94c94b6d94bfd524f1a00d7881e870dd1f0d4a833a8e0dbfe,12798251,200,application/vnd.openxmlformats-officedocument.spreadsheetml.sheet,vintage,"Operating, planned, retired and cancelled tabs; use for vintage realization model."
eia860m_2025_08,eia860m,EIA,"EIA-860M Preliminary Monthly Electric Generator Inventory, August 2025",https://www.eia.gov/electricity/data/eia860m/archive/xls/august_generator2025.xlsx,https://www.eia.gov/electricity/data/eia860m/archive/xls/august_generator2025.xlsx,august_generator2025.xlsx,data/raw/eia860m/2026-09-21/august_generator2025.xlsx,2026-09-21,eb15e1fdbc77d01cc1969f7a7f5d98a83d74e536e82d86437073ea2b58d85df2,12841035,200,application/vnd.openxmlformats-officedocument.spreadsheetml.sheet,vintage,"Operating, planned, retired and cancelled tabs; use for vintage realization model."
eia860m_2025_09,eia860m,EIA,"EIA-860M Preliminary Monthly Electric Generator Inventory, September 2025",https://www.eia.gov/electricity/data/eia860m/archive/xls/september_generator2025.xlsx,https://www.eia.gov/electricity/data/eia860m/archive/xls/september_generator2025.xlsx,september_generator2025.xlsx,data/raw/eia860m/2026-09-21/september_generator2025.xlsx,2026-09-21,069de3bee5de7c560297a814a3e90beeb6b5e10642c5c83bf4a49c4ef74da08b,12885889,200,application/vnd.openxmlformats-officedocument.spreadsheetml.sheet,vintage,"Operating, planned, retired and cancelled tabs; use for vintage realization model."
eia860m_2025_11,eia860m,EIA,"EIA-860M Preliminary Monthly Electric Generator Inventory, November 2025",https://www.eia.gov/electricity/data/eia860m/archive/xls/november_generator2025.xlsx,https://www.eia.gov/electricity/data/eia860m/archive/xls/november_generator2025.xlsx,november_generator2025.xlsx,data/raw/eia860m/2026-09-21/november_generator2025.xlsx,2026-09-21,5dc458f278b68504830b048b8728539f104057de100f8eae6ed301d3d603ea12,13335660,200,application/vnd.openxmlformats-officedocument.spreadsheetml.sheet,vintage,"Operating, planned, retired and cancelled tabs; use for vintage realization model."
eia860m_2025_10,eia860m,EIA,"EIA-860M Preliminary Monthly Electric Generator Inventory, October 2025",https://www.eia.gov/electricity/data/eia860m/archive/xls/october_generator2025.xlsx,https://www.eia.gov/electricity/data/eia860m/archive/xls/october_generator2025.xlsx,october_generator2025.xlsx,data/raw/eia860m/2026-09-21/october_generator2025.xlsx,2026-09-21,cf560a5e9f3b4438bf5a1e485e07f6eee50fe16b52e224480c61e7fcb060a308,13303898,200,application/vnd.openxmlformats-officedocument.spreadsheetml.sheet,vintage,"Operating, planned, retired and cancelled tabs; use for vintage realization model."
eia860m_2026_01,eia860m,EIA,"EIA-860M Preliminary Monthly Electric Generator Inventory, January 2026",https://www.eia.gov/electricity/data/eia860m/archive/xls/january_generator2026.xlsx,https://www.eia.gov/electricity/data/eia860m/archive/xls/january_generator2026.xlsx,january_generator2026.xlsx,data/raw/eia860m/2026-09-21/january_generator2026.xlsx,2026-09-21,a02a0262c98e6b4fc8451e3f88c3983c2edd015b1bff2c5174df91e331ae9cf8,13518786,200,application/vnd.openxmlformats-officedocument.spreadsheetml.sheet,vintage,"Operating, planned, retired and cancelled tabs; use for vintage realization model."
eia860m_2025_12,eia860m,EIA,"EIA-860M Preliminary Monthly Electric Generator Inventory, December 2025",https://www.eia.gov/electricity/data/eia860m/archive/xls/december_generator2025.xlsx,https://www.eia.gov/electricity/data/eia860m/archive/xls/december_generator2025.xlsx,december_generator2025.xlsx,data/raw/eia860m/2026-09-21/december_generator2025.xlsx,2026-09-21,1264f1c37cf51ef41319067c4c0915f951535851df93c97d02e2e823e337ea2b,13463993,200,application/vnd.openxmlformats-officedocument.spreadsheetml.sheet,vintage,"Operating, planned, retired and cancelled tabs; use for vintage realization model."
eia860m_2026_02,eia860m,EIA,"EIA-860M Preliminary Monthly Electric Generator Inventory, February 2026",https://www.eia.gov/electricity/data/eia860m/archive/xls/february_generator2026.xlsx,https://www.eia.gov/electricity/data/eia860m/archive/xls/february_generator2026.xlsx,february_generator2026.xlsx,data/raw/eia860m/2026-09-21/february_generator2026.xlsx,2026-09-21,9f76e3a186ba0814ea836a357213bab0ea8e18955d862a92e877dc028af755e8,13468269,200,application/vnd.openxmlformats-officedocument.spreadsheetml.sheet,vintage,"Operating, planned, retired and cancelled tabs; use for vintage realization model."
eia860m_2026_03,eia860m,EIA,"EIA-860M Preliminary Monthly Electric Generator Inventory, March 2026",https://www.eia.gov/electricity/data/eia860m/archive/xls/march_generator2026.xlsx,https://www.eia.gov/electricity/data/eia860m/archive/xls/march_generator2026.xlsx,march_generator2026.xlsx,data/raw/eia860m/2026-09-21/march_generator2026.xlsx,2026-09-21,93f2b2501cd42ba1290136ec04fd616346d974e0dfd6020cd8ec5e532ef7cec6,13696844,200,application/vnd.openxmlformats-officedocument.spreadsheetml.sheet,vintage,"Operating, planned, retired and cancelled tabs; use for vintage realization model."
eia860m_2026_04,eia860m,EIA,"EIA-860M Preliminary Monthly Electric Generator Inventory, April 2026",https://www.eia.gov/electricity/data/eia860m/archive/xls/april_generator2026.xlsx,https://www.eia.gov/electricity/data/eia860m/archive/xls/april_generator2026.xlsx,april_generator2026.xlsx,data/raw/eia860m/2026-09-21/april_generator2026.xlsx,2026-09-21,ec15bae939cc7cf8ee7e3f0dcb9a06d0f91d5fbab3714f0f36ecaeef3bde82b6,13670943,200,application/vnd.openxmlformats-officedocument.spreadsheetml.sheet,vintage,"Operating, planned, retired and cancelled tabs; use for vintage realization model."
eia860m_2026_05,eia860m,EIA,"EIA-860M Preliminary Monthly Electric Generator Inventory, May 2026",https://www.eia.gov/electricity/data/eia860m/archive/xls/may_generator2026.xlsx,https://www.eia.gov/electricity/data/eia860m/archive/xls/may_generator2026.xlsx,may_generator2026.xlsx,data/raw/eia860m/2026-09-21/may_generator2026.xlsx,2026-09-21,46ff71d90723e4dfe766f6fe191160d92ff28cb17d5d5f5a55eeed562067995d,13797847,200,application/vnd.openxmlformats-officedocument.spreadsheetml.sheet,vintage,"Operating, planned, retired and cancelled tabs; use for vintage realization model."
qcew_518210_2015q1,bls_qcew,BLS,"QCEW industry slice NAICS 518210, 2015 Q1 (all areas)",https://data.bls.gov/cew/data/api/2015/1/industry/518210.csv,https://data.bls.gov/cew/data/api/2015/1/industry/518210.csv,qcew_518210_2015q1.csv,data/raw/bls_qcew/2026-09-21/qcew_518210_2015q1.csv,2026-09-21,2c0ab0f6352298c3bba490bacd98ceb442da6c8a5c72f26298ab193248f828a3,284771,200,text/csv,,Filter area_fips 06000 (California) and 06xxx counties.
qcew_518210_2015q2,bls_qcew,BLS,"QCEW industry slice NAICS 518210, 2015 Q2 (all areas)",https://data.bls.gov/cew/data/api/2015/2/industry/518210.csv,https://data.bls.gov/cew/data/api/2015/2/industry/518210.csv,qcew_518210_2015q2.csv,data/raw/bls_qcew/2026-09-21/qcew_518210_2015q2.csv,2026-09-21,68cd8eb665a4d65e2617eb85f1dd486873ed9ef00691ecd53f6dc0ef3603aa1d,284362,200,text/csv,,Filter area_fips 06000 (California) and 06xxx counties.
eia860m_2026_07,eia860m,EIA,"EIA-860M Preliminary Monthly Electric Generator Inventory, July 2026",https://www.eia.gov/electricity/data/eia860m/xls/july_generator2026.xlsx,https://www.eia.gov/electricity/data/eia860m/xls/july_generator2026.xlsx,july_generator2026.xlsx,data/raw/eia860m/2026-09-21/july_generator2026.xlsx,2026-09-21,9f348be6d6609b7e0c49a8c3cf872354a3bd2370051d0d4720246dc81bbe540d,13932124,200,application/vnd.openxmlformats-officedocument.spreadsheetml.sheet,vintage,"Operating, planned, retired and cancelled tabs; use for vintage realization model."
qcew_518210_2015q3,bls_qcew,BLS,"QCEW industry slice NAICS 518210, 2015 Q3 (all areas)",https://data.bls.gov/cew/data/api/2015/3/industry/518210.csv,https://data.bls.gov/cew/data/api/2015/3/industry/518210.csv,qcew_518210_2015q3.csv,data/raw/bls_qcew/2026-09-21/qcew_518210_2015q3.csv,2026-09-21,356eea636066d9d157052550e4938c2028c75577cb86aa1af5009f99b686d2db,284552,200,text/csv,,Filter area_fips 06000 (California) and 06xxx counties.
eia860m_2026_06,eia860m,EIA,"EIA-860M Preliminary Monthly Electric Generator Inventory, June 2026",https://www.eia.gov/electricity/data/eia860m/xls/june_generator2026.xlsx,https://www.eia.gov/electricity/data/eia860m/archive/xls/june_generator2026.xlsx,june_generator2026.xlsx,data/raw/eia860m/2026-09-21/june_generator2026.xlsx,2026-09-21,47d28a1e5599135b619d249971f35f03fef8a5b3062c2d66c436b55e8f8c3072,13860880,200,application/vnd.openxmlformats-officedocument.spreadsheetml.sheet,vintage,"Operating, planned, retired and cancelled tabs; use for vintage realization model."
qcew_518210_2015_annual,bls_qcew,BLS,"QCEW industry slice NAICS 518210, 2015 annual averages (all areas)",https://data.bls.gov/cew/data/api/2015/a/industry/518210.csv,https://data.bls.gov/cew/data/api/2015/a/industry/518210.csv,qcew_518210_2015_annual.csv,data/raw/bls_qcew/2026-09-21/qcew_518210_2015_annual.csv,2026-09-21,a20d5859d002518b28805eecb56f0f4c5bcd5f2d392d828a9ca61d110d430f18,268570,200,text/csv,,
qcew_518210_2015q4,bls_qcew,BLS,"QCEW industry slice NAICS 518210, 2015 Q4 (all areas)",https://data.bls.gov/cew/data/api/2015/4/industry/518210.csv,https://data.bls.gov/cew/data/api/2015/4/industry/518210.csv,qcew_518210_2015q4.csv,data/raw/bls_qcew/2026-09-21/qcew_518210_2015q4.csv,2026-09-21,f6f1815701649be57fae7844315d854b05891dfc53b19f761869459fb286c526,281406,200,text/csv,,Filter area_fips 06000 (California) and 06xxx counties.
qcew_518210_2016q1,bls_qcew,BLS,"QCEW industry slice NAICS 518210, 2016 Q1 (all areas)",https://data.bls.gov/cew/data/api/2016/1/industry/518210.csv,https://data.bls.gov/cew/data/api/2016/1/industry/518210.csv,qcew_518210_2016q1.csv,data/raw/bls_qcew/2026-09-21/qcew_518210_2016q1.csv,2026-09-21,3c90e8b6d02f1f63ac027adfe8c79a97b3ce70ed74bf2779ee3c938dc728d308,286511,200,text/csv,,Filter area_fips 06000 (California) and 06xxx counties.
qcew_518210_2016q2,bls_qcew,BLS,"QCEW industry slice NAICS 518210, 2016 Q2 (all areas)",https://data.bls.gov/cew/data/api/2016/2/industry/518210.csv,https://data.bls.gov/cew/data/api/2016/2/industry/518210.csv,qcew_518210_2016q2.csv,data/raw/bls_qcew/2026-09-21/qcew_518210_2016q2.csv,2026-09-21,d9f11593de63eabd3836ebc77d4883776a3e5daf4067fd6a8c091e0a0b9cf058,285951,200,text/csv,,Filter area_fips 06000 (California) and 06xxx counties.
qcew_area06000_2015_annual,bls_qcew,BLS,"QCEW area slice California (06000), 2015 annual averages (all industries)",https://data.bls.gov/cew/data/api/2015/a/area/06000.csv,https://data.bls.gov/cew/data/api/2015/a/area/06000.csv,qcew_area06000_2015_annual.csv,data/raw/bls_qcew/2026-09-21/qcew_area06000_2015_annual.csv,2026-09-21,1bf2df212fbc54f0084e9e94e03978841dcb5bd1991e5e810c728425fab9c573,601622,200,text/csv,,Denominator for 518210 share of state employment.
qcew_518210_2016q3,bls_qcew,BLS,"QCEW industry slice NAICS 518210, 2016 Q3 (all areas)",https://data.bls.gov/cew/data/api/2016/3/industry/518210.csv,https://data.bls.gov/cew/data/api/2016/3/industry/518210.csv,qcew_518210_2016q3.csv,data/raw/bls_qcew/2026-09-21/qcew_518210_2016q3.csv,2026-09-21,f6b7c77c0a56775e791b2f17712eb3cafcf194967e40528266498eff15bff06a,285551,200,text/csv,,Filter area_fips 06000 (California) and 06xxx counties.
qcew_518210_2016_annual,bls_qcew,BLS,"QCEW industry slice NAICS 518210, 2016 annual averages (all areas)",https://data.bls.gov/cew/data/api/2016/a/industry/518210.csv,https://data.bls.gov/cew/data/api/2016/a/industry/518210.csv,qcew_518210_2016_annual.csv,data/raw/bls_qcew/2026-09-21/qcew_518210_2016_annual.csv,2026-09-21,b6fc7483dba4ab22bdca944e0e160e3d9b6b21b8220824499bbc0d272c2be699,269939,200,text/csv,,
qcew_518210_2016q4,bls_qcew,BLS,"QCEW industry slice NAICS 518210, 2016 Q4 (all areas)",https://data.bls.gov/cew/data/api/2016/4/industry/518210.csv,https://data.bls.gov/cew/data/api/2016/4/industry/518210.csv,qcew_518210_2016q4.csv,data/raw/bls_qcew/2026-09-21/qcew_518210_2016q4.csv,2026-09-21,c340111022dd343ae6c247d7fbba2ffb2d98d3c90ac2e6bf3cba7743eacebc19,282719,200,text/csv,,Filter area_fips 06000 (California) and 06xxx counties.
qcew_area06000_2016_annual,bls_qcew,BLS,"QCEW area slice California (06000), 2016 annual averages (all industries)",https://data.bls.gov/cew/data/api/2016/a/area/06000.csv,https://data.bls.gov/cew/data/api/2016/a/area/06000.csv,qcew_area06000_2016_annual.csv,data/raw/bls_qcew/2026-09-21/qcew_area06000_2016_annual.csv,2026-09-21,76bcee80ed0fecae66f962bc741171be7b6bd2883a0ddaeb19828d93425e7fa1,606770,200,text/csv,,Denominator for 518210 share of state employment.
qcew_518210_2017q1,bls_qcew,BLS,"QCEW industry slice NAICS 518210, 2017 Q1 (all areas)",https://data.bls.gov/cew/data/api/2017/1/industry/518210.csv,https://data.bls.gov/cew/data/api/2017/1/industry/518210.csv,qcew_518210_2017q1.csv,data/raw/bls_qcew/2026-09-21/qcew_518210_2017q1.csv,2026-09-21,483711e2b2f8a8bb33411a5a6d7b77fb61aab73ef6b5d68a42fb7ee10f4e2a76,291228,200,text/csv,,Filter area_fips 06000 (California) and 06xxx counties.
qcew_518210_2017q2,bls_qcew,BLS,"QCEW industry slice NAICS 518210, 2017 Q2 (all areas)",https://data.bls.gov/cew/data/api/2017/2/industry/518210.csv,https://data.bls.gov/cew/data/api/2017/2/industry/518210.csv,qcew_518210_2017q2.csv,data/raw/bls_qcew/2026-09-21/qcew_518210_2017q2.csv,2026-09-21,321d02709ff94a23f12a42f870a24343cb5a7d1a793d5b946ede7633b214250a,290755,200,text/csv,,Filter area_fips 06000 (California) and 06xxx counties.
qcew_518210_2017_annual,bls_qcew,BLS,"QCEW industry slice NAICS 518210, 2017 annual averages (all areas)",https://data.bls.gov/cew/data/api/2017/a/industry/518210.csv,https://data.bls.gov/cew/data/api/2017/a/industry/518210.csv,qcew_518210_2017_annual.csv,data/raw/bls_qcew/2026-09-21/qcew_518210_2017_annual.csv,2026-09-21,b7e3f2887afe40e78d16529eca60288ad8defb36dfe1f9e4c9a2fdbc25edca06,276142,200,text/csv,,
qcew_518210_2017q4,bls_qcew,BLS,"QCEW industry slice NAICS 518210, 2017 Q4 (all areas)",https://data.bls.gov/cew/data/api/2017/4/industry/518210.csv,https://data.bls.gov/cew/data/api/2017/4/industry/518210.csv,qcew_518210_2017q4.csv,data/raw/bls_qcew/2026-09-21/qcew_518210_2017q4.csv,2026-09-21,bf69a04802702e8993ff8220f75f4b2d98918c8d4fb36a1f2b555a692fc57dab,287809,200,text/csv,,Filter area_fips 06000 (California) and 06xxx counties.
qcew_518210_2017q3,bls_qcew,BLS,"QCEW industry slice NAICS 518210, 2017 Q3 (all areas)",https://data.bls.gov/cew/data/api/2017/3/industry/518210.csv,https://data.bls.gov/cew/data/api/2017/3/industry/518210.csv,qcew_518210_2017q3.csv,data/raw/bls_qcew/2026-09-21/qcew_518210_2017q3.csv,2026-09-21,08af7e403c130050ae7f60c5108a40988fdb138a90c358229cd92711a7200d40,291067,200,text/csv,,Filter area_fips 06000 (California) and 06xxx counties.
qcew_area06000_2017_annual,bls_qcew,BLS,"QCEW area slice California (06000), 2017 annual averages (all industries)",https://data.bls.gov/cew/data/api/2017/a/area/06000.csv,https://data.bls.gov/cew/data/api/2017/a/area/06000.csv,qcew_area06000_2017_annual.csv,data/raw/bls_qcew/2026-09-21/qcew_area06000_2017_annual.csv,2026-09-21,2a91865f295a424964b6265b62f5decc7f5c63dcbd6bbbf6d42217b355c5e43c,599234,200,text/csv,,Denominator for 518210 share of state employment.
qcew_518210_2018q1,bls_qcew,BLS,"QCEW industry slice NAICS 518210, 2018 Q1 (all areas)",https://data.bls.gov/cew/data/api/2018/1/industry/518210.csv,https://data.bls.gov/cew/data/api/2018/1/industry/518210.csv,qcew_518210_2018q1.csv,data/raw/bls_qcew/2026-09-21/qcew_518210_2018q1.csv,2026-09-21,60d783d3daea8bdb26c8e684aa02a27c6a102257460e413b5a7084862384ce8d,295736,200,text/csv,,Filter area_fips 06000 (California) and 06xxx counties.
qcew_518210_2018q2,bls_qcew,BLS,"QCEW industry slice NAICS 518210, 2018 Q2 (all areas)",https://data.bls.gov/cew/data/api/2018/2/industry/518210.csv,https://data.bls.gov/cew/data/api/2018/2/industry/518210.csv,qcew_518210_2018q2.csv,data/raw/bls_qcew/2026-09-21/qcew_518210_2018q2.csv,2026-09-21,0af442081ddb87baa92025edcc94c06a177dee69d6db2a722a794cbd12ca7177,294696,200,text/csv,,Filter area_fips 06000 (California) and 06xxx counties.
qcew_518210_2018_annual,bls_qcew,BLS,"QCEW industry slice NAICS 518210, 2018 annual averages (all areas)",https://data.bls.gov/cew/data/api/2018/a/industry/518210.csv,https://data.bls.gov/cew/data/api/2018/a/industry/518210.csv,qcew_518210_2018_annual.csv,data/raw/bls_qcew/2026-09-21/qcew_518210_2018_annual.csv,2026-09-21,9a6a24a0327b4432194997c7280ea001cd671d4c03578ec464d31cb35cecfc2f,279626,200,text/csv,,
qcew_518210_2018q4,bls_qcew,BLS,"QCEW industry slice NAICS 518210, 2018 Q4 (all areas)",https://data.bls.gov/cew/data/api/2018/4/industry/518210.csv,https://data.bls.gov/cew/data/api/2018/4/industry/518210.csv,qcew_518210_2018q4.csv,data/raw/bls_qcew/2026-09-21/qcew_518210_2018q4.csv,2026-09-21,80ab71960d1a29ef1c4ac7040c97af3ecdabf388de7186aed5c6602a51992967,291262,200,text/csv,,Filter area_fips 06000 (California) and 06xxx counties.
qcew_518210_2019q1,bls_qcew,BLS,"QCEW industry slice NAICS 518210, 2019 Q1 (all areas)",https://data.bls.gov/cew/data/api/2019/1/industry/518210.csv,https://data.bls.gov/cew/data/api/2019/1/industry/518210.csv,qcew_518210_2019q1.csv,data/raw/bls_qcew/2026-09-21/qcew_518210_2019q1.csv,2026-09-21,aed8a9fe28631bfe1da343fc2fcd9ecb42598d883e090f3a2e67227fa30bb15c,302491,200,text/csv,,Filter area_fips 06000 (California) and 06xxx counties.
qcew_518210_2018q3,bls_qcew,BLS,"QCEW industry slice NAICS 518210, 2018 Q3 (all areas)",https://data.bls.gov/cew/data/api/2018/3/industry/518210.csv,https://data.bls.gov/cew/data/api/2018/3/industry/518210.csv,qcew_518210_2018q3.csv,data/raw/bls_qcew/2026-09-21/qcew_518210_2018q3.csv,2026-09-21,f25c5310308184926d6b12600abbc0dd989cc5d1ce9bb0f44376a25e000a1bca,295082,200,text/csv,,Filter area_fips 06000 (California) and 06xxx counties.
qcew_518210_2019q2,bls_qcew,BLS,"QCEW industry slice NAICS 518210, 2019 Q2 (all areas)",https://data.bls.gov/cew/data/api/2019/2/industry/518210.csv,https://data.bls.gov/cew/data/api/2019/2/industry/518210.csv,qcew_518210_2019q2.csv,data/raw/bls_qcew/2026-09-21/qcew_518210_2019q2.csv,2026-09-21,0c8af144f573c01a376c7cc8f6d4b06ff982d3ca9347fac1766ca80dce7091c1,302880,200,text/csv,,Filter area_fips 06000 (California) and 06xxx counties.
qcew_area06000_2018_annual,bls_qcew,BLS,"QCEW area slice California (06000), 2018 annual averages (all industries)",https://data.bls.gov/cew/data/api/2018/a/area/06000.csv,https://data.bls.gov/cew/data/api/2018/a/area/06000.csv,qcew_area06000_2018_annual.csv,data/raw/bls_qcew/2026-09-21/qcew_area06000_2018_annual.csv,2026-09-21,407c09376c5a21428352f1383b654e98928a95429bdf708c4a867ad06be69076,600334,200,text/csv,,Denominator for 518210 share of state employment.
qcew_518210_2019q4,bls_qcew,BLS,"QCEW industry slice NAICS 518210, 2019 Q4 (all areas)",https://data.bls.gov/cew/data/api/2019/4/industry/518210.csv,https://data.bls.gov/cew/data/api/2019/4/industry/518210.csv,qcew_518210_2019q4.csv,data/raw/bls_qcew/2026-09-21/qcew_518210_2019q4.csv,2026-09-21,e4978537555dfeb35030f3e9e6c80c66e8d58285fd17984428b12b1927986cd7,298679,200,text/csv,,Filter area_fips 06000 (California) and 06xxx counties.
eia930_interchange_2018_jul_dec,eia930,EIA,EIA-930 Hourly Electric Grid Monitor INTERCHANGE 2018 Jul-Dec,https://www.eia.gov/electricity/gridmonitor/sixMonthFiles/EIA930_INTERCHANGE_2018_Jul_Dec.csv,https://www.eia.gov/electricity/gridmonitor/sixMonthFiles/EIA930_INTERCHANGE_2018_Jul_Dec.csv,EIA930_INTERCHANGE_2018_Jul_Dec.csv,data/raw/eia930/2026-09-21/EIA930_INTERCHANGE_2018_Jul_Dec.csv,2026-09-21,099bdb15aa6941f0e36d5bada9535728fbfd6703685eda576f2573e4d0cc2c97,107690068,200,application/octet-stream,large,"All balancing authorities; filter BA=CISO (and LDWP, BANC, IID, TIDC for the CAL region)."
qcew_518210_2019q3,bls_qcew,BLS,"QCEW industry slice NAICS 518210, 2019 Q3 (all areas)",https://data.bls.gov/cew/data/api/2019/3/industry/518210.csv,https://data.bls.gov/cew/data/api/2019/3/industry/518210.csv,qcew_518210_2019q3.csv,data/raw/bls_qcew/2026-09-21/qcew_518210_2019q3.csv,2026-09-21,2fa524fcecc105d6e5acd5956393d259edb5fc0251065765141cff2d9b5239b7,302874,200,text/csv,,Filter area_fips 06000 (California) and 06xxx counties.
qcew_518210_2019_annual,bls_qcew,BLS,"QCEW industry slice NAICS 518210, 2019 annual averages (all areas)",https://data.bls.gov/cew/data/api/2019/a/industry/518210.csv,https://data.bls.gov/cew/data/api/2019/a/industry/518210.csv,qcew_518210_2019_annual.csv,data/raw/bls_qcew/2026-09-21/qcew_518210_2019_annual.csv,2026-09-21,eb043932a91762354e0546de2c3e76da3444c7d08424ed0dab7cd00ad59a2b25,287004,200,text/csv,,
qcew_area06000_2019_annual,bls_qcew,BLS,"QCEW area slice California (06000), 2019 annual averages (all industries)",https://data.bls.gov/cew/data/api/2019/a/area/06000.csv,https://data.bls.gov/cew/data/api/2019/a/area/06000.csv,qcew_area06000_2019_annual.csv,data/raw/bls_qcew/2026-09-21/qcew_area06000_2019_annual.csv,2026-09-21,463a96fe978660c836c1287d67785fb4b8cc0a6bc4db2cf7a9ec21c8041b56d5,601966,200,text/csv,,Denominator for 518210 share of state employment.
qcew_518210_2020q1,bls_qcew,BLS,"QCEW industry slice NAICS 518210, 2020 Q1 (all areas)",https://data.bls.gov/cew/data/api/2020/1/industry/518210.csv,https://data.bls.gov/cew/data/api/2020/1/industry/518210.csv,qcew_518210_2020q1.csv,data/raw/bls_qcew/2026-09-21/qcew_518210_2020q1.csv,2026-09-21,24d4ff6f7df1745ddb9fec253aa831e2859ba6dea11777b05d5f9c47a58bcc2b,318739,200,text/csv,,Filter area_fips 06000 (California) and 06xxx counties.
qcew_518210_2020q2,bls_qcew,BLS,"QCEW industry slice NAICS 518210, 2020 Q2 (all areas)",https://data.bls.gov/cew/data/api/2020/2/industry/518210.csv,https://data.bls.gov/cew/data/api/2020/2/industry/518210.csv,qcew_518210_2020q2.csv,data/raw/bls_qcew/2026-09-21/qcew_518210_2020q2.csv,2026-09-21,e27839d5adf8b602720843b6a2fbdcc02f79e4d26cf516c4b5d7311ff7e06a0d,319366,200,text/csv,,Filter area_fips 06000 (California) and 06xxx counties.
qcew_518210_2020q3,bls_qcew,BLS,"QCEW industry slice NAICS 518210, 2020 Q3 (all areas)",https://data.bls.gov/cew/data/api/2020/3/industry/518210.csv,https://data.bls.gov/cew/data/api/2020/3/industry/518210.csv,qcew_518210_2020q3.csv,data/raw/bls_qcew/2026-09-21/qcew_518210_2020q3.csv,2026-09-21,76a4c1d309bfe1d9f6647613f92511701431a76e71425952635986a03afdbe5c,319546,200,text/csv,,Filter area_fips 06000 (California) and 06xxx counties.
qcew_518210_2020_annual,bls_qcew,BLS,"QCEW industry slice NAICS 518210, 2020 annual averages (all areas)",https://data.bls.gov/cew/data/api/2020/a/industry/518210.csv,https://data.bls.gov/cew/data/api/2020/a/industry/518210.csv,qcew_518210_2020_annual.csv,data/raw/bls_qcew/2026-09-21/qcew_518210_2020_annual.csv,2026-09-21,f32645eb32f651a469fef233a91f543d19f2be0a25390a3f8891c0a2377cb4fb,303070,200,text/csv,,
qcew_518210_2020q4,bls_qcew,BLS,"QCEW industry slice NAICS 518210, 2020 Q4 (all areas)",https://data.bls.gov/cew/data/api/2020/4/industry/518210.csv,https://data.bls.gov/cew/data/api/2020/4/industry/518210.csv,qcew_518210_2020q4.csv,data/raw/bls_qcew/2026-09-21/qcew_518210_2020q4.csv,2026-09-21,853c67a778e336ac637b2e7ac870cc99265805a9f3a5da5f3f3da15e740afc4f,315966,200,text/csv,,Filter area_fips 06000 (California) and 06xxx counties.
qcew_area06000_2020_annual,bls_qcew,BLS,"QCEW area slice California (06000), 2020 annual averages (all industries)",https://data.bls.gov/cew/data/api/2020/a/area/06000.csv,https://data.bls.gov/cew/data/api/2020/a/area/06000.csv,qcew_area06000_2020_annual.csv,data/raw/bls_qcew/2026-09-21/qcew_area06000_2020_annual.csv,2026-09-21,a43658b5bf77f7e85334bbdd9ce1093d9601bcd9028f760fbb85c59e8f9bee64,609791,200,text/csv,,Denominator for 518210 share of state employment.
qcew_518210_2021q2,bls_qcew,BLS,"QCEW industry slice NAICS 518210, 2021 Q2 (all areas)",https://data.bls.gov/cew/data/api/2021/2/industry/518210.csv,https://data.bls.gov/cew/data/api/2021/2/industry/518210.csv,qcew_518210_2021q2.csv,data/raw/bls_qcew/2026-09-21/qcew_518210_2021q2.csv,2026-09-21,99ab12e9703002e88d11238ed4d0dfc330429d6032b70dc18096d1ec7f55dd36,339441,200,text/csv,,Filter area_fips 06000 (California) and 06xxx counties.
qcew_518210_2021q1,bls_qcew,BLS,"QCEW industry slice NAICS 518210, 2021 Q1 (all areas)",https://data.bls.gov/cew/data/api/2021/1/industry/518210.csv,https://data.bls.gov/cew/data/api/2021/1/industry/518210.csv,qcew_518210_2021q1.csv,data/raw/bls_qcew/2026-09-21/qcew_518210_2021q1.csv,2026-09-21,3cf568b04171844a8604b5a1fe14610e9727a5e504956e186888137f80bcd6d4,339076,200,text/csv,,Filter area_fips 06000 (California) and 06xxx counties.
qcew_518210_2021q3,bls_qcew,BLS,"QCEW industry slice NAICS 518210, 2021 Q3 (all areas)",https://data.bls.gov/cew/data/api/2021/3/industry/518210.csv,https://data.bls.gov/cew/data/api/2021/3/industry/518210.csv,qcew_518210_2021q3.csv,data/raw/bls_qcew/2026-09-21/qcew_518210_2021q3.csv,2026-09-21,27b9821af11d5c1986ff6a44b8449cb7ca39394539b7baeb51c6cef8ca8ae74a,341546,200,text/csv,,Filter area_fips 06000 (California) and 06xxx counties.
qcew_518210_2021q4,bls_qcew,BLS,"QCEW industry slice NAICS 518210, 2021 Q4 (all areas)",https://data.bls.gov/cew/data/api/2021/4/industry/518210.csv,https://data.bls.gov/cew/data/api/2021/4/industry/518210.csv,qcew_518210_2021q4.csv,data/raw/bls_qcew/2026-09-21/qcew_518210_2021q4.csv,2026-09-21,cd6b7b9aad70904a03c142eeec6bf1b4243c9615c1ab9d658569fb31dff1dedf,336506,200,text/csv,,Filter area_fips 06000 (California) and 06xxx counties.
qcew_518210_2021_annual,bls_qcew,BLS,"QCEW industry slice NAICS 518210, 2021 annual averages (all areas)",https://data.bls.gov/cew/data/api/2021/a/industry/518210.csv,https://data.bls.gov/cew/data/api/2021/a/industry/518210.csv,qcew_518210_2021_annual.csv,data/raw/bls_qcew/2026-09-21/qcew_518210_2021_annual.csv,2026-09-21,b5d21a5e44143584ea7c82c054ef3cc498697c46e911a006327cb69fd40054e6,322170,200,text/csv,,
qcew_518210_2022q1,bls_qcew,BLS,"QCEW industry slice NAICS 518210, 2022 Q1 (all areas)",https://data.bls.gov/cew/data/api/2022/1/industry/518210.csv,https://data.bls.gov/cew/data/api/2022/1/industry/518210.csv,qcew_518210_2022q1.csv,data/raw/bls_qcew/2026-09-21/qcew_518210_2022q1.csv,2026-09-21,2a6caec19fe5cd6c764a9048b9eb3b7823b366557cfa9b32351943342e6ae924,364349,200,text/csv,,Filter area_fips 06000 (California) and 06xxx counties.
qcew_area06000_2021_annual,bls_qcew,BLS,"QCEW area slice California (06000), 2021 annual averages (all industries)",https://data.bls.gov/cew/data/api/2021/a/area/06000.csv,https://data.bls.gov/cew/data/api/2021/a/area/06000.csv,qcew_area06000_2021_annual.csv,data/raw/bls_qcew/2026-09-21/qcew_area06000_2021_annual.csv,2026-09-21,40bf5d799654dcecbc7e8c7aff07adca0e3c971b52bc83c38ac61bc8eaa620e6,604710,200,text/csv,,Denominator for 518210 share of state employment.
qcew_518210_2022q2,bls_qcew,BLS,"QCEW industry slice NAICS 518210, 2022 Q2 (all areas)",https://data.bls.gov/cew/data/api/2022/2/industry/518210.csv,https://data.bls.gov/cew/data/api/2022/2/industry/518210.csv,qcew_518210_2022q2.csv,data/raw/bls_qcew/2026-09-21/qcew_518210_2022q2.csv,2026-09-21,01deb13c1f1d943441843af5cb5beb7f0d7b655fe3b958f2ad890d64e59b54c4,363667,200,text/csv,,Filter area_fips 06000 (California) and 06xxx counties.
qcew_518210_2022q3,bls_qcew,BLS,"QCEW industry slice NAICS 518210, 2022 Q3 (all areas)",https://data.bls.gov/cew/data/api/2022/3/industry/518210.csv,https://data.bls.gov/cew/data/api/2022/3/industry/518210.csv,qcew_518210_2022q3.csv,data/raw/bls_qcew/2026-09-21/qcew_518210_2022q3.csv,2026-09-21,11fd76eddb678ec26a365aa1527c3feb6299f7cffd66af305fc4e3d4d255e84d,365824,200,text/csv,,Filter area_fips 06000 (California) and 06xxx counties.
eia930_interchange_2019_jan_jun,eia930,EIA,EIA-930 Hourly Electric Grid Monitor INTERCHANGE 2019 Jan-Jun,https://www.eia.gov/electricity/gridmonitor/sixMonthFiles/EIA930_INTERCHANGE_2019_Jan_Jun.csv,https://www.eia.gov/electricity/gridmonitor/sixMonthFiles/EIA930_INTERCHANGE_2019_Jan_Jun.csv,EIA930_INTERCHANGE_2019_Jan_Jun.csv,data/raw/eia930/2026-09-21/EIA930_INTERCHANGE_2019_Jan_Jun.csv,2026-09-21,f9969abbcb15496d43bda0e7839aaad24418ebee8d82032316f87d83bd7a6cf5,105264288,200,application/octet-stream,large,"All balancing authorities; filter BA=CISO (and LDWP, BANC, IID, TIDC for the CAL region)."
qcew_518210_2022q4,bls_qcew,BLS,"QCEW industry slice NAICS 518210, 2022 Q4 (all areas)",https://data.bls.gov/cew/data/api/2022/4/industry/518210.csv,https://data.bls.gov/cew/data/api/2022/4/industry/518210.csv,qcew_518210_2022q4.csv,data/raw/bls_qcew/2026-09-21/qcew_518210_2022q4.csv,2026-09-21,0dbb8be3ba8db62997a8e05ea6f1b2bb39ce16aa3ae03c5258b90b9f4d1a5420,360989,200,text/csv,,Filter area_fips 06000 (California) and 06xxx counties.
qcew_518210_2022_annual,bls_qcew,BLS,"QCEW industry slice NAICS 518210, 2022 annual averages (all areas)",https://data.bls.gov/cew/data/api/2022/a/industry/518210.csv,https://data.bls.gov/cew/data/api/2022/a/industry/518210.csv,qcew_518210_2022_annual.csv,data/raw/bls_qcew/2026-09-21/qcew_518210_2022_annual.csv,2026-09-21,2f6d14f2d405bfd23ab6ff3413f8e3876fe3d474b1c8fb8ae98aa085dd133dce,347177,200,text/csv,,
qcew_area06000_2022_annual,bls_qcew,BLS,"QCEW area slice California (06000), 2022 annual averages (all industries)",https://data.bls.gov/cew/data/api/2022/a/area/06000.csv,https://data.bls.gov/cew/data/api/2022/a/area/06000.csv,qcew_area06000_2022_annual.csv,data/raw/bls_qcew/2026-09-21/qcew_area06000_2022_annual.csv,2026-09-21,53e5c265f8308d8ce4c6e3949ecc4122ead3a692c56e7401e38e2cdf7d29519f,602823,200,text/csv,,Denominator for 518210 share of state employment.
qcew_518210_2023q1,bls_qcew,BLS,"QCEW industry slice NAICS 518210, 2023 Q1 (all areas)",https://data.bls.gov/cew/data/api/2023/1/industry/518210.csv,https://data.bls.gov/cew/data/api/2023/1/industry/518210.csv,qcew_518210_2023q1.csv,data/raw/bls_qcew/2026-09-21/qcew_518210_2023q1.csv,2026-09-21,8574621a90de8bc2f9bb6d379cf8687a17d89a03177a175e068b6c471166e024,379750,200,text/csv,,Filter area_fips 06000 (California) and 06xxx counties.
qcew_518210_2023q2,bls_qcew,BLS,"QCEW industry slice NAICS 518210, 2023 Q2 (all areas)",https://data.bls.gov/cew/data/api/2023/2/industry/518210.csv,https://data.bls.gov/cew/data/api/2023/2/industry/518210.csv,qcew_518210_2023q2.csv,data/raw/bls_qcew/2026-09-21/qcew_518210_2023q2.csv,2026-09-21,10d77aa940738f44d6d4313f7390a9da95e776c6fc4def132c3c8587112b33e7,380013,200,text/csv,,Filter area_fips 06000 (California) and 06xxx counties.
qcew_518210_2023q3,bls_qcew,BLS,"QCEW industry slice NAICS 518210, 2023 Q3 (all areas)",https://data.bls.gov/cew/data/api/2023/3/industry/518210.csv,https://data.bls.gov/cew/data/api/2023/3/industry/518210.csv,qcew_518210_2023q3.csv,data/raw/bls_qcew/2026-09-21/qcew_518210_2023q3.csv,2026-09-21,27210944dd2c15250668e1e30c3ada87ab3036265ddf991e88812ed42e3c6233,381576,200,text/csv,,Filter area_fips 06000 (California) and 06xxx counties.
qcew_518210_2023q4,bls_qcew,BLS,"QCEW industry slice NAICS 518210, 2023 Q4 (all areas)",https://data.bls.gov/cew/data/api/2023/4/industry/518210.csv,https://data.bls.gov/cew/data/api/2023/4/industry/518210.csv,qcew_518210_2023q4.csv,data/raw/bls_qcew/2026-09-21/qcew_518210_2023q4.csv,2026-09-21,8490f36aeb0ad65eb68b6745cb8069e46441b3fc2f1ed648c14fc29d7e254ea7,376942,200,text/csv,,Filter area_fips 06000 (California) and 06xxx counties.
qcew_518210_2023_annual,bls_qcew,BLS,"QCEW industry slice NAICS 518210, 2023 annual averages (all areas)",https://data.bls.gov/cew/data/api/2023/a/industry/518210.csv,https://data.bls.gov/cew/data/api/2023/a/industry/518210.csv,qcew_518210_2023_annual.csv,data/raw/bls_qcew/2026-09-21/qcew_518210_2023_annual.csv,2026-09-21,628f9d688e1e7faebd5382dbe7f37b4fe83743271046a0624bc42018ca7fd1af,361958,200,text/csv,,
qcew_518210_2024q1,bls_qcew,BLS,"QCEW industry slice NAICS 518210, 2024 Q1 (all areas)",https://data.bls.gov/cew/data/api/2024/1/industry/518210.csv,https://data.bls.gov/cew/data/api/2024/1/industry/518210.csv,qcew_518210_2024q1.csv,data/raw/bls_qcew/2026-09-21/qcew_518210_2024q1.csv,2026-09-21,1c4edbf788c214ac4544ca7b588890c5f2e6d588d69e15e6e01abbd61e0a901d,382363,200,text/csv,,Filter area_fips 06000 (California) and 06xxx counties.
qcew_area06000_2023_annual,bls_qcew,BLS,"QCEW area slice California (06000), 2023 annual averages (all industries)",https://data.bls.gov/cew/data/api/2023/a/area/06000.csv,https://data.bls.gov/cew/data/api/2023/a/area/06000.csv,qcew_area06000_2023_annual.csv,data/raw/bls_qcew/2026-09-21/qcew_area06000_2023_annual.csv,2026-09-21,e14d4302b001bd1962947da82a353221754637463d886d4230960b5817741b12,625212,200,text/csv,,Denominator for 518210 share of state employment.
qcew_518210_2024q2,bls_qcew,BLS,"QCEW industry slice NAICS 518210, 2024 Q2 (all areas)",https://data.bls.gov/cew/data/api/2024/2/industry/518210.csv,https://data.bls.gov/cew/data/api/2024/2/industry/518210.csv,qcew_518210_2024q2.csv,data/raw/bls_qcew/2026-09-21/qcew_518210_2024q2.csv,2026-09-21,c03124acb9001f47ce984a6ab5afa2943ec5685fd076dc6400d90bffb92d7c94,381246,200,text/csv,,Filter area_fips 06000 (California) and 06xxx counties.
qcew_518210_2024q3,bls_qcew,BLS,"QCEW industry slice NAICS 518210, 2024 Q3 (all areas)",https://data.bls.gov/cew/data/api/2024/3/industry/518210.csv,https://data.bls.gov/cew/data/api/2024/3/industry/518210.csv,qcew_518210_2024q3.csv,data/raw/bls_qcew/2026-09-21/qcew_518210_2024q3.csv,2026-09-21,b9cab0a02043858b4321ac80c3b113c1dc708504e968eb492ad45b9a0e35f2ec,381732,200,text/csv,,Filter area_fips 06000 (California) and 06xxx counties.
qcew_518210_2024q4,bls_qcew,BLS,"QCEW industry slice NAICS 518210, 2024 Q4 (all areas)",https://data.bls.gov/cew/data/api/2024/4/industry/518210.csv,https://data.bls.gov/cew/data/api/2024/4/industry/518210.csv,qcew_518210_2024q4.csv,data/raw/bls_qcew/2026-09-21/qcew_518210_2024q4.csv,2026-09-21,86df61303c1d0be4d346478e377911de0270c4da713f7b47e2be411ed5675922,377280,200,text/csv,,Filter area_fips 06000 (California) and 06xxx counties.
qcew_518210_2024_annual,bls_qcew,BLS,"QCEW industry slice NAICS 518210, 2024 annual averages (all areas)",https://data.bls.gov/cew/data/api/2024/a/industry/518210.csv,https://data.bls.gov/cew/data/api/2024/a/industry/518210.csv,qcew_518210_2024_annual.csv,data/raw/bls_qcew/2026-09-21/qcew_518210_2024_annual.csv,2026-09-21,847b0e11e778dff55be07665b35e3d21fc06109a8dc982761cf366928ff5fb1e,355053,200,text/csv,,
qcew_518210_2025q1,bls_qcew,BLS,"QCEW industry slice NAICS 518210, 2025 Q1 (all areas)",https://data.bls.gov/cew/data/api/2025/1/industry/518210.csv,https://data.bls.gov/cew/data/api/2025/1/industry/518210.csv,qcew_518210_2025q1.csv,data/raw/bls_qcew/2026-09-21/qcew_518210_2025q1.csv,2026-09-21,a96cb70eb69862d27b1fbb09ae40e720572e0e55c11aee21101097fddcecbc08,383827,200,text/csv,,Filter area_fips 06000 (California) and 06xxx counties.
qcew_518210_2025q2,bls_qcew,BLS,"QCEW industry slice NAICS 518210, 2025 Q2 (all areas)",https://data.bls.gov/cew/data/api/2025/2/industry/518210.csv,https://data.bls.gov/cew/data/api/2025/2/industry/518210.csv,qcew_518210_2025q2.csv,data/raw/bls_qcew/2026-09-21/qcew_518210_2025q2.csv,2026-09-21,5f28ac8522526e14d5cdc88b8a5e2175327593e28877b3653bff38ea33fb8aae,380703,200,text/csv,,Filter area_fips 06000 (California) and 06xxx counties.
qcew_area06000_2024_annual,bls_qcew,BLS,"QCEW area slice California (06000), 2024 annual averages (all industries)",https://data.bls.gov/cew/data/api/2024/a/area/06000.csv,https://data.bls.gov/cew/data/api/2024/a/area/06000.csv,qcew_area06000_2024_annual.csv,data/raw/bls_qcew/2026-09-21/qcew_area06000_2024_annual.csv,2026-09-21,541063c9a324eea82ac1b4df87c48ceaaf518ec3c34f179fa788c23f51ae43de,623115,200,text/csv,,Denominator for 518210 share of state employment.
qcew_518210_2025q3,bls_qcew,BLS,"QCEW industry slice NAICS 518210, 2025 Q3 (all areas)",https://data.bls.gov/cew/data/api/2025/3/industry/518210.csv,https://data.bls.gov/cew/data/api/2025/3/industry/518210.csv,qcew_518210_2025q3.csv,data/raw/bls_qcew/2026-09-21/qcew_518210_2025q3.csv,2026-09-21,e13857769f6fe0377458289c413cd71319669cd2a438e2044d0565a920f4913e,370195,200,text/csv,,Filter area_fips 06000 (California) and 06xxx counties.
qcew_518210_2025_annual,bls_qcew,BLS,"QCEW industry slice NAICS 518210, 2025 annual averages (all areas)",https://data.bls.gov/cew/data/api/2025/a/industry/518210.csv,https://data.bls.gov/cew/data/api/2025/a/industry/518210.csv,qcew_518210_2025_annual.csv,data/raw/bls_qcew/2026-09-21/qcew_518210_2025_annual.csv,2026-09-21,c0d43a0b277179bf8a2b6fb41a5aaaecc749fbec8173903473d754fe8bd0a082,299257,200,text/csv,,
qcew_518210_2025q4,bls_qcew,BLS,"QCEW industry slice NAICS 518210, 2025 Q4 (all areas)",https://data.bls.gov/cew/data/api/2025/4/industry/518210.csv,https://data.bls.gov/cew/data/api/2025/4/industry/518210.csv,qcew_518210_2025q4.csv,data/raw/bls_qcew/2026-09-21/qcew_518210_2025q4.csv,2026-09-21,7280a7c81b8114c3f24296a59452dea8cb2672b2a402d680cd08f72ee3950306,370194,200,text/csv,,Filter area_fips 06000 (California) and 06xxx counties.
cec_tn267165,cec_iepr_docket,CEC,CEC docket 25-IEPR-03 TN 267165: 2025 IEPR Preliminary Data Center Forecast presentation (Nov 12 2025 docketing of Oct 30 workshop deck),https://efiling.energy.ca.gov/GetDocument.aspx?tn=267165,https://efiling.energy.ca.gov/GetDocument.aspx?tn=267165,cec_tn267165__TN267165_20251112T111030_Presentation_-_2025_IEPR_Preliminary_Data_Center_Foreca,data/raw/cec_iepr_docket/2026-09-21/cec_tn267165__TN267165_20251112T111030_Presentation_-_2025_IEPR_Preliminary_Data_Center_Foreca,2026-09-21,1d0b716b58a6d111f0c35c7cd865daa5c14271f7c8ffeeacf34564664f92b937,739295,200,application/pdf,,File type resolved from Content-Disposition at download.
cec_tn267170,cec_iepr_docket,CEC,CEC docket 25-IEPR-03 TN 267170: Draft Impacts of Known Loads for the 2025 IEPR Demand Forecast presentation,https://efiling.energy.ca.gov/GetDocument.aspx?tn=267170,https://efiling.energy.ca.gov/GetDocument.aspx?tn=267170,cec_tn267170__TN267170_20251112T111027_Presentation_-_Draft_Impacts_of_Known_Loads_for_the_202,data/raw/cec_iepr_docket/2026-09-21/cec_tn267170__TN267170_20251112T111027_Presentation_-_Draft_Impacts_of_Known_Loads_for_the_202,2026-09-21,ca6b6295c723bca0cbee245948464ae3857afeaa4028a403d4792a1abd25e84a,995031,200,application/pdf,,File type resolved from Content-Disposition at download.
qcew_518210_2026q1,bls_qcew,BLS,"QCEW industry slice NAICS 518210, 2026 Q1 (all areas)",https://data.bls.gov/cew/data/api/2026/1/industry/518210.csv,https://data.bls.gov/cew/data/api/2026/1/industry/518210.csv,qcew_518210_2026q1.csv,data/raw/bls_qcew/2026-09-21/qcew_518210_2026q1.csv,2026-09-21,4af819635522603f2a85d36281ed8b97587f5868812bdf72e6e0052f0c13878c,321295,200,text/csv,,Filter area_fips 06000 (California) and 06xxx counties.
cec_tn261964,cec_iepr_docket,CEC,"CEC docket 25-IEPR-03 TN 261964: PG&E Data Center Pipeline presentation, Feb 26 2025 IEPR workshop",https://efiling.energy.ca.gov/GetDocument.aspx?tn=261964,https://efiling.energy.ca.gov/GetDocument.aspx?tn=261964,cec_tn261964__TN261964_20250225T105332_Presentation_-_PG_E_Data_Center_Pipeline.pdf,data/raw/cec_iepr_docket/2026-09-21/cec_tn261964__TN261964_20250225T105332_Presentation_-_PG_E_Data_Center_Pipeline.pdf,2026-09-21,79e0920055c89406bb22bc6464d5c7ef42f207a6cc5aa0cbd172b1c112ff2081,590972,200,application/pdf,,File type resolved from Content-Disposition at download.
cec_tn265229,cec_iepr_docket,CEC,CEC docket 25-IEPR-03 TN 265229: Incorporating New Load Energization Requests to Utilities presentation (Aug 2025),https://efiling.energy.ca.gov/GetDocument.aspx?tn=265229,https://efiling.energy.ca.gov/GetDocument.aspx?tn=265229,cec_tn265229__TN265229_20250805T080440_Presentation_-_Incorporating_New_Load_Energization_Requ,data/raw/cec_iepr_docket/2026-09-21/cec_tn265229__TN265229_20250805T080440_Presentation_-_Incorporating_New_Load_Energization_Requ,2026-09-21,20cd8e98e2748686ca98670e00fba51fe57edc6b8ef1819fb5b78924c76ae23d,1044030,200,application/pdf,,File type resolved from Content-Disposition at download.
qcew_area06000_2025_annual,bls_qcew,BLS,"QCEW area slice California (06000), 2025 annual averages (all industries)",https://data.bls.gov/cew/data/api/2025/a/area/06000.csv,https://data.bls.gov/cew/data/api/2025/a/area/06000.csv,qcew_area06000_2025_annual.csv,data/raw/bls_qcew/2026-09-21/qcew_area06000_2025_annual.csv,2026-09-21,97d54b29584e5b191b67942c7692d3fb85b60eef76c6b089dba223ab3761003c,624848,200,text/csv,,Denominator for 518210 share of state employment.
cec_tn268459,cec_iepr_docket,CEC,CEC docket 25-IEPR-03 TN 268459: SCE IEPR25 Data Center Database PUBLIC 2026-01-29,https://efiling.energy.ca.gov/GetDocument.aspx?tn=268459,https://efiling.energy.ca.gov/GetDocument.aspx?tn=268459,cec_tn268459__TN268459_20260203T161728_SCE_IEPR25_Data_Center_Database_PUBLIC_20260129xlsx.xls,data/raw/cec_iepr_docket/2026-09-21/cec_tn268459__TN268459_20260203T161728_SCE_IEPR25_Data_Center_Database_PUBLIC_20260129xlsx.xls,2026-09-21,510bffd2b60aadfda29bff96b2b4e5bd52a5231515ca73c5af2345bb76fad6e2,34580,200,application/vnd.openxmlformats-officedocument.spreadsheetml.sheet,,File type resolved from Content-Disposition at download.
cec_tn261975,cec_iepr_docket,CEC,"CEC docket 25-IEPR-03 TN 261975: SCE Data Center Forecast presentation (updated), Feb 26 2025 IEPR workshop",https://efiling.energy.ca.gov/GetDocument.aspx?tn=261975,https://efiling.energy.ca.gov/GetDocument.aspx?tn=261975,cec_tn261975__TN261975_20250225T162656_Presentation_-_SCE_Data_Center_Forecast.pdf,data/raw/cec_iepr_docket/2026-09-21/cec_tn261975__TN261975_20250225T162656_Presentation_-_SCE_Data_Center_Forecast.pdf,2026-09-21,b7b0b1e8e26b84db7f79703670aa278d1f5e83953a0be48f4cfb4dec2ffa08ce,624679,200,application/pdf,,File type resolved from Content-Disposition at download.
cec_tn266008,cec_iepr_docket,CEC,CEC docket 25-IEPR-03 TN 266008: SCE IEPR25 Data Center Database PUBLIC 2025-08-29,https://efiling.energy.ca.gov/GetDocument.aspx?tn=266008,https://efiling.energy.ca.gov/GetDocument.aspx?tn=266008,cec_tn266008__TN266008_20250912T164639_SCE_IEPR25_Data_Center_Database_PUBLIC_20250829.xlsx,data/raw/cec_iepr_docket/2026-09-21/cec_tn266008__TN266008_20250912T164639_SCE_IEPR25_Data_Center_Database_PUBLIC_20250829.xlsx,2026-09-21,7ca6289050a6e4c7ad6666a6a196af2585d476833952b18c5d140f723f7755a8,29254,200,application/vnd.openxmlformats-officedocument.spreadsheetml.sheet,,File type resolved from Content-Disposition at download.
cec_tn268824,cec_iepr_docket,CEC,CEC docket 25-IEPR-03 TN 268824: CED 2025 Planning Forecast Form 1.1c Data Center Allocations (final),https://efiling.energy.ca.gov/GetDocument.aspx?tn=268824,https://efiling.energy.ca.gov/GetDocument.aspx?tn=268824,cec_tn268824__TN268824_20260226T120835_CED_2025_Planning_Forecast_Form_11c_Data_Center_Allocat,data/raw/cec_iepr_docket/2026-09-21/cec_tn268824__TN268824_20260226T120835_CED_2025_Planning_Forecast_Form_11c_Data_Center_Allocat,2026-09-21,aa1720541d2ea08f5beeda8e7de7aed50269aee24ca9be9d32c4b17ee4cfb1c2,42460,200,application/vnd.openxmlformats-officedocument.spreadsheetml.sheet,,File type resolved from Content-Disposition at download.
cec_tn261965,cec_iepr_docket,CEC,"CEC docket 25-IEPR-03 TN 261965: EPRI AI and Data Center Growth presentation, Feb 26 2025 IEPR workshop",https://efiling.energy.ca.gov/GetDocument.aspx?tn=261965,https://efiling.energy.ca.gov/GetDocument.aspx?tn=261965,cec_tn261965__TN261965_20250225T105528_Presentation_-_AI_Data_Center_Growth.pdf,data/raw/cec_iepr_docket/2026-09-21/cec_tn261965__TN261965_20250225T105528_Presentation_-_AI_Data_Center_Growth.pdf,2026-09-21,adc300975cb3803f192617a9f96510b402b36154e167ef83f615b345756c04d0,1179748,200,application/pdf,,File type resolved from Content-Disposition at download.
cec_tn268504,cec_iepr_docket,CEC,CEC docket 25-IEPR-03 TN 268504: Draft CED 2025 Form 1.1c Data Center Allocations,https://efiling.energy.ca.gov/GetDocument.aspx?tn=268504,https://efiling.energy.ca.gov/GetDocument.aspx?tn=268504,cec_tn268504__TN268504_20260206T113846_Draft_CED_2025_Form_11c_Data_Center_Allocations.xlsx,data/raw/cec_iepr_docket/2026-09-21/cec_tn268504__TN268504_20260206T113846_Draft_CED_2025_Form_11c_Data_Center_Allocations.xlsx,2026-09-21,cfbce1317a669d638eca0aa6c62985087362f96b8fe784a9f510d7cd34ab6402,63310,200,application/vnd.openxmlformats-officedocument.spreadsheetml.sheet,,File type resolved from Content-Disposition at download.
cec_tn268659,cec_iepr_docket,CEC,CEC docket 25-IEPR-03 TN 268659: Draft CED 2024 Planning Forecast LSE BAA Tables and Data Center Allocations,https://efiling.energy.ca.gov/GetDocument.aspx?tn=268659,https://efiling.energy.ca.gov/GetDocument.aspx?tn=268659,cec_tn268659__TN268659_20260217T113634_Draft_CED_2024_Planning_Forecast_LSE_BAA_Tables_and_Dat,data/raw/cec_iepr_docket/2026-09-21/cec_tn268659__TN268659_20260217T113634_Draft_CED_2024_Planning_Forecast_LSE_BAA_Tables_and_Dat,2026-09-21,edb32564deffd02a53f9a8498c5c13858d1f0ad27da25e2fc415c8c8b2cdfadb,203551,200,application/vnd.openxmlformats-officedocument.spreadsheetml.sheet,,File type resolved from Content-Disposition at download.
cec_tn265852,cec_iepr_docket,CEC,"CEC docket 25-IEPR-03 TN 265852: PG&E Data Center Request for Confidentiality, Aug 2025",https://efiling.energy.ca.gov/GetDocument.aspx?tn=265852,https://efiling.energy.ca.gov/GetDocument.aspx?tn=265852,cec_tn265852__TN265852_20250902T135439_August_2025_-_Data_Center_PGE_Request_for_Confidentiali,data/raw/cec_iepr_docket/2026-09-21/cec_tn265852__TN265852_20250902T135439_August_2025_-_Data_Center_PGE_Request_for_Confidentiali,2026-09-21,f432ddbc17b260dd3b011d24e1922bf6429293d76648f151fdeda9b4f6f3f3b4,464490,200,application/pdf,,File type resolved from Content-Disposition at download.
cec_tn267083,cec_iepr_docket,CEC,"CEC docket 25-IEPR-03 TN 267083: PG&E Non Data Center Large Load Request for Confidentiality, Nov 2025",https://efiling.energy.ca.gov/GetDocument.aspx?tn=267083,https://efiling.energy.ca.gov/GetDocument.aspx?tn=267083,cec_tn267083__TN267083_20251107T112828_November_2025_-_Non_Data_Center_Large_Load_PGE_Request_,data/raw/cec_iepr_docket/2026-09-21/cec_tn267083__TN267083_20251107T112828_November_2025_-_Non_Data_Center_Large_Load_PGE_Request_,2026-09-21,05b0af6253c373c74699ce1473f12a055cb7814d60da528d104bf3b62ef8ad5e,557731,200,application/pdf,,File type resolved from Content-Disposition at download.
cec_tn267896,cec_iepr_docket,CEC,"CEC docket 25-IEPR-03 TN 267896: PG&E Data Center Request for Confidentiality, Dec 2025",https://efiling.energy.ca.gov/GetDocument.aspx?tn=267896,https://efiling.energy.ca.gov/GetDocument.aspx?tn=267896,cec_tn267896__TN267896_20251212T103414_December_2025_-_Data_Center_PGE_Request_for_Confidentia,data/raw/cec_iepr_docket/2026-09-21/cec_tn267896__TN267896_20251212T103414_December_2025_-_Data_Center_PGE_Request_for_Confidentia,2026-09-21,2ed27791d575a59994348d992718e82734caf4a9a3e2deffa638f989ebbbe0c8,554027,200,application/pdf,,File type resolved from Content-Disposition at download.
cec_tn268283,cec_iepr_docket,CEC,"CEC docket 25-IEPR-03 TN 268283: PG&E Data Center Request for Confidentiality, Jan 2026",https://efiling.energy.ca.gov/GetDocument.aspx?tn=268283,https://efiling.energy.ca.gov/GetDocument.aspx?tn=268283,cec_tn268283__TN268283_20260121T152942_January_2026_-_Data_Center_PGE_Request_for_Confidential,data/raw/cec_iepr_docket/2026-09-21/cec_tn268283__TN268283_20260121T152942_January_2026_-_Data_Center_PGE_Request_for_Confidential,2026-09-21,a7d06de689febfa9e7c9e945e8e2f6b07d3b70a84507bcc59f1493e2a70e28ad,924960,200,application/pdf,,File type resolved from Content-Disposition at download.
cec_tn268288,cec_iepr_docket,CEC,CEC docket 25-IEPR-03 TN 268288: Single Forecast Set Agreement supporting documentation for the 2025 IEPR forecast (Jan 2026),https://efiling.energy.ca.gov/GetDocument.aspx?tn=268288,https://efiling.energy.ca.gov/GetDocument.aspx?tn=268288,cec_tn268288__TN268288_20260123T071352_Single_Forecast_Set_Agreement.pdf,data/raw/cec_iepr_docket/2026-09-21/cec_tn268288__TN268288_20260123T071352_Single_Forecast_Set_Agreement.pdf,2026-09-21,f3d08854a40a3e228dc111dd39560fbcd36e1aa24cc853351151ecabfdf29115,527010,200,application/pdf,,File type resolved from Content-Disposition at download.
cec_tn268596,cec_iepr_docket,CEC,"CEC docket 25-IEPR-03 TN 268596: PG&E Data Center Request for Confidentiality, Feb 2026",https://efiling.energy.ca.gov/GetDocument.aspx?tn=268596,https://efiling.energy.ca.gov/GetDocument.aspx?tn=268596,cec_tn268596__TN268596_20260212T112812_February_2026_-_Data_Center_PGE_Request_for_Confidentia,data/raw/cec_iepr_docket/2026-09-21/cec_tn268596__TN268596_20260212T112812_February_2026_-_Data_Center_PGE_Request_for_Confidentia,2026-09-21,62e09998d38b3f649c5d8f4cbc906fc56409d143fca1d9305f2f08a7ceef73a9,926811,200,application/pdf,,File type resolved from Content-Disposition at download.
cec_tn269506,cec_iepr_docket,CEC,"CEC docket 25-IEPR-03 TN 269506: 2025 IEPR forecast Single Forecast Set Agreement, updated 2026-04-15 (supersedes TN 268288)",https://efiling.energy.ca.gov/GetDocument.aspx?tn=269506,https://efiling.energy.ca.gov/GetDocument.aspx?tn=269506,cec_tn269506__TN269506_20260416T155618_2025_IEPR_forecast_-_Single_Forecast_Set_Agreement_-_Up,data/raw/cec_iepr_docket/2026-09-21/cec_tn269506__TN269506_20260416T155618_2025_IEPR_forecast_-_Single_Forecast_Set_Agreement_-_Up,2026-09-21,850546a5727a3a3647063d8f58c49d91b59052eb5b7742af0f69a7b4304830b3,805279,200,application/pdf,,File type resolved from Content-Disposition at download.
cec_tn269494,cec_iepr_docket,CEC,CEC docket 25-IEPR-03 TN 269494: Updated Single Forecast Set Agreement (Apr 15 2026),https://efiling.energy.ca.gov/GetDocument.aspx?tn=269494,https://efiling.energy.ca.gov/GetDocument.aspx?tn=269494,cec_tn269494__TN269494_20260415T160303_Updated_-_Single_Forecast_Set_Agreement.pdf,data/raw/cec_iepr_docket/2026-09-21/cec_tn269494__TN269494_20260415T160303_Updated_-_Single_Forecast_Set_Agreement.pdf,2026-09-21,e8554f13c345f224c535dd7efd66901a9b0d3585fd5ba696d1b3876460701e66,1163975,200,application/pdf,,File type resolved from Content-Disposition at download.
cec_tn268727,cec_iepr_docket,CEC,CEC docket 25-IEPR-03 TN 268727: CED 2025 Planning Forecast LSE and BAA Tables (final),https://efiling.energy.ca.gov/GetDocument.aspx?tn=268727,https://efiling.energy.ca.gov/GetDocument.aspx?tn=268727,cec_tn268727__TN268727_20260220T083211_CED_2025_Planning_Forecast_LSE_and_BAA_Tables.xlsx,data/raw/cec_iepr_docket/2026-09-21/cec_tn268727__TN268727_20260220T083211_CED_2025_Planning_Forecast_LSE_and_BAA_Tables.xlsx,2026-09-21,3a0c449e322f9af8ccab07b5bc5a4d3aa17c784d6dcf679ba8f39cd065371708,192895,200,application/vnd.openxmlformats-officedocument.spreadsheetml.sheet,,File type resolved from Content-Disposition at download.
cec_tn268722,cec_iepr_docket,CEC,CEC docket 25-IEPR-03 TN 268722: CED 2025 Baseline Forecast LSE and BAA Tables (final),https://efiling.energy.ca.gov/GetDocument.aspx?tn=268722,https://efiling.energy.ca.gov/GetDocument.aspx?tn=268722,cec_tn268722__TN268722_20260220T075623_CED_2025_Baseline_Forecast_LSE_and_BAA_Tables.xlsx,data/raw/cec_iepr_docket/2026-09-21/cec_tn268722__TN268722_20260220T075623_CED_2025_Baseline_Forecast_LSE_and_BAA_Tables.xlsx,2026-09-21,5dc8fc49111e5f9e9ecd25f73feabc04bb51282a3919fc12b5021b2f4024a7b6,189159,200,application/vnd.openxmlformats-officedocument.spreadsheetml.sheet,,File type resolved from Content-Disposition at download.
cec_tn268726,cec_iepr_docket,CEC,CEC docket 25-IEPR-03 TN 268726: CED 2025 Local Reliability with Known Loads Scenario LSE and BAA Tables (final),https://efiling.energy.ca.gov/GetDocument.aspx?tn=268726,https://efiling.energy.ca.gov/GetDocument.aspx?tn=268726,cec_tn268726__TN268726_20260220T083211_CED_2025_Local_Reliability_with_Known_Loads_Scenario_LS,data/raw/cec_iepr_docket/2026-09-21/cec_tn268726__TN268726_20260220T083211_CED_2025_Local_Reliability_with_Known_Loads_Scenario_LS,2026-09-21,541f24a159fab2915b3072d93334cc26766576d8aaa778df4bf3d12114e3294e,189505,200,application/vnd.openxmlformats-officedocument.spreadsheetml.sheet,,File type resolved from Content-Disposition at download.
cec_tn261716,cec_iepr_docket,CEC,CEC docket 25-IEPR-03 TN 261716: STACK Infrastructure comments regarding data center load forecasting,https://efiling.energy.ca.gov/GetDocument.aspx?tn=261716,https://efiling.energy.ca.gov/GetDocument.aspx?tn=261716,cec_tn261716__TN261716_20250212T093438_Comments_of_STACK_Infrastructure_Inc_Regarding_Data_Cen,data/raw/cec_iepr_docket/2026-09-21/cec_tn261716__TN261716_20250212T093438_Comments_of_STACK_Infrastructure_Inc_Regarding_Data_Cen,2026-09-21,33d0ed5f40f21fbcd74502a4c92d8c0373ac73c417e8b3046a7deba965806340,8463009,200,application/pdf,,File type resolved from Content-Disposition at download.
cec_tn268124,cec_iepr_docket,CEC,CEC docket 25-IEPR-03 TN 268124: CED 2025 Peak Forecast,https://efiling.energy.ca.gov/GetDocument.aspx?tn=268124,https://efiling.energy.ca.gov/GetDocument.aspx?tn=268124,cec_tn268124__TN268124_20260105T135542__CED_2025_Peak_Forecast.xlsx,data/raw/cec_iepr_docket/2026-09-21/cec_tn268124__TN268124_20260105T135542__CED_2025_Peak_Forecast.xlsx,2026-09-21,acaf3499f8587856b99193a27c9acb654fc82b98098bb6ac78fc01cd857892d3,22662243,200,application/vnd.openxmlformats-officedocument.spreadsheetml.sheet,,File type resolved from Content-Disposition at download.
cec_tn268126,cec_iepr_docket,CEC,CEC docket 25-IEPR-03 TN 268126: CED 2025 Hourly Forecast CAISO Local Reliability plus Known loads,https://efiling.energy.ca.gov/GetDocument.aspx?tn=268126,https://efiling.energy.ca.gov/GetDocument.aspx?tn=268126,cec_tn268126__TN268126_20260105T135510_CED_2025_Hourly_Forecast_-_CAISO_-_Local_Reliability_pl,data/raw/cec_iepr_docket/2026-09-21/cec_tn268126__TN268126_20260105T135510_CED_2025_Hourly_Forecast_-_CAISO_-_Local_Reliability_pl,2026-09-21,986dee148e4e6ca21d9b937aa13b55225ed8dbf6a4884567309b7c7c7668b09c,22670722,200,application/vnd.openxmlformats-officedocument.spreadsheetml.sheet,,File type resolved from Content-Disposition at download.
cec_tn268128,cec_iepr_docket,CEC,CEC docket 25-IEPR-03 TN 268128: CED 2025 Hourly Forecast PGE Local Reliability,https://efiling.energy.ca.gov/GetDocument.aspx?tn=268128,https://efiling.energy.ca.gov/GetDocument.aspx?tn=268128,cec_tn268128__TN268128_20260105T135515_CED_2025_Hourly_Forecast_-_PGE_-_Local_Reliability.xlsx,data/raw/cec_iepr_docket/2026-09-21/cec_tn268128__TN268128_20260105T135515_CED_2025_Hourly_Forecast_-_PGE_-_Local_Reliability.xlsx,2026-09-21,6b12be2123ce12bf0a4a04cf7b62f9515d99410a505ffbae1d8fb9d54006205d,21588349,200,application/vnd.openxmlformats-officedocument.spreadsheetml.sheet,,File type resolved from Content-Disposition at download.
cec_tn268129,cec_iepr_docket,CEC,CEC docket 25-IEPR-03 TN 268129: CED 2025 Hourly Forecast PGE Local Reliability plus Known loads,https://efiling.energy.ca.gov/GetDocument.aspx?tn=268129,https://efiling.energy.ca.gov/GetDocument.aspx?tn=268129,cec_tn268129__TN268129_20260105T135518_CED_2025_Hourly_Forecast_-_PGE_-_Local_Reliability_plus,data/raw/cec_iepr_docket/2026-09-21/cec_tn268129__TN268129_20260105T135518_CED_2025_Hourly_Forecast_-_PGE_-_Local_Reliability_plus,2026-09-21,ec5220b8510c7100581d4202b876b542b82525caa37a181e7d7c88781295b2d0,22070484,200,application/vnd.openxmlformats-officedocument.spreadsheetml.sheet,,File type resolved from Content-Disposition at download.
eia930_interchange_2020_jan_jun,eia930,EIA,EIA-930 Hourly Electric Grid Monitor INTERCHANGE 2020 Jan-Jun,https://www.eia.gov/electricity/gridmonitor/sixMonthFiles/EIA930_INTERCHANGE_2020_Jan_Jun.csv,https://www.eia.gov/electricity/gridmonitor/sixMonthFiles/EIA930_INTERCHANGE_2020_Jan_Jun.csv,EIA930_INTERCHANGE_2020_Jan_Jun.csv,data/raw/eia930/2026-09-21/EIA930_INTERCHANGE_2020_Jan_Jun.csv,2026-09-21,66c0bbab57b68cee869c78a7d296a0ec82879b6d3efdf254e0fd7be4948994aa,104361259,200,application/octet-stream,large,"All balancing authorities; filter BA=CISO (and LDWP, BANC, IID, TIDC for the CAL region)."
cec_tn268130,cec_iepr_docket,CEC,CEC docket 25-IEPR-03 TN 268130: CED 2025 Hourly Forecast PGE Planning Scenario,https://efiling.energy.ca.gov/GetDocument.aspx?tn=268130,https://efiling.energy.ca.gov/GetDocument.aspx?tn=268130,cec_tn268130__TN268130_20260105T135520_CED_2025_Hourly_Forecast_-_PGE_-_Planning_Scenario.xlsx,data/raw/cec_iepr_docket/2026-09-21/cec_tn268130__TN268130_20260105T135520_CED_2025_Hourly_Forecast_-_PGE_-_Planning_Scenario.xlsx,2026-09-21,e66a6c3442e884699a503a1502685d93e928da55b460f3c6309f1f0d151a335d,21435702,200,application/vnd.openxmlformats-officedocument.spreadsheetml.sheet,,File type resolved from Content-Disposition at download.
cec_tn268131,cec_iepr_docket,CEC,CEC docket 25-IEPR-03 TN 268131: CED 2025 Hourly Forecast SCE Local Reliability,https://efiling.energy.ca.gov/GetDocument.aspx?tn=268131,https://efiling.energy.ca.gov/GetDocument.aspx?tn=268131,cec_tn268131__TN268131_20260105T135522_CED_2025_Hourly_Forecast_-_SCE_-_Local_Reliability.xlsx,data/raw/cec_iepr_docket/2026-09-21/cec_tn268131__TN268131_20260105T135522_CED_2025_Hourly_Forecast_-_SCE_-_Local_Reliability.xlsx,2026-09-21,1d882c8af2129e99c4f1497294f3ca0aeb8d2a3264cdd36b1cd0f266af10ac0c,21388734,200,application/vnd.openxmlformats-officedocument.spreadsheetml.sheet,,File type resolved from Content-Disposition at download.
cec_tn268117,cec_iepr_docket,CEC,CEC docket 25-IEPR-03 TN 268117: CED 2025 Hourly Forecast SCE Planning Scenario,https://efiling.energy.ca.gov/GetDocument.aspx?tn=268117,https://efiling.energy.ca.gov/GetDocument.aspx?tn=268117,cec_tn268117__TN268117_20260105T135528_CED_2025_Hourly_Forecast_-_SCE_-_Planning_Scenario.xlsx,data/raw/cec_iepr_docket/2026-09-21/cec_tn268117__TN268117_20260105T135528_CED_2025_Hourly_Forecast_-_SCE_-_Planning_Scenario.xlsx,2026-09-21,caeafc446449250cb8aecde6dfb27c6f55939775813c0414f11207ee2e1eb7aa,21257038,200,application/vnd.openxmlformats-officedocument.spreadsheetml.sheet,,File type resolved from Content-Disposition at download.
cec_tn268116,cec_iepr_docket,CEC,CEC docket 25-IEPR-03 TN 268116: CED 2025 Hourly Forecast SCE Local Reliability plus Known loads,https://efiling.energy.ca.gov/GetDocument.aspx?tn=268116,https://efiling.energy.ca.gov/GetDocument.aspx?tn=268116,cec_tn268116__TN268116_20260105T135526_CED_2025_Hourly_Forecast_-_SCE_-_Local_Reliability_plus,data/raw/cec_iepr_docket/2026-09-21/cec_tn268116__TN268116_20260105T135526_CED_2025_Hourly_Forecast_-_SCE_-_Local_Reliability_plus,2026-09-21,e019ec934db5f693c8eeee86dc92d7bbc5883eb688cfb5ccdc43569ed89e206e,21836531,200,application/vnd.openxmlformats-officedocument.spreadsheetml.sheet,,File type resolved from Content-Disposition at download.
cec_tn268118,cec_iepr_docket,CEC,CEC docket 25-IEPR-03 TN 268118: CED 2025 Hourly Forecast SDGE Local Reliability,https://efiling.energy.ca.gov/GetDocument.aspx?tn=268118,https://efiling.energy.ca.gov/GetDocument.aspx?tn=268118,cec_tn268118__TN268118_20260105T135530_CED_2025_Hourly_Forecast_-_SDGE_-_Local_Reliability.xls,data/raw/cec_iepr_docket/2026-09-21/cec_tn268118__TN268118_20260105T135530_CED_2025_Hourly_Forecast_-_SDGE_-_Local_Reliability.xls,2026-09-21,0030b0fee9385b4dbd20e02ff35262ca1b54ff9d2a3817509f117953e13f744f,19673190,200,application/vnd.openxmlformats-officedocument.spreadsheetml.sheet,,File type resolved from Content-Disposition at download.
eia930_interchange_2019_jul_dec,eia930,EIA,EIA-930 Hourly Electric Grid Monitor INTERCHANGE 2019 Jul-Dec,https://www.eia.gov/electricity/gridmonitor/sixMonthFiles/EIA930_INTERCHANGE_2019_Jul_Dec.csv,https://www.eia.gov/electricity/gridmonitor/sixMonthFiles/EIA930_INTERCHANGE_2019_Jul_Dec.csv,EIA930_INTERCHANGE_2019_Jul_Dec.csv,data/raw/eia930/2026-09-21/EIA930_INTERCHANGE_2019_Jul_Dec.csv,2026-09-21,e54d2b5762549976e7fae13accb16d72817505bb9322f71b60c4ec06cffc5e40,107429950,200,application/octet-stream,large,"All balancing authorities; filter BA=CISO (and LDWP, BANC, IID, TIDC for the CAL region)."
cec_tn268119,cec_iepr_docket,CEC,CEC docket 25-IEPR-03 TN 268119: CED 2025 Hourly Forecast SDGE Local Reliability plus Known loads,https://efiling.energy.ca.gov/GetDocument.aspx?tn=268119,https://efiling.energy.ca.gov/GetDocument.aspx?tn=268119,cec_tn268119__TN268119_20260105T135533_CED_2025_Hourly_Forecast_-_SDGE_-_Local_Reliability_plu,data/raw/cec_iepr_docket/2026-09-21/cec_tn268119__TN268119_20260105T135533_CED_2025_Hourly_Forecast_-_SDGE_-_Local_Reliability_plu,2026-09-21,01f6ad449e6f41288751b6e7015e0809c70b835f533d826eedbf9a1628af93e8,19934923,200,application/vnd.openxmlformats-officedocument.spreadsheetml.sheet,,File type resolved from Content-Disposition at download.
cec_tn268076,cec_iepr_docket,CEC,"CEC docket 25-IEPR-03 TN 268076: Corrected presentation, 2025 California Energy Demand annual consumption and sales forecasts",https://efiling.energy.ca.gov/GetDocument.aspx?tn=268076,https://efiling.energy.ca.gov/GetDocument.aspx?tn=268076,cec_tn268076__TN268076_20251230T120025_Corrected_Presentation-2025_California_Energy_Demand_An,data/raw/cec_iepr_docket/2026-09-21/cec_tn268076__TN268076_20251230T120025_Corrected_Presentation-2025_California_Energy_Demand_An,2026-09-21,77349a8815a1d3c414ca413626726020eb6997e0799ca8d6ab5f41dd719bad85,2635432,200,application/pdf,,File type resolved from Content-Disposition at download.
cec_tn268121,cec_iepr_docket,CEC,CEC docket 25-IEPR-03 TN 268121: CED 2025 Hourly Forecast VEA Local Reliability,https://efiling.energy.ca.gov/GetDocument.aspx?tn=268121,https://efiling.energy.ca.gov/GetDocument.aspx?tn=268121,cec_tn268121__TN268121_20260105T135537_CED_2025_Hourly_Forecast_-_VEA_-_Local_Reliability.xlsx,data/raw/cec_iepr_docket/2026-09-21/cec_tn268121__TN268121_20260105T135537_CED_2025_Hourly_Forecast_-_VEA_-_Local_Reliability.xlsx,2026-09-21,a20764db5f39fbcdb2cd2fbe7a50d2c3167a7f896ac47eee155d7f4b4719573a,15297205,200,application/vnd.openxmlformats-officedocument.spreadsheetml.sheet,,File type resolved from Content-Disposition at download.
cec_tn268239,cec_iepr_docket,CEC,CEC docket 25-IEPR-03 TN 268239: CED 2025 Electricity Rate Forecast,https://efiling.energy.ca.gov/GetDocument.aspx?tn=268239,https://efiling.energy.ca.gov/GetDocument.aspx?tn=268239,cec_tn268239__TN268239_20260114T163234_CED_2025_Electricity_Rate_Forecast.xlsx,data/raw/cec_iepr_docket/2026-09-21/cec_tn268239__TN268239_20260114T163234_CED_2025_Electricity_Rate_Forecast.xlsx,2026-09-21,9a2cd8f19537aec76f1a73f4239944fc3daef182c01e431778e298f25fda76b5,194461,200,application/vnd.openxmlformats-officedocument.spreadsheetml.sheet,,File type resolved from Content-Disposition at download.
cec_tn268187,cec_iepr_docket,CEC,"CEC docket 25-IEPR-03 TN 268187: Notice of Availability, California Energy Demand Forecast 2025-2045",https://efiling.energy.ca.gov/GetDocument.aspx?tn=268187,https://efiling.energy.ca.gov/GetDocument.aspx?tn=268187,cec_tn268187__TN268187_20260107T165530_Notice_of_Availability_-_California_Energy_Demand_Forec,data/raw/cec_iepr_docket/2026-09-21/cec_tn268187__TN268187_20260107T165530_Notice_of_Availability_-_California_Energy_Demand_Forec,2026-09-21,a3ff86f6cff831205a127143d4b930ec0c0b57232e8f1e0bb971214213d9b5d9,609493,200,application/pdf,,File type resolved from Content-Disposition at download.
cec_tn268123,cec_iepr_docket,CEC,CEC docket 25-IEPR-03 TN 268123: CED 2025 Hourly Forecast VEA Planning Scenario,https://efiling.energy.ca.gov/GetDocument.aspx?tn=268123,https://efiling.energy.ca.gov/GetDocument.aspx?tn=268123,cec_tn268123__TN268123_20260105T135540_CED_2025_Hourly_Forecast_-_VEA_-_Planning_Scenario.xlsx,data/raw/cec_iepr_docket/2026-09-21/cec_tn268123__TN268123_20260105T135540_CED_2025_Hourly_Forecast_-_VEA_-_Planning_Scenario.xlsx,2026-09-21,8cc97940b70c5527f0f00117b42e3df74ca23fd648c62ab886b1c60747816b66,15193270,200,application/vnd.openxmlformats-officedocument.spreadsheetml.sheet,,File type resolved from Content-Disposition at download.
cec_tn268120,cec_iepr_docket,CEC,CEC docket 25-IEPR-03 TN 268120: CED 2025 Hourly Forecast SDGE Planning Scenario,https://efiling.energy.ca.gov/GetDocument.aspx?tn=268120,https://efiling.energy.ca.gov/GetDocument.aspx?tn=268120,cec_tn268120__TN268120_20260105T135534_CED_2025_Hourly_Forecast_-_SDGE_-_Planning_Scenario.xls,data/raw/cec_iepr_docket/2026-09-21/cec_tn268120__TN268120_20260105T135534_CED_2025_Hourly_Forecast_-_SDGE_-_Planning_Scenario.xls,2026-09-21,9b6ab4580811fb5ff0b776be1b18d1ebbac0eaeb0d51f462abfbf25aac8fcee6,19563817,200,application/vnd.openxmlformats-officedocument.spreadsheetml.sheet,,File type resolved from Content-Disposition at download.
cec_tn268180,cec_iepr_docket,CEC,"CEC docket 25-IEPR-03 TN 268180: Transcript, IEPR Commissioner Workshop on Load Modifier Energy Demand Forecast Results, Nov 13 2025",https://efiling.energy.ca.gov/GetDocument.aspx?tn=268180,https://efiling.energy.ca.gov/GetDocument.aspx?tn=268180,cec_tn268180__TN268180_20260107T115316_Transcript_-_IEPR_COMMISSIONER_WORKSHOP_ON_LOAD_MODIFIE,data/raw/cec_iepr_docket/2026-09-21/cec_tn268180__TN268180_20260107T115316_Transcript_-_IEPR_COMMISSIONER_WORKSHOP_ON_LOAD_MODIFIE,2026-09-21,76e96df03bf5d54f4f63f11fc9befb4cff1568582e6b48348d75542ea8a1fcf6,1025720,200,application/pdf,,File type resolved from Content-Disposition at download.
cec_tn268806,cec_iepr_docket,CEC,"CEC docket 25-IEPR-03 TN 268806: Transcript, IEPR Commissioner Workshop on Energy Demand Forecast Draft Results",https://efiling.energy.ca.gov/GetDocument.aspx?tn=268806,https://efiling.energy.ca.gov/GetDocument.aspx?tn=268806,cec_tn268806__TN268806_20260225T113558_Transcript_-_IEPR_COMMISSIONER_WORKSHOP_ON_IEPR_COMMISS,data/raw/cec_iepr_docket/2026-09-21/cec_tn268806__TN268806_20260225T113558_Transcript_-_IEPR_COMMISSIONER_WORKSHOP_ON_IEPR_COMMISS,2026-09-21,d9969a5a8b44135646054f6fcf5223ac2fafe371470e54c6be385c1f40bdec70,933264,200,application/pdf,,File type resolved from Content-Disposition at download.
cec_tn264908,svp,CEC e-filing,CEC TN 264908: Presentation by Silicon Valley Power to the CEC (2025),https://efiling.energy.ca.gov/GetDocument.aspx?tn=264908,https://efiling.energy.ca.gov/GetDocument.aspx?tn=264908,cec_tn264908__TN264908_20250718T163312_Presentation_by_Silicon_Valley_Power_SVP_.pdf,data/raw/svp/2026-09-21/cec_tn264908__TN264908_20250718T163312_Presentation_by_Silicon_Valley_Power_SVP_.pdf,2026-09-21,8f186a49371f29b228a490b7e4171ee3ea5fec9c8a86a9c3e1308ea5a429604e,847551,200,application/pdf,,
cec_tn253461,svp,CEC e-filing,CEC TN 253461: City of Santa Clara dba Silicon Valley Power 2023 Integrated Resource Plan (CEC filing),https://efiling.energy.ca.gov/GetDocument.aspx?tn=253461,https://efiling.energy.ca.gov/GetDocument.aspx?tn=253461,cec_tn253461__TN253461_20231201T135422_The_City_of_Santa_Clara_dba_Silicon_Valley_Power_SVP_Co,data/raw/svp/2026-09-21/cec_tn253461__TN253461_20231201T135422_The_City_of_Santa_Clara_dba_Silicon_Valley_Power_SVP_Co,2026-09-21,4750f3b34bccdefa2b68414fcf05a3dc36dd0e0e9cf7505fe44b635d3bafb8d3,1329970,200,application/pdf,,
cec_tn268122,cec_iepr_docket,CEC,CEC docket 25-IEPR-03 TN 268122: CED 2025 Hourly Forecast VEA Local Reliability plus Known loads,https://efiling.energy.ca.gov/GetDocument.aspx?tn=268122,https://efiling.energy.ca.gov/GetDocument.aspx?tn=268122,cec_tn268122__TN268122_20260105T135538_CED_2025_Hourly_Forecast_-_VEA_-_Local_Reliability_plus,data/raw/cec_iepr_docket/2026-09-21/cec_tn268122__TN268122_20260105T135538_CED_2025_Hourly_Forecast_-_VEA_-_Local_Reliability_plus,2026-09-21,fbd61eab4913b620670d1d0b96f1b365c99fde98ef31cd71447e842dccea1998,15297202,200,application/vnd.openxmlformats-officedocument.spreadsheetml.sheet,,File type resolved from Content-Disposition at download.
cec_tn265948,svp,CEC e-filing,CEC TN 265948: CEC Review of Silicon Valley Power 2023 Integrated Resource Plan,https://efiling.energy.ca.gov/GetDocument.aspx?tn=265948,https://efiling.energy.ca.gov/GetDocument.aspx?tn=265948,cec_tn265948__TN265948_20250910T095526_Review_of_Silicon_Valley_Power_2023_Integrated_Resource,data/raw/svp/2026-09-21/cec_tn265948__TN265948_20250910T095526_Review_of_Silicon_Valley_Power_2023_Integrated_Resource,2026-09-21,48845ca8677be159c3e8fa9672fd5b301f6685deed5c7602c0aa28d591d0f739,995647,200,application/pdf,,
cec_docket_log_25iepr03,cec_iepr_docket,CEC,Docket log listing for 25-IEPR-03 (HTML),https://efiling.energy.ca.gov/Lists/DocketLog.aspx?docketnumber=25-IEPR-03,https://efiling.energy.ca.gov/Lists/DocketLog.aspx?docketnumber=25-IEPR-03,docketlog_25-IEPR-03.html,data/raw/cec_iepr_docket/2026-09-21/docketlog_25-IEPR-03.html,2026-09-21,1f588b403e59f6ea2263bc052bb082cc97dcfcf6c6b27bde36b745e5df4aa40d,504523,200,text/html,html;vintage,
cec_tn268018,cec_iepr_docket,CEC,"CEC docket 25-IEPR-03 TN 268018: Draft CED 2025 Peak Forecast, Local Reliability Scenarios",https://efiling.energy.ca.gov/GetDocument.aspx?tn=268018,https://efiling.energy.ca.gov/GetDocument.aspx?tn=268018,cec_tn268018__TN268018_20251222T091635_DRAFT_CED_2025_Peak_Forecast_-_Local_Reliability_Scenar,data/raw/cec_iepr_docket/2026-09-21/cec_tn268018__TN268018_20251222T091635_DRAFT_CED_2025_Peak_Forecast_-_Local_Reliability_Scenar,2026-09-21,3cf5dd8421ee2d10ab37a7632de90c9bd3e33df6dc646381ec157662be1acf4a,14997333,200,application/vnd.openxmlformats-officedocument.spreadsheetml.sheet,,File type resolved from Content-Disposition at download.
cec_tn268017,cec_iepr_docket,CEC,"CEC docket 25-IEPR-03 TN 268017: Draft CED 2025 Peak Forecast, Planning Scenarios",https://efiling.energy.ca.gov/GetDocument.aspx?tn=268017,https://efiling.energy.ca.gov/GetDocument.aspx?tn=268017,cec_tn268017__TN268017_20251222T091638_DRAFT_CED_2025_Peak_Forecast_-_Planning_Scenarios.xlsx,data/raw/cec_iepr_docket/2026-09-21/cec_tn268017__TN268017_20251222T091638_DRAFT_CED_2025_Peak_Forecast_-_Planning_Scenarios.xlsx,2026-09-21,0ca4ae3be74ef4963952a91f5ab4a1c7862f14808ecc54c7bfb67aac07126955,22144491,200,application/vnd.openxmlformats-officedocument.spreadsheetml.sheet,,File type resolved from Content-Disposition at download.
eia930_interchange_2020_jul_dec,eia930,EIA,EIA-930 Hourly Electric Grid Monitor INTERCHANGE 2020 Jul-Dec,https://www.eia.gov/electricity/gridmonitor/sixMonthFiles/EIA930_INTERCHANGE_2020_Jul_Dec.csv,https://www.eia.gov/electricity/gridmonitor/sixMonthFiles/EIA930_INTERCHANGE_2020_Jul_Dec.csv,EIA930_INTERCHANGE_2020_Jul_Dec.csv,data/raw/eia930/2026-09-21/EIA930_INTERCHANGE_2020_Jul_Dec.csv,2026-09-21,c00c991110ec6cabe13d59ca77da701bc246eee147179265ea22ab213c641039,105370810,200,application/octet-stream,large,"All balancing authorities; filter BA=CISO (and LDWP, BANC, IID, TIDC for the CAL region)."
eia930_interchange_2021_jan_jun,eia930,EIA,EIA-930 Hourly Electric Grid Monitor INTERCHANGE 2021 Jan-Jun,https://www.eia.gov/electricity/gridmonitor/sixMonthFiles/EIA930_INTERCHANGE_2021_Jan_Jun.csv,https://www.eia.gov/electricity/gridmonitor/sixMonthFiles/EIA930_INTERCHANGE_2021_Jan_Jun.csv,EIA930_INTERCHANGE_2021_Jan_Jun.csv,data/raw/eia930/2026-09-21/EIA930_INTERCHANGE_2021_Jan_Jun.csv,2026-09-21,61304dc83f4e95c9cc88253f6543cbc619c986b3ec89a4fb78cd6e5173d77986,104312638,200,application/octet-stream,large,"All balancing authorities; filter BA=CISO (and LDWP, BANC, IID, TIDC for the CAL region)."
eia930_interchange_2021_jul_dec,eia930,EIA,EIA-930 Hourly Electric Grid Monitor INTERCHANGE 2021 Jul-Dec,https://www.eia.gov/electricity/gridmonitor/sixMonthFiles/EIA930_INTERCHANGE_2021_Jul_Dec.csv,https://www.eia.gov/electricity/gridmonitor/sixMonthFiles/EIA930_INTERCHANGE_2021_Jul_Dec.csv,EIA930_INTERCHANGE_2021_Jul_Dec.csv,data/raw/eia930/2026-09-21/EIA930_INTERCHANGE_2021_Jul_Dec.csv,2026-09-21,f0a91b320d47d91b57e309e113ecadfcf66aea0abd47a8ddea577c1bb8a66860,105219251,200,application/octet-stream,large,"All balancing authorities; filter BA=CISO (and LDWP, BANC, IID, TIDC for the CAL region)."
eia930_interchange_2022_jan_jun,eia930,EIA,EIA-930 Hourly Electric Grid Monitor INTERCHANGE 2022 Jan-Jun,https://www.eia.gov/electricity/gridmonitor/sixMonthFiles/EIA930_INTERCHANGE_2022_Jan_Jun.csv,https://www.eia.gov/electricity/gridmonitor/sixMonthFiles/EIA930_INTERCHANGE_2022_Jan_Jun.csv,EIA930_INTERCHANGE_2022_Jan_Jun.csv,data/raw/eia930/2026-09-21/EIA930_INTERCHANGE_2022_Jan_Jun.csv,2026-09-21,66ea248ffb49e1c42a77bbcc8e60388559097a912a43b3f8bc605f0fe79609df,103016694,200,application/octet-stream,large,"All balancing authorities; filter BA=CISO (and LDWP, BANC, IID, TIDC for the CAL region)."
eia930_interchange_2022_jul_dec,eia930,EIA,EIA-930 Hourly Electric Grid Monitor INTERCHANGE 2022 Jul-Dec,https://www.eia.gov/electricity/gridmonitor/sixMonthFiles/EIA930_INTERCHANGE_2022_Jul_Dec.csv,https://www.eia.gov/electricity/gridmonitor/sixMonthFiles/EIA930_INTERCHANGE_2022_Jul_Dec.csv,EIA930_INTERCHANGE_2022_Jul_Dec.csv,data/raw/eia930/2026-09-21/EIA930_INTERCHANGE_2022_Jul_Dec.csv,2026-09-21,4b649520e33eebab5bb429f1b36d1e575200031d476a4e741e094f256d06b1c3,103161178,200,application/octet-stream,large,"All balancing authorities; filter BA=CISO (and LDWP, BANC, IID, TIDC for the CAL region)."
eia930_interchange_2023_jul_dec,eia930,EIA,EIA-930 Hourly Electric Grid Monitor INTERCHANGE 2023 Jul-Dec,https://www.eia.gov/electricity/gridmonitor/sixMonthFiles/EIA930_INTERCHANGE_2023_Jul_Dec.csv,https://www.eia.gov/electricity/gridmonitor/sixMonthFiles/EIA930_INTERCHANGE_2023_Jul_Dec.csv,EIA930_INTERCHANGE_2023_Jul_Dec.csv,data/raw/eia930/2026-09-21/EIA930_INTERCHANGE_2023_Jul_Dec.csv,2026-09-21,4beb11c24094b6b4faad2f8fc4704e7a02ad7a333172a5b39a460556a53a1ded,102587377,200,application/octet-stream,large,"All balancing authorities; filter BA=CISO (and LDWP, BANC, IID, TIDC for the CAL region)."
eia930_interchange_2023_jan_jun,eia930,EIA,EIA-930 Hourly Electric Grid Monitor INTERCHANGE 2023 Jan-Jun,https://www.eia.gov/electricity/gridmonitor/sixMonthFiles/EIA930_INTERCHANGE_2023_Jan_Jun.csv,https://www.eia.gov/electricity/gridmonitor/sixMonthFiles/EIA930_INTERCHANGE_2023_Jan_Jun.csv,EIA930_INTERCHANGE_2023_Jan_Jun.csv,data/raw/eia930/2026-09-21/EIA930_INTERCHANGE_2023_Jan_Jun.csv,2026-09-21,d8f2a6ea03ff65dfc2ad934df1624f6d9a1bc22efd7270a73f082ee924f3f13a,100880103,200,application/octet-stream,large,"All balancing authorities; filter BA=CISO (and LDWP, BANC, IID, TIDC for the CAL region)."
eia930_interchange_2024_jul_dec,eia930,EIA,EIA-930 Hourly Electric Grid Monitor INTERCHANGE 2024 Jul-Dec,https://www.eia.gov/electricity/gridmonitor/sixMonthFiles/EIA930_INTERCHANGE_2024_Jul_Dec.csv,https://www.eia.gov/electricity/gridmonitor/sixMonthFiles/EIA930_INTERCHANGE_2024_Jul_Dec.csv,EIA930_INTERCHANGE_2024_Jul_Dec.csv,data/raw/eia930/2026-09-21/EIA930_INTERCHANGE_2024_Jul_Dec.csv,2026-09-21,bb6570c3297103701d23b7907f2beee30755c41c08a1c27842c75c963df29548,102557967,200,application/octet-stream,large,"All balancing authorities; filter BA=CISO (and LDWP, BANC, IID, TIDC for the CAL region)."
eia930_interchange_2024_jan_jun,eia930,EIA,EIA-930 Hourly Electric Grid Monitor INTERCHANGE 2024 Jan-Jun,https://www.eia.gov/electricity/gridmonitor/sixMonthFiles/EIA930_INTERCHANGE_2024_Jan_Jun.csv,https://www.eia.gov/electricity/gridmonitor/sixMonthFiles/EIA930_INTERCHANGE_2024_Jan_Jun.csv,EIA930_INTERCHANGE_2024_Jan_Jun.csv,data/raw/eia930/2026-09-21/EIA930_INTERCHANGE_2024_Jan_Jun.csv,2026-09-21,990b1994234922a06eb1f9ce55503db402ab916af8455e2dfbb020155f12681d,101399174,200,application/octet-stream,large,"All balancing authorities; filter BA=CISO (and LDWP, BANC, IID, TIDC for the CAL region)."
eia930_interchange_2025_jan_jun,eia930,EIA,EIA-930 Hourly Electric Grid Monitor INTERCHANGE 2025 Jan-Jun,https://www.eia.gov/electricity/gridmonitor/sixMonthFiles/EIA930_INTERCHANGE_2025_Jan_Jun.csv,https://www.eia.gov/electricity/gridmonitor/sixMonthFiles/EIA930_INTERCHANGE_2025_Jan_Jun.csv,EIA930_INTERCHANGE_2025_Jan_Jun.csv,data/raw/eia930/2026-09-21/EIA930_INTERCHANGE_2025_Jan_Jun.csv,2026-09-21,26346191ea9b738a166f75eeb3291b16d2863c74c51986c7779e71f194a2c32d,101202449,200,application/octet-stream,large,"All balancing authorities; filter BA=CISO (and LDWP, BANC, IID, TIDC for the CAL region)."
eia930_interchange_2026_jan_jun,eia930,EIA,EIA-930 Hourly Electric Grid Monitor INTERCHANGE 2026 Jan-Jun,https://www.eia.gov/electricity/gridmonitor/sixMonthFiles/EIA930_INTERCHANGE_2026_Jan_Jun.csv,https://www.eia.gov/electricity/gridmonitor/sixMonthFiles/EIA930_INTERCHANGE_2026_Jan_Jun.csv,EIA930_INTERCHANGE_2026_Jan_Jun.csv,data/raw/eia930/2026-09-21/EIA930_INTERCHANGE_2026_Jan_Jun.csv,2026-09-21,c0337a3b4c94060e9a3ee6b4b428aa72464816c3a61c57b8e1b4d40d9b5b99fd,102230680,200,application/octet-stream,large,"All balancing authorities; filter BA=CISO (and LDWP, BANC, IID, TIDC for the CAL region)."
eia930_interchange_2025_jul_dec,eia930,EIA,EIA-930 Hourly Electric Grid Monitor INTERCHANGE 2025 Jul-Dec,https://www.eia.gov/electricity/gridmonitor/sixMonthFiles/EIA930_INTERCHANGE_2025_Jul_Dec.csv,https://www.eia.gov/electricity/gridmonitor/sixMonthFiles/EIA930_INTERCHANGE_2025_Jul_Dec.csv,EIA930_INTERCHANGE_2025_Jul_Dec.csv,data/raw/eia930/2026-09-21/EIA930_INTERCHANGE_2025_Jul_Dec.csv,2026-09-21,6e9a627d9266975a65cf6a14f39a532332288d06c0ec1c228200585beecf13be,104382552,200,application/octet-stream,large,"All balancing authorities; filter BA=CISO (and LDWP, BANC, IID, TIDC for the CAL region)."
eia930_interchange_2026_jul_dec,eia930,EIA,EIA-930 Hourly Electric Grid Monitor INTERCHANGE 2026 Jul-Dec,https://www.eia.gov/electricity/gridmonitor/sixMonthFiles/EIA930_INTERCHANGE_2026_Jul_Dec.csv,https://www.eia.gov/electricity/gridmonitor/sixMonthFiles/EIA930_INTERCHANGE_2026_Jul_Dec.csv,EIA930_INTERCHANGE_2026_Jul_Dec.csv,data/raw/eia930/2026-09-21/EIA930_INTERCHANGE_2026_Jul_Dec.csv,2026-09-21,e3039f26a14dc3eb2905aa3bedcf030ddf5e61dc80fa1497bd7f44cfa67eae43,45822823,200,application/octet-stream,large,"All balancing authorities; filter BA=CISO (and LDWP, BANC, IID, TIDC for the CAL region)."
caiso_nqc_2026,caiso,CAISO,Net Qualifying Capacity report for compliance year 2026 (resource-level QC values),https://www.caiso.com/documents/final-net-qualifying-capacity-report-for-compliance-year-2026.xlsx,https://www.caiso.com/documents/final-net-qualifying-capacity-report-for-compliance-year-2026.xlsx,caiso_nqc_2026__final-net-qualifying-capacity-report-for-compliance-year-2026.xlsx,data/raw/caiso/2026-09-21/caiso_nqc_2026__final-net-qualifying-capacity-report-for-compliance-year-2026.xlsx,2026-09-21,925fa9852e35ed093d86bd4cb94719539bb08489a83e0f12cfdf82bb3d953ac7,239011,200,application/vnd.openxmlformats-officedocument.spreadsheetml.sheet,,
cec_tn272024,cec_iepr_docket,CEC,"CEC docket 26-IEPR-03 TN 272024: Presentation - Load Energization Requests (Known Loads) (Sanada, CEC), Aug 18 2026, original",https://efiling.energy.ca.gov/GetDocument.aspx?tn=272024,https://efiling.energy.ca.gov/GetDocument.aspx?tn=272024,cec_tn272024__TN272024_20260818T100621_Presentation_-_Load_Energization_Requests_Known_Loads_.,data/raw/cec_iepr_docket/2026-09-21/cec_tn272024__TN272024_20260818T100621_Presentation_-_Load_Energization_Requests_Known_Loads_.,2026-09-21,9945fe049e8e4d9f4c5d8dbd441dce8a59c19a3f8cbcc48cf66ea80fa4517b2d,938010,200,application/pdf,vintage,2026 IEPR cycle. File type resolved from Content-Disposition at download.
cec_tn272043,cec_iepr_docket,CEC,"CEC docket 26-IEPR-03 TN 272043: Presentation - Load Energization Requests (Known Loads), REVISED (Sanada, CEC), Aug 19 2026 (replaces TN 272024)",https://efiling.energy.ca.gov/GetDocument.aspx?tn=272043,https://efiling.energy.ca.gov/GetDocument.aspx?tn=272043,cec_tn272043__TN272043_20260818T172019_Presentation_-_Load_Energization_Requests_Known_Loads_.,data/raw/cec_iepr_docket/2026-09-21/cec_tn272043__TN272043_20260818T172019_Presentation_-_Load_Energization_Requests_Known_Loads_.,2026-09-21,d0fe75279f2e8c1d4dbbb7c25efc6029da684e5b3c407776b4202e4f3cd47a35,943511,200,application/pdf,vintage,2026 IEPR cycle. File type resolved from Content-Disposition at download.
cec_tn272026,cec_iepr_docket,CEC,"CEC docket 26-IEPR-03 TN 272026: Presentation - Data Center Demand Forecast (Smith, CEC), IEPR workshop Aug 18 2026",https://efiling.energy.ca.gov/GetDocument.aspx?tn=272026,https://efiling.energy.ca.gov/GetDocument.aspx?tn=272026,cec_tn272026__TN272026_20260818T100623_Presentation_-_Data_Center_Demand_Forecast_.pdf,data/raw/cec_iepr_docket/2026-09-21/cec_tn272026__TN272026_20260818T100623_Presentation_-_Data_Center_Demand_Forecast_.pdf,2026-09-21,4694d5083fa4ffcf360aff27e6a26ef8ed6252ff17c0126723ace86ee44b9aa2,1166038,200,application/pdf,vintage,2026 IEPR cycle. File type resolved from Content-Disposition at download.
cec_tn272065,cec_iepr_docket,CEC,"CEC docket 26-IEPR-03 TN 272065: Presentation - PG&E Data Center Forecasting (Jenny Conde), Aug 20 2026",https://efiling.energy.ca.gov/GetDocument.aspx?tn=272065,https://efiling.energy.ca.gov/GetDocument.aspx?tn=272065,cec_tn272065__TN272065_20260820T093716_Presentation_-_PG_E_Data_Center_Forecasting.pdf,data/raw/cec_iepr_docket/2026-09-21/cec_tn272065__TN272065_20260820T093716_Presentation_-_PG_E_Data_Center_Forecasting.pdf,2026-09-21,31a5b03608270931466274b8137f2a7ce9275d495ed2d8a2d50e8cffbf1d6d45,899141,200,application/pdf,vintage,2026 IEPR cycle. File type resolved from Content-Disposition at download.
cec_tn272023,cec_iepr_docket,CEC,"CEC docket 26-IEPR-03 TN 272023: Presentation - Known Loads Preliminary Analysis (Wilson, CEC), Aug 18 2026",https://efiling.energy.ca.gov/GetDocument.aspx?tn=272023,https://efiling.energy.ca.gov/GetDocument.aspx?tn=272023,cec_tn272023__TN272023_20260818T100622_Presentation_-_Known_Loads_Preliminary_Analysis_.pdf,data/raw/cec_iepr_docket/2026-09-21/cec_tn272023__TN272023_20260818T100622_Presentation_-_Known_Loads_Preliminary_Analysis_.pdf,2026-09-21,6a3841442df03082b37c1daf69350f979571675a20edad862540f5c956d9b849,1310419,200,application/pdf,vintage,2026 IEPR cycle. File type resolved from Content-Disposition at download.
cec_tn272027,cec_iepr_docket,CEC,"CEC docket 26-IEPR-03 TN 272027: Presentation - Forecasting perspectives from San Jose Clean Energy, Aug 18 2026",https://efiling.energy.ca.gov/GetDocument.aspx?tn=272027,https://efiling.energy.ca.gov/GetDocument.aspx?tn=272027,cec_tn272027__TN272027_20260818T103405_Presentation_-_FORECASTING_PERSPECTIVES_FROM_SAN_JOS_CL,data/raw/cec_iepr_docket/2026-09-21/cec_tn272027__TN272027_20260818T103405_Presentation_-_FORECASTING_PERSPECTIVES_FROM_SAN_JOS_CL,2026-09-21,25f46bfbda9fe7c6064e0e68d4b90e2733862d3be3eaa0c6f640f9106e7132be,1162460,200,application/pdf,vintage,2026 IEPR cycle. File type resolved from Content-Disposition at download.
cec_tn272220,cec_iepr_docket,CEC,"CEC docket 26-IEPR-03 TN 272220: Presentation - Electricity Rate Forecast Updates for the 2026 IEPR (Marshall, CEC), Aug 28 2026",https://efiling.energy.ca.gov/GetDocument.aspx?tn=272220,https://efiling.energy.ca.gov/GetDocument.aspx?tn=272220,cec_tn272220__TN272220_20260828T075647_Presentation_-_Electricity_Rate_Forecast_Updates_for_th,data/raw/cec_iepr_docket/2026-09-21/cec_tn272220__TN272220_20260828T075647_Presentation_-_Electricity_Rate_Forecast_Updates_for_th,2026-09-21,d8ebf964aa81f3073e62acc31843e264c314ccbe5f51063c5f27272216980869,1931679,200,application/pdf,vintage,2026 IEPR cycle. File type resolved from Content-Disposition at download.
cec_tn272025,cec_iepr_docket,CEC,"CEC docket 26-IEPR-03 TN 272025: Presentation - Economic and Demographic Updates for the 2026 IEPR (Cooper, CEC)",https://efiling.energy.ca.gov/GetDocument.aspx?tn=272025,https://efiling.energy.ca.gov/GetDocument.aspx?tn=272025,cec_tn272025__TN272025_20260818T100619_Presentation_-_Economic_Demographic_Updates_for_the_202,data/raw/cec_iepr_docket/2026-09-21/cec_tn272025__TN272025_20260818T100619_Presentation_-_Economic_Demographic_Updates_for_the_202,2026-09-21,ce8af3fb57dc1254f305d2c0876e95edb7206f072ac7b189d00d1286896a6eec,1700429,200,application/pdf,vintage,2026 IEPR cycle. File type resolved from Content-Disposition at download.
cec_tn272022,cec_iepr_docket,CEC,"CEC docket 26-IEPR-03 TN 272022: Presentation - IEPR Workshop on Energy Demand Forecast Inputs and Assumptions, intro (Javanbakht, CEC)",https://efiling.energy.ca.gov/GetDocument.aspx?tn=272022,https://efiling.energy.ca.gov/GetDocument.aspx?tn=272022,cec_tn272022__TN272022_20260818T100617_Presentation_-_IEPR_Workshop_on_Energy_Demand_Forecast_,data/raw/cec_iepr_docket/2026-09-21/cec_tn272022__TN272022_20260818T100617_Presentation_-_IEPR_Workshop_on_Energy_Demand_Forecast_,2026-09-21,0764d2f4b8caef645697906f40b0e4a3ac900f6bc6279bc1f36ddc2b3876e8fc,1584805,200,application/pdf,vintage,2026 IEPR cycle. File type resolved from Content-Disposition at download.
cec_tn271964,cec_iepr_docket,CEC,"CEC docket 26-IEPR-03 TN 271964: SVCE Data Center Load Forecasting (Silicon Valley Clean Energy), Aug 11 2026",https://efiling.energy.ca.gov/GetDocument.aspx?tn=271964,https://efiling.energy.ca.gov/GetDocument.aspx?tn=271964,cec_tn271964__TN271964_20260811T165052_SVCE_Data_Center_Load_Forecasting.pdf,data/raw/cec_iepr_docket/2026-09-21/cec_tn271964__TN271964_20260811T165052_SVCE_Data_Center_Load_Forecasting.pdf,2026-09-21,ccd81b9dbb655ed83f9e5020714d2998fc077e52c4a0c0ccd905a501e82f2962,698780,200,application/pdf,vintage,2026 IEPR cycle. File type resolved from Content-Disposition at download.
cec_tn271963,cec_iepr_docket,CEC,"CEC docket 26-IEPR-03 TN 271963: Silicon Valley Power, City of Santa Clara - Load Forecast Discussion, Aug 11 2026",https://efiling.energy.ca.gov/GetDocument.aspx?tn=271963,https://efiling.energy.ca.gov/GetDocument.aspx?tn=271963,cec_tn271963__TN271963_20260811T164938_Silicon_Valley_Power_City_of_Santa_Clara_-_Load_Forecas,data/raw/cec_iepr_docket/2026-09-21/cec_tn271963__TN271963_20260811T164938_Silicon_Valley_Power_City_of_Santa_Clara_-_Load_Forecas,2026-09-21,34b6d70d2867730976cf54f2047bedace06ad66c57e432f89e6eebc83b1bd7bf,799452,200,application/pdf,vintage,2026 IEPR cycle. File type resolved from Content-Disposition at download.
cec_tn272858,cec_iepr_docket,CEC,"CEC docket 26-IEPR-03 TN 272858: PG&E Data Center Request for Confidentiality, Sep 2026",https://efiling.energy.ca.gov/GetDocument.aspx?tn=272858,https://efiling.energy.ca.gov/GetDocument.aspx?tn=272858,cec_tn272858__TN272858_20260918T151209_September_2026_-_Data_Center_PGE_Request_for_Confidenti,data/raw/cec_iepr_docket/2026-09-21/cec_tn272858__TN272858_20260918T151209_September_2026_-_Data_Center_PGE_Request_for_Confidenti,2026-09-21,e1437a750f8c6923fb5e08b55af2962b87ede369ae5363d80e1a5099c27b2668,727076,200,application/pdf,vintage,2026 IEPR cycle. File type resolved from Content-Disposition at download.
cec_tn271962,cec_iepr_docket,CEC,"CEC docket 26-IEPR-03 TN 271962: San Jose Clean Energy - CEC DAWG meeting, Aug 11 2026",https://efiling.energy.ca.gov/GetDocument.aspx?tn=271962,https://efiling.energy.ca.gov/GetDocument.aspx?tn=271962,cec_tn271962__TN271962_20260811T164636_San_Jose_Clean_Energy_-_CEC_DAWG_MEETING.pdf,data/raw/cec_iepr_docket/2026-09-21/cec_tn271962__TN271962_20260811T164636_San_Jose_Clean_Energy_-_CEC_DAWG_MEETING.pdf,2026-09-21,328b57447a301bf726801de0f4e4fa8981a7e068e0626f56e527b68650e6ec6f,1025344,200,application/pdf,vintage,2026 IEPR cycle. File type resolved from Content-Disposition at download.
cec_tn271974,cec_iepr_docket,CEC,"CEC docket 26-IEPR-03 TN 271974: City of Palo Alto Utilities - CEC Demand Analysis Working Group meeting, Aug 12 2026",https://efiling.energy.ca.gov/GetDocument.aspx?tn=271974,https://efiling.energy.ca.gov/GetDocument.aspx?tn=271974,cec_tn271974__TN271974_20260812T115554_City_of_Palo_Alto_Utilities_-_CEC_Demand_Analysis_Worki,data/raw/cec_iepr_docket/2026-09-21/cec_tn271974__TN271974_20260812T115554_City_of_Palo_Alto_Utilities_-_CEC_Demand_Analysis_Worki,2026-09-21,8a33e9f921077ba5bbaf39332a8ff3e3c6b514f6e67fb61af7f5c73b4ec8b015,953255,200,application/pdf,vintage,2026 IEPR cycle. File type resolved from Content-Disposition at download.
cec_tn272798,cec_iepr_docket,CEC,CEC docket 26-IEPR-03 TN 272798: SCE comments on 2026 IEPR workshops on energy demand forecast inputs and load modifier assumptions,https://efiling.energy.ca.gov/GetDocument.aspx?tn=272798,https://efiling.energy.ca.gov/GetDocument.aspx?tn=272798,cec_tn272798__TN272798_20260915T153316_SCE_Comments_on_2026_IEPR_Workshops_on_Energy_Demand_Fo,data/raw/cec_iepr_docket/2026-09-21/cec_tn272798__TN272798_20260915T153316_SCE_Comments_on_2026_IEPR_Workshops_on_Energy_Demand_Fo,2026-09-21,81312d46166e9436b71b926083c1af4d190bb7346c45e0361ca9d0c50a125867,481454,200,application/pdf,vintage,2026 IEPR cycle. File type resolved from Content-Disposition at download.
cec_tn272804,cec_iepr_docket,CEC,"CEC docket 26-IEPR-03 TN 272804: Transcript - IEPR Commissioner Workshop on Load Modifier Inputs and Assumptions, Aug 31 2026",https://efiling.energy.ca.gov/GetDocument.aspx?tn=272804,https://efiling.energy.ca.gov/GetDocument.aspx?tn=272804,cec_tn272804__TN272804_20260915T165959_Transcript_IEPR_Commissioner_Workshop_on_Load_Modifier_,data/raw/cec_iepr_docket/2026-09-21/cec_tn272804__TN272804_20260915T165959_Transcript_IEPR_Commissioner_Workshop_on_Load_Modifier_,2026-09-21,2ce20030494ed371e2c9a069f54a58606b41e9f0d9ad4af9f54430a75f860262,1436558,200,application/pdf,vintage,2026 IEPR cycle. File type resolved from Content-Disposition at download.
cec_tn272131,cec_iepr_docket,CEC,"CEC docket 26-IEPR-03 TN 272131: Transcript - IEPR Commissioner Workshop on Energy Demand Forecast Inputs and Assumptions, Aug 18 2026",https://efiling.energy.ca.gov/GetDocument.aspx?tn=272131,https://efiling.energy.ca.gov/GetDocument.aspx?tn=272131,cec_tn272131__TN272131_20260821T144603_Transcript_-_IEPR_Commissioner_Workshop_on_Energy_Deman,data/raw/cec_iepr_docket/2026-09-21/cec_tn272131__TN272131_20260821T144603_Transcript_-_IEPR_Commissioner_Workshop_on_Energy_Deman,2026-09-21,d6a7e0f2163f3fe692e2505f1c4e1790680912191bdfcee36fa834652b3fbe91,1432249,200,application/pdf,vintage,2026 IEPR cycle. File type resolved from Content-Disposition at download.
cec_tn272807,cec_iepr_docket,CEC,CEC docket 26-IEPR-03 TN 272807: Public Advocates Office comments on the 2026 IEPR Update demand forecast workshop,https://efiling.energy.ca.gov/GetDocument.aspx?tn=272807,https://efiling.energy.ca.gov/GetDocument.aspx?tn=272807,cec_tn272807__TN272807_20260915T164318_Public_Advocates_Office_Comments_-_Public_Advocates_Off,data/raw/cec_iepr_docket/2026-09-21/cec_tn272807__TN272807_20260915T164318_Public_Advocates_Office_Comments_-_Public_Advocates_Off,2026-09-21,2ed53e0e679c8390eb494db72784024e75d2011c8d2f7679e18071c88d45cb8d,1076482,200,application/pdf,vintage,2026 IEPR cycle. File type resolved from Content-Disposition at download.
cec_tn272792,cec_iepr_docket,CEC,CEC docket 26-IEPR-03 TN 272792: CalCCA comments on the IEPR Commissioner workshop on energy demand forecast inputs and assumptions,https://efiling.energy.ca.gov/GetDocument.aspx?tn=272792,https://efiling.energy.ca.gov/GetDocument.aspx?tn=272792,cec_tn272792__TN272792_20260915T142643_CALCCA_COMMENTS_ON_THE_IEPR_COMMISSIONER_WORKSHOP_ON_EN,data/raw/cec_iepr_docket/2026-09-21/cec_tn272792__TN272792_20260915T142643_CALCCA_COMMENTS_ON_THE_IEPR_COMMISSIONER_WORKSHOP_ON_EN,2026-09-21,96ee74df49043add1e3993d73531676979fbef3b64b5a9d6341a2629b360f8ab,592428,200,application/pdf,vintage,2026 IEPR cycle. File type resolved from Content-Disposition at download.
cec_tn272812,cec_iepr_docket,CEC,CEC docket 26-IEPR-03 TN 272812: San Jose Clean Energy comments on 2026 IEPR demand forecast workshops,https://efiling.energy.ca.gov/GetDocument.aspx?tn=272812,https://efiling.energy.ca.gov/GetDocument.aspx?tn=272812,cec_tn272812__TN272812_20260916T093725_San_Jose_Clean_Energy_Comments_-_San_Jos_Clean_Energy_C,data/raw/cec_iepr_docket/2026-09-21/cec_tn272812__TN272812_20260916T093725_San_Jose_Clean_Energy_Comments_-_San_Jos_Clean_Energy_C,2026-09-21,13eff0ce75051d0bb4dadb7b42646766c91d5136c11f81954dc2b8a9f506e6b1,1227771,200,application/pdf,vintage,2026 IEPR cycle. File type resolved from Content-Disposition at download.
cec_docket_log_26iepr03,cec_iepr_docket,CEC,Docket log listing for 26-IEPR-03 (HTML),https://efiling.energy.ca.gov/Lists/DocketLog.aspx?docketnumber=26-IEPR-03,https://efiling.energy.ca.gov/Lists/DocketLog.aspx?docketnumber=26-IEPR-03,docketlog_26-IEPR-03.html,data/raw/cec_iepr_docket/2026-09-21/docketlog_26-IEPR-03.html,2026-09-21,2e010b0cab47fbce4ee310414e60ec3d012a7d23021a8031527e2ed08ffeff6a,68719,200,text/html,html;vintage,
cec_tn268799,cec_iepr_docket,CEC,CEC docket 26-IEPR-03 TN 268799: Memo to open new docket 26-IEPR-03,https://efiling.energy.ca.gov/GetDocument.aspx?tn=268799,https://efiling.energy.ca.gov/GetDocument.aspx?tn=268799,cec_tn268799__TN268799_20260225T091519_Memo_to_Open_New_Docket.pdf,data/raw/cec_iepr_docket/2026-09-21/cec_tn268799__TN268799_20260225T091519_Memo_to_Open_New_Docket.pdf,2026-09-21,1fa20b569be4fd35c170e0c6dd7b62da063d67c9cf3ceaef80b1d94c3252a6c2,514209,200,application/pdf,vintage,2026 IEPR cycle. File type resolved from Content-Disposition at download.
cec_tn272816,cec_iepr_docket,CEC,"CEC docket 26-IEPR-03 TN 272816: Industrious Labs, Earthjustice, Sierra Club, 2035 Initiative comments on AAFS 6",https://efiling.energy.ca.gov/GetDocument.aspx?tn=272816,https://efiling.energy.ca.gov/GetDocument.aspx?tn=272816,cec_tn272816__TN272816_20260916T095749_Teresa_Cheng_Comments_-_Industrious_Labs_Earthjustice_S,data/raw/cec_iepr_docket/2026-09-21/cec_tn272816__TN272816_20260916T095749_Teresa_Cheng_Comments_-_Industrious_Labs_Earthjustice_S,2026-09-21,91aa77c3b2829cda201c6d8f97d2536377e6d599f6e87352d02dd855d24f3110,997755,200,application/pdf,vintage,2026 IEPR cycle. File type resolved from Content-Disposition at download.
kollar_grady_2025_zenodo,facilities,Kollar & Grady (Zenodo 10.5281/zenodo.17372375),Dataset for 'The relationship between data centers and the climate is a systems challenge: a spatial analysis of United States data centers' (Environ. Res. Commun. 2025),https://zenodo.org/records/17372375/files/DataCenterRiskRepository.zip?download=1,https://zenodo.org/records/17372375/files/DataCenterRiskRepository.zip?download=1,DataCenterRiskRepository.zip,data/raw/facilities/2026-09-21/DataCenterRiskRepository.zip,2026-09-21,67fb70c7a5a37f1616adf25e72582e932d2d77f841301650bc3773070d9199bf,77988290,200,"application/octet-stream, application/octet-stream",large,
caiso_outlook_co2,caiso_outlook,CAISO,"CAISO Today's Outlook history, co2.csv, 5-minute, 20180410 to 20260920",https://www.caiso.com/outlook/history/YYYYMMDD/co2.csv,https://www.caiso.com/outlook/history/YYYYMMDD/co2.csv,3086 files,data/raw/caiso_outlook/2026-09-21/co2,2026-09-21,f4f6aeda05d431bd66ee81f6754459327de1d188bf24deaa2bd8b25a80f00723,25804953,200,text/csv,collection,One CSV per day; combined hash = sha256 of concatenated per-file hashes in day order.
caiso_outlook_fuelsource,caiso_outlook,CAISO,"CAISO Today's Outlook history, fuelsource.csv, 5-minute, 20180410 to 20260920",https://www.caiso.com/outlook/history/YYYYMMDD/fuelsource.csv,https://www.caiso.com/outlook/history/YYYYMMDD/fuelsource.csv,3086 files,data/raw/caiso_outlook/2026-09-21/fuelsource,2026-09-21,8c8dced65ca701f01345fc3daf91e87a02e18f73c1b492541fabb8467f29bcad,54594520,200,text/csv,collection,One CSV per day; combined hash = sha256 of concatenated per-file hashes in day order.
caiso_outlook_demand,caiso_outlook,CAISO,"CAISO Today's Outlook history, demand.csv, 5-minute, 20180410 to 20260920",https://www.caiso.com/outlook/history/YYYYMMDD/demand.csv,https://www.caiso.com/outlook/history/YYYYMMDD/demand.csv,3086 files,data/raw/caiso_outlook/2026-09-21/demand,2026-09-21,76bf6c866f0782a261c219c16106cca79ab15963c64c27785e8ece7802121444,22949511,200,text/csv,collection,One CSV per day; combined hash = sha256 of concatenated per-file hashes in day order.
caiso_outlook_netdemand,caiso_outlook,CAISO,"CAISO Today's Outlook history, netdemand.csv, 5-minute, 20180410 to 20260920",https://www.caiso.com/outlook/history/YYYYMMDD/netdemand.csv,https://www.caiso.com/outlook/history/YYYYMMDD/netdemand.csv,3086 files,data/raw/caiso_outlook/2026-09-21/netdemand,2026-09-21,59133c0c7cc17825ca06307e8fa0d414fe263d4fcd67a43af7d65dda211f27cf,25903325,200,text/csv,collection,One CSV per day; combined hash = sha256 of concatenated per-file hashes in day order.
caiso_outlook_renewables,caiso_outlook,CAISO,"CAISO Today's Outlook history, renewables.csv, 5-minute, 20180410 to 20260920",https://www.caiso.com/outlook/history/YYYYMMDD/renewables.csv,https://www.caiso.com/outlook/history/YYYYMMDD/renewables.csv,3086 files,data/raw/caiso_outlook/2026-09-21/renewables,2026-09-21,76461ce75cc38b1466f83070b1241ede6df23c2974ccdc432b51f62504efb070,28835961,200,text/csv,collection,One CSV per day; combined hash = sha256 of concatenated per-file hashes in day order.
ercot_monthly_2026_05,ercot,ERCOT,"ERCOT Monthly, May 2026 (large load queue totals by status)",https://www.ercot.com/files/docs/2026/06/19/ERCOT-Monthly-May-2026.pdf,https://www.ercot.com/files/docs/2026/06/19/ERCOT-Monthly-May-2026.pdf,ERCOT-Monthly-2026-05.pdf,data/raw/ercot/2026-09-21/ERCOT-Monthly-2026-05.pdf,2026-09-21,079d92ddf546efe114e32972f30aec89a038190476df88e11354ff425f8f154d,776933,200,application/pdf,vintage,
ercot_presentations_index,ercot,ERCOT,ERCOT news/presentations index page (HTML; lists ERCOT Monthly PDFs),https://www.ercot.com/news/presentations,https://www.ercot.com/news/presentations,ercot_presentations_index.html,data/raw/ercot/2026-09-21/ercot_presentations_index.html,2026-09-21,7de70ee06e7c1a0aa6962caa83faa8ff9e8cd894bc58a580c7fa6c97bfa71694,90350,200,text/html,html;vintage,
ercot_monthly_2026_02,ercot,ERCOT,"ERCOT Monthly, February 2026 (large load queue totals by status)",https://www.ercot.com/files/docs/2026/03/17/ERCOT-Monthly-February-2026-FINAL.pdf,https://www.ercot.com/files/docs/2026/03/17/ERCOT-Monthly-February-2026-FINAL.pdf,ERCOT-Monthly-2026-02.pdf,data/raw/ercot/2026-09-21/ERCOT-Monthly-2026-02.pdf,2026-09-21,3d21f664f146914660c175409a1a11c5dacf4c77891a3506182037bbccb6d4d8,1081480,200,application/pdf,vintage,
ercot_monthly_2026_06,ercot,ERCOT,"ERCOT Monthly, June 2026 (large load queue totals by status)",https://www.ercot.com/files/docs/2026/07/10/ERCOT-Monthly-June-2026-FINAL.pdf,https://www.ercot.com/files/docs/2026/07/10/ERCOT-Monthly-June-2026-FINAL.pdf,ERCOT-Monthly-2026-06.pdf,data/raw/ercot/2026-09-21/ERCOT-Monthly-2026-06.pdf,2026-09-21,7c55339095a5c50a47e02ae02d3a22023a9f35c6e95b079264f94d41484b6b23,796910,200,application/pdf,vintage,
eia_ice_wholesale_2017,eia_wholesale,EIA (ICE data),"EIA wholesale electricity market data from ICE, 2017: daily hub prices incl. NP15 and SP15",https://www.eia.gov/electricity/wholesale/xls/archive/ice_electric-2017final.xlsx,https://www.eia.gov/electricity/wholesale/xls/archive/ice_electric-2017final.xlsx,eia_ice_wholesale_2017__ice_electric-2017final.xlsx,data/raw/eia_wholesale/2026-09-21/eia_ice_wholesale_2017__ice_electric-2017final.xlsx,2026-09-21,9641b453da622347d7effdd058b021422d4b8672af2b75829efc2c70f2de71ec,113202,200,application/vnd.openxmlformats-officedocument.spreadsheetml.sheet,,Fills 2015-Aug 2023 where CAISO OASIS no longer serves hourly DAM LMPs (about 3-year retention).
eia_ice_wholesale_2016,eia_wholesale,EIA (ICE data),"EIA wholesale electricity market data from ICE, 2016: daily hub prices incl. NP15 and SP15",https://www.eia.gov/electricity/wholesale/xls/archive/ice_electric-2016final.xls,https://www.eia.gov/electricity/wholesale/xls/archive/ice_electric-2016final.xls,eia_ice_wholesale_2016__ice_electric-2016final.xls,data/raw/eia_wholesale/2026-09-21/eia_ice_wholesale_2016__ice_electric-2016final.xls,2026-09-21,ff8614b26d1032f07aedf1a6bedec09b3f204bd64d23b4098915d08734f65c88,230400,200,application/vnd.ms-excel,,Fills 2015-Aug 2023 where CAISO OASIS no longer serves hourly DAM LMPs (about 3-year retention).
eia_ice_wholesale_2018,eia_wholesale,EIA (ICE data),"EIA wholesale electricity market data from ICE, 2018: daily hub prices incl. NP15 and SP15",https://www.eia.gov/electricity/wholesale/xls/archive/ice_electric-2018final.xlsx,https://www.eia.gov/electricity/wholesale/xls/archive/ice_electric-2018final.xlsx,eia_ice_wholesale_2018__ice_electric-2018final.xlsx,data/raw/eia_wholesale/2026-09-21/eia_ice_wholesale_2018__ice_electric-2018final.xlsx,2026-09-21,68c185358336e45217bf7d87e5a1d87f8cab0a33b9294438de9ca733d16b5131,104984,200,application/vnd.openxmlformats-officedocument.spreadsheetml.sheet,,Fills 2015-Aug 2023 where CAISO OASIS no longer serves hourly DAM LMPs (about 3-year retention).
eia_ice_wholesale_2015,eia_wholesale,EIA (ICE data),"EIA wholesale electricity market data from ICE, 2015: daily hub prices incl. NP15 and SP15",https://www.eia.gov/electricity/wholesale/xls/archive/ice_electric-2015final.xls,https://www.eia.gov/electricity/wholesale/xls/archive/ice_electric-2015final.xls,eia_ice_wholesale_2015__ice_electric-2015final.xls,data/raw/eia_wholesale/2026-09-21/eia_ice_wholesale_2015__ice_electric-2015final.xls,2026-09-21,d53f8d183f6b5f58a4911c20135dd840cc4fc816602e3310bbf27c3e45882d1d,242688,200,application/vnd.ms-excel,,Fills 2015-Aug 2023 where CAISO OASIS no longer serves hourly DAM LMPs (about 3-year retention).
eia_ice_wholesale_2020,eia_wholesale,EIA (ICE data),"EIA wholesale electricity market data from ICE, 2020: daily hub prices incl. NP15 and SP15",https://www.eia.gov/electricity/wholesale/xls/archive/ice_electric-2020final.xlsx,https://www.eia.gov/electricity/wholesale/xls/archive/ice_electric-2020final.xlsx,eia_ice_wholesale_2020__ice_electric-2020final.xlsx,data/raw/eia_wholesale/2026-09-21/eia_ice_wholesale_2020__ice_electric-2020final.xlsx,2026-09-21,f63904dadcdb06a730823475bd9cc0b384e0a7ab2b7b63695793e06d69366270,95222,200,application/vnd.openxmlformats-officedocument.spreadsheetml.sheet,,Fills 2015-Aug 2023 where CAISO OASIS no longer serves hourly DAM LMPs (about 3-year retention).
eia_ice_wholesale_2019,eia_wholesale,EIA (ICE data),"EIA wholesale electricity market data from ICE, 2019: daily hub prices incl. NP15 and SP15",https://www.eia.gov/electricity/wholesale/xls/archive/ice_electric-2019final.xlsx,https://www.eia.gov/electricity/wholesale/xls/archive/ice_electric-2019final.xlsx,eia_ice_wholesale_2019__ice_electric-2019final.xlsx,data/raw/eia_wholesale/2026-09-21/eia_ice_wholesale_2019__ice_electric-2019final.xlsx,2026-09-21,fc758e316d44989fe31d8118f7fb9e06b5d11fd6b28a0e90e02fd5fc6c27081a,100563,200,application/vnd.openxmlformats-officedocument.spreadsheetml.sheet,,Fills 2015-Aug 2023 where CAISO OASIS no longer serves hourly DAM LMPs (about 3-year retention).
eia_ice_wholesale_2021,eia_wholesale,EIA (ICE data),"EIA wholesale electricity market data from ICE, 2021: daily hub prices incl. NP15 and SP15",https://www.eia.gov/electricity/wholesale/xls/archive/ice_electric-2021final.xlsx,https://www.eia.gov/electricity/wholesale/xls/archive/ice_electric-2021final.xlsx,eia_ice_wholesale_2021__ice_electric-2021final.xlsx,data/raw/eia_wholesale/2026-09-21/eia_ice_wholesale_2021__ice_electric-2021final.xlsx,2026-09-21,04cd402c04df9fce9b24c35c0e8c7c9a4240130cabb051ad754f5e3ba1f7a1e5,106191,200,application/vnd.openxmlformats-officedocument.spreadsheetml.sheet,,Fills 2015-Aug 2023 where CAISO OASIS no longer serves hourly DAM LMPs (about 3-year retention).
eia_ice_wholesale_2022,eia_wholesale,EIA (ICE data),"EIA wholesale electricity market data from ICE, 2022: daily hub prices incl. NP15 and SP15",https://www.eia.gov/electricity/wholesale/xls/archive/ice_electric-2022final.xlsx,https://www.eia.gov/electricity/wholesale/xls/archive/ice_electric-2022final.xlsx,eia_ice_wholesale_2022__ice_electric-2022final.xlsx,data/raw/eia_wholesale/2026-09-21/eia_ice_wholesale_2022__ice_electric-2022final.xlsx,2026-09-21,b8cdbd4651aff8c97433252e426c460dbae8bf91868c41cc01580dfb859d19d7,102695,200,application/vnd.openxmlformats-officedocument.spreadsheetml.sheet,,Fills 2015-Aug 2023 where CAISO OASIS no longer serves hourly DAM LMPs (about 3-year retention).
eia_ice_wholesale_2024,eia_wholesale,EIA (ICE data),"EIA wholesale electricity market data from ICE, 2024: daily hub prices incl. NP15 and SP15",https://www.eia.gov/electricity/wholesale/xls/archive/ice_electric-2024final.xlsx,https://www.eia.gov/electricity/wholesale/xls/archive/ice_electric-2024final.xlsx,eia_ice_wholesale_2024__ice_electric-2024final.xlsx,data/raw/eia_wholesale/2026-09-21/eia_ice_wholesale_2024__ice_electric-2024final.xlsx,2026-09-21,24c7106b9711f339e898141ce0f75f59fccd023ded50c7217fe1c60a37f806d5,90065,200,application/vnd.openxmlformats-officedocument.spreadsheetml.sheet,,Fills 2015-Aug 2023 where CAISO OASIS no longer serves hourly DAM LMPs (about 3-year retention).
eia_ice_wholesale_2023,eia_wholesale,EIA (ICE data),"EIA wholesale electricity market data from ICE, 2023: daily hub prices incl. NP15 and SP15",https://www.eia.gov/electricity/wholesale/xls/archive/ice_electric-2023final.xlsx,https://www.eia.gov/electricity/wholesale/xls/archive/ice_electric-2023final.xlsx,eia_ice_wholesale_2023__ice_electric-2023final.xlsx,data/raw/eia_wholesale/2026-09-21/eia_ice_wholesale_2023__ice_electric-2023final.xlsx,2026-09-21,268e79b344d04cb6cc46960f64c05e4bcdf82e5b82338e05512dc8b3776c27d6,100680,200,application/vnd.openxmlformats-officedocument.spreadsheetml.sheet,,Fills 2015-Aug 2023 where CAISO OASIS no longer serves hourly DAM LMPs (about 3-year retention).
eia_ice_wholesale_2025,eia_wholesale,EIA (ICE data),"EIA wholesale electricity market data from ICE, 2025: daily hub prices incl. NP15 and SP15",https://www.eia.gov/electricity/wholesale/xls/archive/ice_electric-2025final.xlsx,https://www.eia.gov/electricity/wholesale/xls/archive/ice_electric-2025final.xlsx,eia_ice_wholesale_2025__ice_electric-2025final.xlsx,data/raw/eia_wholesale/2026-09-21/eia_ice_wholesale_2025__ice_electric-2025final.xlsx,2026-09-21,5890d90e227ddff14e2beadf231a7a5792c6328f697466f4e2383982a600780b,92432,200,application/vnd.openxmlformats-officedocument.spreadsheetml.sheet,,Fills 2015-Aug 2023 where CAISO OASIS no longer serves hourly DAM LMPs (about 3-year retention).
eia_ice_wholesale_2026,eia_wholesale,EIA (ICE data),"EIA wholesale electricity market data from ICE, 2026: daily hub prices incl. NP15 and SP15",https://www.eia.gov/electricity/wholesale/xls/ice_electric-2026.xlsx,https://www.eia.gov/electricity/wholesale/xls/ice_electric-2026.xlsx,eia_ice_wholesale_2026__ice_electric-2026.xlsx,data/raw/eia_wholesale/2026-09-21/eia_ice_wholesale_2026__ice_electric-2026.xlsx,2026-09-21,ee6ab4b4261df28dd70ffd66fcbcf4c3a21c9c1b4d2b070673af16d6035bd416,71441,200,application/vnd.openxmlformats-officedocument.spreadsheetml.sheet,,Fills 2015-Aug 2023 where CAISO OASIS no longer serves hourly DAM LMPs (about 3-year retention).
cec_tn268723,cec_iepr_docket,CEC,CEC docket 25-IEPR-03 TN 268723: CED 2024 Planning Forecast Updated LSE and BAA Tables (final),https://efiling.energy.ca.gov/GetDocument.aspx?tn=268723,https://efiling.energy.ca.gov/GetDocument.aspx?tn=268723,cec_tn268723__TN268723_20260220T075623_CED_2024_Planning_Forecast_Updated_LSE_and_BAA_Tab.xlsx,data/raw/cec_iepr_docket/2026-09-21/cec_tn268723__TN268723_20260220T075623_CED_2024_Planning_Forecast_Updated_LSE_and_BAA_Tab.xlsx,2026-09-21,677f5db520262c197ada28b16b4b78d7bb2baccba0c33edfbf21c3f0d1f827d8,210581,200,application/vnd.openxmlformats-officedocument.spreadsheetml.sheet,,File type resolved from Content-Disposition at download.
cec_tn268725,cec_iepr_docket,CEC,CEC docket 25-IEPR-03 TN 268725: CED 2025 Local Reliability Scenario LSE and BAA Tables (final),https://efiling.energy.ca.gov/GetDocument.aspx?tn=268725,https://efiling.energy.ca.gov/GetDocument.aspx?tn=268725,cec_tn268725__TN268725_20260220T083211_CED_2025_Local_Reliablity_Scenario_LSE_and_BAA_Tab.xlsx,data/raw/cec_iepr_docket/2026-09-21/cec_tn268725__TN268725_20260220T083211_CED_2025_Local_Reliablity_Scenario_LSE_and_BAA_Tab.xlsx,2026-09-21,dba48fac672f4eb0c6a4cfb8151642c5ce4e30909649342bada9c9abd5e5b982,192662,200,application/vnd.openxmlformats-officedocument.spreadsheetml.sheet,,File type resolved from Content-Disposition at download.
cec_tn268127,cec_iepr_docket,CEC,CEC docket 25-IEPR-03 TN 268127: CED 2025 Hourly Forecast CAISO Planning Scenario,https://efiling.energy.ca.gov/GetDocument.aspx?tn=268127,https://efiling.energy.ca.gov/GetDocument.aspx?tn=268127,cec_tn268127__TN268127_20260105T135513_CED_2025_Hourly_Forecast_-_CAISO_-_Planning_Scenar.xlsx,data/raw/cec_iepr_docket/2026-09-21/cec_tn268127__TN268127_20260105T135513_CED_2025_Hourly_Forecast_-_CAISO_-_Planning_Scenar.xlsx,2026-09-21,83c2b6c5f6ce1928dd7510bc6916ed611a03c3f067113fd7c9474b69cd7013a5,22250396,200,application/vnd.openxmlformats-officedocument.spreadsheetml.sheet,,File type resolved from Content-Disposition at download.
cec_tn268125,cec_iepr_docket,CEC,CEC docket 25-IEPR-03 TN 268125: CED 2025 Hourly Forecast CAISO Local Reliability,https://efiling.energy.ca.gov/GetDocument.aspx?tn=268125,https://efiling.energy.ca.gov/GetDocument.aspx?tn=268125,cec_tn268125__TN268125_20260105T135506_CED_2025_Hourly_Forecast_-_CAISO_-_Local_Reliabili.xlsx,data/raw/cec_iepr_docket/2026-09-21/cec_tn268125__TN268125_20260105T135506_CED_2025_Hourly_Forecast_-_CAISO_-_Local_Reliabili.xlsx,2026-09-21,80681106eb7af21fac76873d2dd467693569509f8c45bfd7c57d15fb4a25c517,22420073,200,application/vnd.openxmlformats-officedocument.spreadsheetml.sheet,,File type resolved from Content-Disposition at download.
caiso_curtailments_monthly_csv,caiso,CAISO,"Monthly wind and solar curtailment totals (MWh) since 2014, CSV behind the Managing the Evolving Grid chart",https://www.caiso.com/content/charts/curtailments-monthly.csv,https://www.caiso.com/content/charts/curtailments-monthly.csv,caiso_curtailments-monthly.csv,data/raw/caiso/2026-09-21/caiso_curtailments-monthly.csv,2026-09-21,8a283e4d5ab5b7c0456bf525cac5aee5edafd34e49510f4f3806258477fdcc2c,2632,200,text/csv,vintage,
caiso_key_statistics_2026_08,caiso,CAISO,"CAISO Key Statistics, August 2026",https://www.caiso.com/documents/key-statistics-aug-2026.pdf,https://www.caiso.com/documents/key-statistics-aug-2026.pdf,caiso_key_statistics_2026_08__key-statistics-aug-2026.pdf,data/raw/caiso/2026-09-21/caiso_key_statistics_2026_08__key-statistics-aug-2026.pdf,2026-09-21,b1c98ee0da955a75ff9a78daa4e4692d710f4d8fe5cb30e76b5dba8584aff570,614487,200,application/pdf,vintage,
eia930_reference_tables,eia930,EIA,"EIA-930 reference tables: balancing authorities, regions (CAL = BANC, CISO, IID, LDWP, TIDC) and subregions",https://www.eia.gov/electricity/930-content/EIA930_Reference_Tables.xlsx,https://www.eia.gov/electricity/930-content/EIA930_Reference_Tables.xlsx,eia930_reference_tables__EIA930_Reference_Tables.xlsx,data/raw/eia930/2026-09-21/eia930_reference_tables__EIA930_Reference_Tables.xlsx,2026-09-21,b682e4210028d5bf80e14e9502767aded3e9dc1c9342199e1aa4865633f7ac5e,45203,200,application/vnd.openxmlformats-officedocument.spreadsheetml.sheet,,"Needed to build the CAL region aggregate, which is not a row in the six-month files."
caiso_managing_evolving_grid_page,caiso,CAISO,Managing the evolving grid page (HTML; hosts the monthly curtailment chart),https://www.caiso.com/about/our-business/managing-the-evolving-grid,https://www.caiso.com/about/our-business/managing-the-evolving-grid,caiso_managing_the_evolving_grid.html,data/raw/caiso/2026-09-21/caiso_managing_the_evolving_grid.html,2026-09-21,e87af8619ec0dd7c03f25077d871d34c72aad19ad6ef7264b8879cd4bf5b84d8,81657,200,text/html,html,
cpuc_lole_2026_appendix_a,cpuc,CPUC,Appendix A to Loss of Load Expectation Study for 2026 (revised),https://docs.cpuc.ca.gov/PublishedDocs/Efile/G000/M539/K203/539203368.PDF,https://docs.cpuc.ca.gov/PublishedDocs/Efile/G000/M539/K203/539203368.PDF,CPUC_LOLE_2026_Appendix_A_539203368.pdf,data/raw/cpuc/2026-09-21/CPUC_LOLE_2026_Appendix_A_539203368.pdf,2026-09-21,4fb73a862d262617e6feac1872707cb84252279dfea403e519a03e4f752fc9e4,1463094,200,application/pdf,,
cpuc_ra_sod_guide_2026,cpuc,CPUC,"2026 Resource Adequacy and Slice of Day filing guide (counting rules, PRM, QC methods)",https://www.cpuc.ca.gov/-/media/cpuc-website/divisions/energy-division/documents/resource-adequacy-homepage/resource-adequacy-compliance-materials/guides-and-resources/2026-ra-slice-of-day-filing-guide.pdf,https://www.cpuc.ca.gov/-/media/cpuc-website/divisions/energy-division/documents/resource-adequacy-homepage/resource-adequacy-compliance-materials/guides-and-resources/2026-ra-slice-of-day-filing-guide.pdf,cpuc_ra_sod_guide_2026__2026_RA_Slice_of_Day_Filing_Guide.pdf,data/raw/cpuc/2026-09-21/cpuc_ra_sod_guide_2026__2026_RA_Slice_of_Day_Filing_Guide.pdf,2026-09-21,5d8665ca118c82a92b545c9cfdae8e268d6fdc538831b3f94374ee3c277e1460,930687,200,application/pdf,,
cpuc_ra_sod_guide_2025,cpuc,CPUC,2025 Resource Adequacy and Slice of Day filing guide,https://www.cpuc.ca.gov/-/media/cpuc-website/divisions/energy-division/documents/resource-adequacy-homepage/resource-adequacy-compliance-materials/guides-and-resources/2025-ra-slice-of-day-filing-guide.pdf,https://www.cpuc.ca.gov/-/media/cpuc-website/divisions/energy-division/documents/resource-adequacy-homepage/resource-adequacy-compliance-materials/guides-and-resources/2025-ra-slice-of-day-filing-guide.pdf,cpuc_ra_sod_guide_2025__2025_RA_Slice_of_Day_Filing_Guide.pdf,data/raw/cpuc/2026-09-21/cpuc_ra_sod_guide_2025__2025_RA_Slice_of_Day_Filing_Guide.pdf,2026-09-21,a8b1f5df3a0fb6c2cd3507ed062eccf04ec7cbe349d3e5df5552437fa1ab8616,794954,200,application/pdf,,
cpuc_lole_2026_appendix_b,cpuc,CPUC,"Appendix B to Loss of Load Expectation Study for 2026 (revised): LOLE and Slice-of-Day PRM proposal, Dec 2024",https://www.cpuc.ca.gov/-/media/cpuc-website/divisions/energy-division/documents/resource-adequacy-homepage/resource-adequacy-compliance-materials/slice-of-day-compliance-materials/appendix-b-lole-and-sod-prm-proposal_dec2024.pdf,https://www.cpuc.ca.gov/-/media/cpuc-website/divisions/energy-division/documents/resource-adequacy-homepage/resource-adequacy-compliance-materials/slice-of-day-compliance-materials/appendix-b-lole-and-sod-prm-proposal_dec2024.pdf,cpuc_lole_2026_appendix_b__Appendix_B_LOLE_and_SOD_PRM_proposal_Dec2024.pdf,data/raw/cpuc/2026-09-21/cpuc_lole_2026_appendix_b__Appendix_B_LOLE_and_SOD_PRM_proposal_Dec2024.pdf,2026-09-21,91c29222ab9ab554bd3f74ed533832e40a98dcedb0f4dc3d1e3aa522453859b4,859580,200,application/pdf,,
cpuc_ra_oir_2025_09_30,cpuc,CPUC,"Order Instituting Rulemaking on resource adequacy, Sept 30 2025 (new RA proceeding)",https://docs.cpuc.ca.gov/PublishedDocs/Efile/G000/M582/K082/582082526.PDF,https://docs.cpuc.ca.gov/PublishedDocs/Efile/G000/M582/K082/582082526.PDF,CPUC_RA_OIR_2025-09-30_582082526.pdf,data/raw/cpuc/2026-09-21/CPUC_RA_OIR_2025-09-30_582082526.pdf,2026-09-21,8c3edc9dff09ff6243faf44147cebbeb8ca495b009a0517dc184d2fcbd3053af,640274,200,application/pdf,,
cpuc_track3_fact_sheet,cpuc,CPUC,"Fact sheet on the Track 3 RA decision (slice of day, PRM)",https://www.cpuc.ca.gov/-/media/cpuc-website/divisions/energy-division/documents/resource-adequacy-homepage/oga-fact-sheet-on-track-3-decision-final.pdf,https://www.cpuc.ca.gov/-/media/cpuc-website/divisions/energy-division/documents/resource-adequacy-homepage/oga-fact-sheet-on-track-3-decision-final.pdf,cpuc_track3_fact_sheet__OGA_Fact_Sheet_on_Track_3_Decision_Final.pdf,data/raw/cpuc/2026-09-21/cpuc_track3_fact_sheet__OGA_Fact_Sheet_on_Track_3_Decision_Final.pdf,2026-09-21,60b54ab3fae1b5c6a98a4e916c22fb8e14bd0ab1008d2fe3ff07df1081ef6ff1,271644,200,application/pdf,,
cpuc_d2402047_psp,cpuc,CPUC,"Decision 24-02-047 (Feb 2024): 2023 Preferred System Plan, 2024-2026 IRP cycle",https://docs.cpuc.ca.gov/PublishedDocs/Published/G000/M525/K918/525918033.PDF,https://docs.cpuc.ca.gov/PublishedDocs/Published/G000/M525/K918/525918033.PDF,CPUC_D2402047_PSP_525918033.pdf,data/raw/cpuc/2026-09-21/CPUC_D2402047_PSP_525918033.pdf,2026-09-21,f813f6b1771fd7ca7388819c9c4827516d6a44894a62eb946bc18cb79da7d5a5,4911697,200,application/pdf,,
jll_na_dc_report_midyear_2025_mirror,market_reports,JLL (mirror: Real Estate Daily News),"JLL North America Data Center Report, Midyear 2025 - mirror copy",https://realestatedaily-news.com/wp-content/uploads/2025/08/JLL-North-America-Data-Center-Report-Midyear-2025-8.14.25.pdf,https://realestatedaily-news.com/wp-content/uploads/2025/08/JLL-North-America-Data-Center-Report-Midyear-2025-8.14.25.pdf,JLL_NA_Data_Center_Report_Midyear_2025_MIRROR.pdf,data/raw/market_reports/2026-09-21/JLL_NA_Data_Center_Report_Midyear_2025_MIRROR.pdf,2026-09-21,d2d257b3f213d6efb76be5b7d170d7d8e751621be0558694ce02ecc56b2ccdc2,1434992,200,application/pdf,mirror,
cbre_na_dc_trends_h1_2026_page,market_reports,CBRE,North America Data Center Trends H1 2026 book page (HTML),https://www.cbre.com/insights/books/north-america-data-center-trends-h1-2026,https://www.cbre.com/insights/books/north-america-data-center-trends-h1-2026,cbre_na_dc_trends_h1_2026.html,data/raw/market_reports/2026-09-21/cbre_na_dc_trends_h1_2026.html,2026-09-21,1e47810204809e626844ce1c2efcde29f715b12682f58eac3b013c268b417359,363221,200,text/html,html;manual,
cbre_press_2025_records,market_reports,CBRE,CBRE press release: Fast-growing North American data center market set records in 2025 (HTML),https://www.cbre.com/press-releases/fast-growing-north-american-data-center-market-set-records-in-2025,https://www.cbre.com/press-releases/fast-growing-north-american-data-center-market-set-records-in-2025,cbre_press_release_2025_records.html,data/raw/market_reports/2026-09-21/cbre_press_release_2025_records.html,2026-09-21,79726774ae4de1941ad5dd1fb687478a648f0d1caabd78906ace98383c0281b4,276494,200,text/html,html,
jll_press_yearend_2025,market_reports,JLL,JLL newsroom: North America Data Center Report year-end 2025 (HTML),https://www.jll.com/en-us/newsroom/jll-north-america-data-center-report-year-end-2025,https://www.jll.com/en-us/newsroom/jll-north-america-data-center-report-year-end-2025,jll_press_yearend_2025.html,data/raw/market_reports/2026-09-21/jll_press_yearend_2025.html,2026-09-21,9339173f3458a3907a7709476eab349b3e355b32e1f9649005cc6b36eb93efd0,292254,200,text/html,html,
ercot_large_load_process_qa_2025_12,ercot,ERCOT,"Large Load Interconnection Process Q&A, Dec 2025",https://www.ercot.com/files/docs/2025/12/24/Large-Load-Interconnection-Process-Q-A.pdf,https://www.ercot.com/files/docs/2025/12/24/Large-Load-Interconnection-Process-Q-A.pdf,ercot_large_load_process_qa_2025_12__Large-Load-Interconnection-Process-Q-A.pdf,data/raw/ercot/2026-09-21/ercot_large_load_process_qa_2025_12__Large-Load-Interconnection-Process-Q-A.pdf,2026-09-21,e1fba2a7986a8de346331fb6dbc28897b3371d96e621e0a3e69ca90fc14d22f0,246070,200,application/pdf,,
ercot_board_2026_04_interconnection_update,ercot,ERCOT,"Interconnection and Grid Analysis Update (Jeff Billo), Apr 2026 board item 9",https://www.ercot.com/files/docs/2026/04/13/9-Interconnection-and-Grid-Analysis-Update.pdf,https://www.ercot.com/files/docs/2026/04/13/9-Interconnection-and-Grid-Analysis-Update.pdf,ercot_board_2026_04_interconnection_update__9-Interconnection-and-Grid-Analysis-Update.pdf,data/raw/ercot/2026-09-21/ercot_board_2026_04_interconnection_update__9-Interconnection-and-Grid-Analysis-Update.pdf,2026-09-21,95519a0e5cd8efe842de26b4bba83a499a2e0d23f8713da7818d40a17fa54e85,1013569,200,application/pdf,,
ercot_nprr1267_status_report_proposal,ercot,ERCOT,"NPRR1267 Large Load Interconnection Status Report proposal (Jan 2025, docx)",https://www.ercot.com/files/docs/2025/01/08/1267NPRR-01%20Large%20Load%20Interconnection%20Status%20Report%20010825.docx,https://www.ercot.com/files/docs/2025/01/08/1267NPRR-01%20Large%20Load%20Interconnection%20Status%20Report%20010825.docx,ERCOT_NPRR1267_Large_Load_Interconnection_Status_Report.docx,data/raw/ercot/2026-09-21/ERCOT_NPRR1267_Large_Load_Interconnection_Status_Report.docx,2026-09-21,ec247039de77e26d6ae3fe4a9c33708ad2117bbb2c41b13d9bf5212b6b66ac6b,35058,200,application/vnd.openxmlformats-officedocument.wordprocessingml.document,,
cbre_na_dc_trends_h2_2025_page,market_reports,CBRE,North America Data Center Trends H2 2025 book page (HTML),https://www.cbre.com/insights/books/north-america-data-center-trends-h2-2025,https://www.cbre.com/insights/books/north-america-data-center-trends-h2-2025,cbre_na_dc_trends_h2_2025.html,data/raw/market_reports/2026-09-21/cbre_na_dc_trends_h2_2025.html,2026-09-21,43e1a7327ed21b566fe7cab5b65e40b1dba3c6d4cb5c2956d6adb89635e53e68,355835,200,text/html,html;manual,
eia861_2012,eia861,EIA,EIA-861 Annual Electric Power Industry Report 2012,https://www.eia.gov/electricity/data/eia861/archive/zip/f8612012.zip,https://www.eia.gov/electricity/data/eia861/archive/zip/f8612012.zip,f8612012.zip,data/raw/eia861/2026-09-21/f8612012.zip,2026-09-21,a50a3e90afd8886aa38243ea12a334c11e1fdb87cc24719176fbfdf3ee909edd,2808595,200,application/x-zip-compressed,,"Retail sales by utility, sector and state (Sales_Ult_Cust)."
cw_americas_dc_update_page,market_reports,Cushman & Wakefield,Americas Data Center Update H2 2025 page (HTML),https://www.cushmanwakefield.com/en/insights/americas-data-center-update,https://www.cushmanwakefield.com/en/insights/americas-data-center-update,cw_americas_dc_update.html,data/raw/market_reports/2026-09-21/cw_americas_dc_update.html,2026-09-21,5d47861c0a7c9600c60748f0f266274a3f45e463a157fcfade9be37bd1fc85a5,77703,200,text/html,html;manual,
eia861_2013,eia861,EIA,EIA-861 Annual Electric Power Industry Report 2013,https://www.eia.gov/electricity/data/eia861/archive/zip/f8612013.zip,https://www.eia.gov/electricity/data/eia861/archive/zip/f8612013.zip,f8612013.zip,data/raw/eia861/2026-09-21/f8612013.zip,2026-09-21,10263d78531c426a28dc36281ca45fcdbfc0b8e69e8dfd74463985c11d533c9b,3245855,200,application/x-zip-compressed,,"Retail sales by utility, sector and state (Sales_Ult_Cust)."
eia861_2014,eia861,EIA,EIA-861 Annual Electric Power Industry Report 2014,https://www.eia.gov/electricity/data/eia861/archive/zip/f8612014.zip,https://www.eia.gov/electricity/data/eia861/archive/zip/f8612014.zip,f8612014.zip,data/raw/eia861/2026-09-21/f8612014.zip,2026-09-21,7b53e6f1ef401c71fd99d4351b3d8529636efbea7fab93b61dc1fff7b4c065bd,3411489,200,application/x-zip-compressed,,"Retail sales by utility, sector and state (Sales_Ult_Cust)."
eia923_2010,eia923,EIA,EIA-923 Power Plant Operations Report 2010,https://www.eia.gov/electricity/data/eia923/archive/xls/f923_2010.zip,https://www.eia.gov/electricity/data/eia923/archive/xls/f923_2010.zip,f923_2010.zip,data/raw/eia923/2026-09-21/f923_2010.zip,2026-09-21,ad78232bbc2cbc32fe91fc27539e7f7506ef216c7ab2feea45375182be1967ca,11004016,200,application/x-zip-compressed,,Monthly generation and fuel consumption by plant.
eia923_2011,eia923,EIA,EIA-923 Power Plant Operations Report 2011,https://www.eia.gov/electricity/data/eia923/archive/xls/f923_2011.zip,https://www.eia.gov/electricity/data/eia923/archive/xls/f923_2011.zip,f923_2011.zip,data/raw/eia923/2026-09-21/f923_2011.zip,2026-09-21,cc1dfd5a90c0b49c7e853cb03d84a51b97aa6d330070e4a1af65fb4abc10e828,20002292,200,application/x-zip-compressed,,Monthly generation and fuel consumption by plant.
eia923_2012,eia923,EIA,EIA-923 Power Plant Operations Report 2012,https://www.eia.gov/electricity/data/eia923/archive/xls/f923_2012.zip,https://www.eia.gov/electricity/data/eia923/archive/xls/f923_2012.zip,f923_2012.zip,data/raw/eia923/2026-09-21/f923_2012.zip,2026-09-21,99e936f3eab3c3883197b2a8950353cf1fb55d6b8efeeacc8bb891871bbcd066,17886184,200,application/x-zip-compressed,,Monthly generation and fuel consumption by plant.
eia923_2013,eia923,EIA,EIA-923 Power Plant Operations Report 2013,https://www.eia.gov/electricity/data/eia923/archive/xls/f923_2013.zip,https://www.eia.gov/electricity/data/eia923/archive/xls/f923_2013.zip,f923_2013.zip,data/raw/eia923/2026-09-21/f923_2013.zip,2026-09-21,60b14d0587ff600861c2761f4133c86b8404bc86abf09816737484f49ba3ad66,18854113,200,application/x-zip-compressed,,Monthly generation and fuel consumption by plant.
eia860_2010,eia860,EIA,EIA-860 Annual Electric Generator Report 2010,https://www.eia.gov/electricity/data/eia860/archive/xls/eia8602010.zip,https://www.eia.gov/electricity/data/eia860/archive/xls/eia8602010.zip,eia8602010.zip,data/raw/eia860/2026-09-21/eia8602010.zip,2026-09-21,2de9ea2c48282a6a82ffa7af02739eb8d53a1b66abbe635a6b304cdf72d1bf3e,5222411,200,application/x-zip-compressed,,Generator-level inventory incl. planned units and retirement dates.
eia923_2014,eia923,EIA,EIA-923 Power Plant Operations Report 2014,https://www.eia.gov/electricity/data/eia923/archive/xls/f923_2014.zip,https://www.eia.gov/electricity/data/eia923/archive/xls/f923_2014.zip,f923_2014.zip,data/raw/eia923/2026-09-21/f923_2014.zip,2026-09-21,9e91ff0acd4163230d0c248171d6b7bb7c79047122d4802446f158c852af20d7,20951748,200,application/x-zip-compressed,,Monthly generation and fuel consumption by plant.
eia860_2011,eia860,EIA,EIA-860 Annual Electric Generator Report 2011,https://www.eia.gov/electricity/data/eia860/archive/xls/eia8602011.zip,https://www.eia.gov/electricity/data/eia860/archive/xls/eia8602011.zip,eia8602011.zip,data/raw/eia860/2026-09-21/eia8602011.zip,2026-09-21,f246724d305879e26cba16cae68ece7e721f622034f132328fddf692d21682a6,11051815,200,application/x-zip-compressed,,Generator-level inventory incl. planned units and retirement dates.
eia860_2012,eia860,EIA,EIA-860 Annual Electric Generator Report 2012,https://www.eia.gov/electricity/data/eia860/archive/xls/eia8602012.zip,https://www.eia.gov/electricity/data/eia860/archive/xls/eia8602012.zip,eia8602012.zip,data/raw/eia860/2026-09-21/eia8602012.zip,2026-09-21,278caba46fff28753b8d964b8a053d387de3d11a1bf92c2fbb05e6b456936cad,12014782,200,application/x-zip-compressed,,Generator-level inventory incl. planned units and retirement dates.
eia860_2013,eia860,EIA,EIA-860 Annual Electric Generator Report 2013,https://www.eia.gov/electricity/data/eia860/archive/xls/eia8602013.zip,https://www.eia.gov/electricity/data/eia860/archive/xls/eia8602013.zip,eia8602013.zip,data/raw/eia860/2026-09-21/eia8602013.zip,2026-09-21,654f19d965b228ef34d3914a9677a1ae5cd184217c01f18f6edc86b2b9378eb3,14408647,200,application/x-zip-compressed,,Generator-level inventory incl. planned units and retirement dates.
eia860_2014,eia860,EIA,EIA-860 Annual Electric Generator Report 2014,https://www.eia.gov/electricity/data/eia860/archive/xls/eia8602014.zip,https://www.eia.gov/electricity/data/eia860/archive/xls/eia8602014.zip,eia8602014.zip,data/raw/eia860/2026-09-21/eia8602014.zip,2026-09-21,9b4dfeb589523ad069c0b54362a64b0222d2983ca4e6a819d066ca1d98e868a2,15378365,200,application/x-zip-compressed,,Generator-level inventory incl. planned units and retirement dates.
cec_2025_iepr_report_page,cec_iepr_docket,CEC,2025 Integrated Energy Policy Report publication page (HTML),https://www.energy.ca.gov/publications/2026/2025-integrated-energy-policy-report,https://www.energy.ca.gov/publications/2026/2025-integrated-energy-policy-report,cec_2025_iepr_publication_page.html,data/raw/cec_iepr_docket/2026-09-21/cec_2025_iepr_publication_page.html,2026-09-21,1300f4a0202251fc2e71ff69edf62ea718ea01254d22ff83cda5c0e26b02be10,49745,200,text/html,html,
cec_ced_2025_2045_page,cec_iepr_docket,CEC,California Energy Demand 2025-2045 report page (HTML),https://www.energy.ca.gov/data-reports/reports/integrated-energy-policy-report-iepr/2025-integrated-energy-policy-report-0,https://www.energy.ca.gov/data-reports/reports/integrated-energy-policy-report-iepr/2025-integrated-energy-policy-report-0,cec_ced_2025_2045_page.html,data/raw/cec_iepr_docket/2026-09-21/cec_ced_2025_2045_page.html,2026-09-21,55e033c6065953aab226c536b33bb43d68985923f102ffea169d6ba64c127f8d,62909,200,text/html,html,
cec_ced_2025_2045_resolution,cec_iepr_docket,CEC,Resolution adopting the California Energy Demand Forecast 2025-2045 (Jan 21 2026),https://www.energy.ca.gov/filebrowser/download/9208?fid=9208,https://www.energy.ca.gov/filebrowser/download/9208?fid=9208,CEC_Resolution_CED_2025-2045_Item06_ada.pdf,data/raw/cec_iepr_docket/2026-09-21/CEC_Resolution_CED_2025-2045_Item06_ada.pdf,2026-09-21,822e7cd899ccdf6e6a83ac04ea47a9d105e7c327e11e152f21e4ed92294fafd5,430550,200,application/pdf,,
cec_ced_2025_2045_report,cec_iepr_docket,CEC,"California Energy Demand Forecast, 2025-2045: adopted forecast report (Jan 21 2026 business meeting item 06)",https://www.energy.ca.gov/filebrowser/download/9328?fid=9328,https://www.energy.ca.gov/filebrowser/download/9328?fid=9328,CEC_California_Energy_Demand_Forecast_2025-2045_Item06_ada.pdf,data/raw/cec_iepr_docket/2026-09-21/CEC_California_Energy_Demand_Forecast_2025-2045_Item06_ada.pdf,2026-09-21,cd73990c7f6888874d36993feaca033a7b56139e2f8b0cb8241f3c7cb88af87d,1032075,200,application/pdf,,
cpuc_r2510003_proposed_decision_2026_06,cpuc,CPUC,"Proposed decision in R.25-10-003 (resource adequacy rulemaking), Jun 1 2026",https://docs.cpuc.ca.gov/PublishedDocs/Efile/G000/M608/K058/608058096.PDF,https://docs.cpuc.ca.gov/PublishedDocs/Efile/G000/M608/K058/608058096.PDF,CPUC_R2510003_PD_2026-06-01_608058096.pdf,data/raw/cpuc/2026-09-21/CPUC_R2510003_PD_2026-06-01_608058096.pdf,2026-09-21,295f841f7d864cfece9cf27627f270bd5921b5bc83f07086dc22e7e17ea31ff6,1813632,200,application/pdf,,
cpuc_d2506048_prm_2026_2027,cpuc,CPUC,"Decision 25-06-048 (Jun 26 2025): 18 percent planning reserve margin for 2026-2027, local and flexible capacity requirements, RA refinements",https://docs.cpuc.ca.gov/PublishedDocs/Published/G000/M571/K237/571237404.PDF,https://docs.cpuc.ca.gov/PublishedDocs/Published/G000/M571/K237/571237404.PDF,CPUC_D2506048_PRM_571237404.pdf,data/raw/cpuc/2026-09-21/CPUC_D2506048_PRM_571237404.pdf,2026-09-21,ef15b544d8e5983cf36cc969887b634c8552c52b80645e042898d7a18004ca38,3614374,200,application/pdf,,
caiso_library_curtailment_daily_pdf,caiso_library,CAISO,CAISO library collection curtailment_daily_pdf: 3261 documents crawled from /library/daily-wind-solar-real-time-dispatch-curtailment-reports,https://www.caiso.com/library/daily-wind-solar-real-time-dispatch-curtailment-reports,https://www.caiso.com/library/daily-wind-solar-real-time-dispatch-curtailment-reports,3261 files,data/raw/caiso_library/2026-09-21/curtailment_daily_pdf,2026-09-21,23c474a7888a38220d16aaec5c978a751d5362cb965f7e168997bdec0482a307,842312031,200,mixed,collection,Per-file hashes in manifest_collection.csv; combined hash = sha256 of concatenated per-file hashes in filename order.
caiso_library_renewables_daily_html,caiso_library,CAISO,CAISO library collection renewables_daily_html: 479 documents crawled from /library/daily-renewable-reports,https://www.caiso.com/library/daily-renewable-reports,https://www.caiso.com/library/daily-renewable-reports,479 files,data/raw/caiso_library/2026-09-21/renewables_daily_html,2026-09-21,a97b22c9eb06a9f3d04604dff306f05b3a29183d0270f0d22a3f1dedffa5377d,57420625,200,mixed,collection,Per-file hashes in manifest_collection.csv; combined hash = sha256 of concatenated per-file hashes in filename order.
caiso_library_renewables_monthly_pdf,caiso_library,CAISO,CAISO library collection renewables_monthly_pdf: 106 documents crawled from /library/monthly-renewables-performance-report,https://www.caiso.com/library/monthly-renewables-performance-report,https://www.caiso.com/library/monthly-renewables-performance-report,106 files,data/raw/caiso_library/2026-09-21/renewables_monthly_pdf,2026-09-21,1225fe50a2e4ff86e166c0b9d41530bf806a00cd7f81eb53a1b667ce40297b47,16861410,200,mixed,collection,Per-file hashes in manifest_collection.csv; combined hash = sha256 of concatenated per-file hashes in filename order.
eia861_2010,eia861,EIA,EIA-861 Annual Electric Power Industry Report 2010,https://www.eia.gov/electricity/data/eia861/archive/zip/f86110.zip,https://www.eia.gov/electricity/data/eia861/archive/zip/f86110.zip,f86110.zip,data/raw/eia861/2026-09-21/f86110.zip,2026-09-21,1eb3b3c1a279ab995ee138ffd6cd5539ac04dacd620f36cf5973dab05692b26c,2220956,200,application/x-zip-compressed,,"Retail sales by utility, sector and state (Sales_Ult_Cust)."
eia861_2011,eia861,EIA,EIA-861 Annual Electric Power Industry Report 2011,https://www.eia.gov/electricity/data/eia861/archive/zip/f86111.zip,https://www.eia.gov/electricity/data/eia861/archive/zip/f86111.zip,f86111.zip,data/raw/eia861/2026-09-21/f86111.zip,2026-09-21,69f0f2781423db35640103eeb45f2b6b5f61737341cccd739b46383715ebfde9,2375692,200,application/x-zip-compressed,,"Retail sales by utility, sector and state (Sales_Ult_Cust)."
svp_fact_sheet_2017,svp,Silicon Valley Power (via Wayback Machine capture 20260509224755),Silicon Valley Power 2017 Utility Fact Sheet,http://web.archive.org/web/20260509224755id_/https://www.siliconvalleypower.com/home/showpublisheddocument/63875/636918608411270000,http://web.archive.org/web/20260509224755id_/https://www.siliconvalleypower.com/home/showpublisheddocument/63875/636918608411270000,SVP_fact_sheet_2017.pdf,data/raw/svp/2026-09-21/SVP_fact_sheet_2017.pdf,2026-09-21,e110ccc33a42a675785366533917b75da8c5238c0f52215272987bba16cf9483,38195,200,application/pdf,mirror,Original: https://www.siliconvalleypower.com/home/showpublisheddocument/63875/636918608411270000 (site blocks scripted downloads).
svp_fact_sheet_2019,svp,Silicon Valley Power (via Wayback Machine capture 20260509224600),Silicon Valley Power 2019 Utility Fact Sheet,http://web.archive.org/web/20260509224600id_/https://www.siliconvalleypower.com/home/showpublisheddocument/66908/637200354106170000,http://web.archive.org/web/20260509224600id_/https://www.siliconvalleypower.com/home/showpublisheddocument/66908/637200354106170000,SVP_fact_sheet_2019.pdf,data/raw/svp/2026-09-21/SVP_fact_sheet_2019.pdf,2026-09-21,a3c8f24ca287832dd23b73956d6da868b6da4131faa605433b81c76e76066ba2,95005,200,application/pdf,mirror,Original: https://www.siliconvalleypower.com/home/showpublisheddocument/66908/637200354106170000 (site blocks scripted downloads).
svp_fact_sheet_2020,svp,Silicon Valley Power (via Wayback Machine capture 20260509231536),Silicon Valley Power 2020 Utility Fact Sheet,http://web.archive.org/web/20260509231536id_/https://www.siliconvalleypower.com/home/showpublisheddocument/72343/637515110025130000,http://web.archive.org/web/20260509231536id_/https://www.siliconvalleypower.com/home/showpublisheddocument/72343/637515110025130000,SVP_fact_sheet_2020.pdf,data/raw/svp/2026-09-21/SVP_fact_sheet_2020.pdf,2026-09-21,ed8189e999693588258d713ab92a0f3c597aaaaa70b5b01be900f52244fcec7f,85200,200,application/pdf,mirror,Original: https://www.siliconvalleypower.com/home/showpublisheddocument/72343/637515110025130000 (site blocks scripted downloads).
svp_fact_sheet_2018,svp,Silicon Valley Power (via Wayback Machine capture 20260509233703),Silicon Valley Power 2018 Utility Fact Sheet,http://web.archive.org/web/20260509233703id_/https://www.siliconvalleypower.com/home/showpublisheddocument/66906/637200353755670000,http://web.archive.org/web/20260509233703id_/https://www.siliconvalleypower.com/home/showpublisheddocument/66906/637200353755670000,SVP_fact_sheet_2018.pdf,data/raw/svp/2026-09-21/SVP_fact_sheet_2018.pdf,2026-09-21,3db781034ebe39daa39fda5e4fed24fb993e2683fcc20fb8cd23a2ecec1d7575,94284,200,application/pdf,mirror,Original: https://www.siliconvalleypower.com/home/showpublisheddocument/66906/637200353755670000 (site blocks scripted downloads).
svp_fact_sheet_2021,svp,Silicon Valley Power (via Wayback Machine capture 20260509232142),Silicon Valley Power 2021 Utility Fact Sheet,http://web.archive.org/web/20260509232142id_/https://www.siliconvalleypower.com/home/showpublisheddocument/76639/637812250378500000,http://web.archive.org/web/20260509232142id_/https://www.siliconvalleypower.com/home/showpublisheddocument/76639/637812250378500000,SVP_fact_sheet_2021.pdf,data/raw/svp/2026-09-21/SVP_fact_sheet_2021.pdf,2026-09-21,6f0568cbbe9217a7f48f695e6d83bc678efe265baa9eeb2e35cb61a586c6da56,67795,200,application/pdf,mirror,Original: https://www.siliconvalleypower.com/home/showpublisheddocument/76639/637812250378500000 (site blocks scripted downloads).
svp_fact_sheet_2022,svp,Silicon Valley Power (via Wayback Machine capture 20260509223802),Silicon Valley Power 2022 Utility Fact Sheet,http://web.archive.org/web/20260509223802id_/https://www.siliconvalleypower.com/home/showpublisheddocument/79910/638151194612430000,http://web.archive.org/web/20260509223802id_/https://www.siliconvalleypower.com/home/showpublisheddocument/79910/638151194612430000,SVP_fact_sheet_2022.pdf,data/raw/svp/2026-09-21/SVP_fact_sheet_2022.pdf,2026-09-21,4d89cd6dc5c561c95e499bebf80aac524f4906b784d669cb4fd2d7544bdb788c,68293,200,application/pdf,mirror,Original: https://www.siliconvalleypower.com/home/showpublisheddocument/79910/638151194612430000 (site blocks scripted downloads).
svp_fact_sheet_2023,svp,Silicon Valley Power (via Wayback Machine capture 20260509225205),Silicon Valley Power 2023 Utility Fact Sheet,http://web.archive.org/web/20260509225205id_/https://www.siliconvalleypower.com/home/showpublisheddocument/83511/638470585164300000,http://web.archive.org/web/20260509225205id_/https://www.siliconvalleypower.com/home/showpublisheddocument/83511/638470585164300000,SVP_fact_sheet_2023.pdf,data/raw/svp/2026-09-21/SVP_fact_sheet_2023.pdf,2026-09-21,ea00c6e9fd2f318b699d0102070bbde58bd5396d178b03c6c11462a77323219d,195051,200,application/pdf,mirror,Original: https://www.siliconvalleypower.com/home/showpublisheddocument/83511/638470585164300000 (site blocks scripted downloads).
svp_fact_sheet_page_wayback,svp,Silicon Valley Power (via Wayback Machine),"SVP Utility Fact Sheet page, Wayback capture 2026-04-22 (HTML)",http://web.archive.org/web/20260422021223id_/https://www.siliconvalleypower.com/svp-and-community/about-svp/utility-fact-sheet,http://web.archive.org/web/20260422021223id_/https://www.siliconvalleypower.com/svp-and-community/about-svp/utility-fact-sheet,svp_utility_fact_sheet_page_wayback.html,data/raw/svp/2026-09-21/svp_utility_fact_sheet_page_wayback.html,2026-09-21,92002ad1c0cc2f0ecf6e1d69b25d1a477947002f83bda5dbf492fc6667d073dc,100509,200,text/html,html;mirror,
svp_data_centers_page_wayback,svp,Silicon Valley Power (via Wayback Machine),"SVP Data Centers in Santa Clara page, Wayback capture 2026-07-09 (HTML)",http://web.archive.org/web/20260709222236id_/https://www.siliconvalleypower.com/businesses/data-centers-in-santa-clara,http://web.archive.org/web/20260709222236id_/https://www.siliconvalleypower.com/businesses/data-centers-in-santa-clara,svp_data_centers_page_wayback.html,data/raw/svp/2026-09-21/svp_data_centers_page_wayback.html,2026-09-21,e06b3d8b13ef2144173eeca9f782344c2dc8f46814c810e4622caf18fedec72f,86965,200,text/html,html;mirror,
svp_financial_statement_fy2025,svp,Silicon Valley Power (via Wayback Machine capture 20260509224919),"Silicon Valley Power Financial Statement, June 30 2025 (with totals as of June 30 2024)",http://web.archive.org/web/20260509224919id_/https://www.siliconvalleypower.com/home/showpublisheddocument/88630/639010527486700000,http://web.archive.org/web/20260509224919id_/https://www.siliconvalleypower.com/home/showpublisheddocument/88630/639010527486700000,SVP_financial_statement_fy2025.pdf,data/raw/svp/2026-09-21/SVP_financial_statement_fy2025.pdf,2026-09-21,3bc769c5a04d006ca24dd31e4b2e3ae439f0cd4d42e5ff51e9106f1c1a8b2042,5242880,200,application/pdf,mirror;truncated;manual,"INCOMPLETE: Wayback capture is truncated at 5,242,880 of 6,046,530 bytes (x-archive-orig-content-length); pypdf cannot open it. Obtain the original from siliconvalleypower.com by hand and re-record with scripts/record_manual.py."
cbre_na_dc_trends_h1_2026_text,market_reports,CBRE,"North America Data Center Trends H1 2026, overview page text (browser capture; PDF is form-gated)",https://www.cbre.com/insights/books/north-america-data-center-trends-h1-2026,https://www.cbre.com/insights/books/north-america-data-center-trends-h1-2026,cbre_na_dc_trends_h1_2026_overview_browser_capture.txt,data/raw/market_reports/2026-09-21/cbre_na_dc_trends_h1_2026_overview_browser_capture.txt,2026-09-21,b7cbff24224579eb071e04b00c3bc44f0c77eaa6c43a9595e1d1ee768b0f4997,8622,manual,text/plain,manual;browser-capture,Captured with the desktop app browser on 2026-09-21; figures are images and not included.
cpuc_mtr_elcc_transmittal_memo_2023,cpuc,CPUC (via Wayback Machine capture 2025-11-20),"Mid-term reliability ELCC values public transmittal memo, Feb 2023",http://web.archive.org/web/20251120173028id_/https://www.cpuc.ca.gov/-/media/cpuc-website/divisions/energy-division/documents/integrated-resource-plan-and-long-term-procurement-plan-irp-ltpp/2023-02-irp_mtr_elccs-public_transmittal_memo_v1.pdf,http://web.archive.org/web/20251120173028id_/https://www.cpuc.ca.gov/-/media/cpuc-website/divisions/energy-division/documents/integrated-resource-plan-and-long-term-procurement-plan-irp-ltpp/2023-02-irp_mtr_elccs-public_transmittal_memo_v1.pdf,CPUC_MTR_ELCC_transmittal_memo_2023-02.pdf,data/raw/cpuc/2026-09-21/CPUC_MTR_ELCC_transmittal_memo_2023-02.pdf,2026-09-21,ecca8338d365d37d90f98e1b1a1716d2680836edfcfcf9f2d28a0b1c18e1b04e,114187,200,application/pdf,mirror,
cpuc_e3_astrape_incremental_elcc_2023,cpuc,CPUC / E3 / Astrape (via Wayback Machine capture 2025-11-20),Updated Incremental ELCC Study for Mid-Term Reliability Procurement (Feb 2023): ELCC values by technology and year,http://web.archive.org/web/20251120173029id_/https://www.cpuc.ca.gov/-/media/cpuc-website/divisions/energy-division/documents/integrated-resource-plan-and-long-term-procurement-plan-irp-ltpp/20230210_irp_e3_astrape_updated_incremental_elcc_study.pdf,http://web.archive.org/web/20251120173029id_/https://www.cpuc.ca.gov/-/media/cpuc-website/divisions/energy-division/documents/integrated-resource-plan-and-long-term-procurement-plan-irp-ltpp/20230210_irp_e3_astrape_updated_incremental_elcc_study.pdf,CPUC_E3_Astrape_Updated_Incremental_ELCC_Study_2023-02.pdf,data/raw/cpuc/2026-09-21/CPUC_E3_Astrape_Updated_Incremental_ELCC_Study_2023-02.pdf,2026-09-21,01be5998d00668c1e98cb7c829589ec492cf998fdef6aa19a367922f130468c2,1843140,200,application/pdf,mirror,CPUC moved the file (404 as of 2026-09-21); Wayback capture used.
cbre_na_dc_trends_h1_2026_silicon_valley_text,market_reports,CBRE,"North America Data Center Trends H1 2026, Chapter 8 Silicon Valley page text (browser capture)",https://www.cbre.com/insights/books/north-america-data-center-trends-h1-2026/silicon-valley-data-center-market,https://www.cbre.com/insights/books/north-america-data-center-trends-h1-2026/silicon-valley-data-center-market,cbre_na_dc_trends_h1_2026_silicon_valley_browser_capture.txt,data/raw/market_reports/2026-09-21/cbre_na_dc_trends_h1_2026_silicon_valley_browser_capture.txt,2026-09-21,8633b4d812c222bfd59c5a5d03fefe06236513400e1773febd278a41ac88da17,2729,manual,text/plain,manual;browser-capture,Figures are images; see companion image files if captured.
cbre_h1_2026_silicon_valley_infogram_fig1,market_reports,CBRE (Infogram embed),cbre_h1_2026_silicon_valley: figure 1 'Silicon Valley Stats' Infogram data (JSON + 0 extracted CSV tables),https://e.infogram.com/340ed5ef-3a7d-4504-95e0-cca6fd1e1b31,https://www.cbre.com/insights/books/north-america-data-center-trends-h1-2026/silicon-valley-data-center-market,fig1_Silicon_Valley_Stats_340ed5ef-3a7d-4504-95e0-cca6fd1e1b31.json,data/raw/market_reports/2026-09-21/cbre_h1_2026_silicon_valley_infogram/fig1_Silicon_Valley_Stats_340ed5ef-3a7d-4504-95e0-cca6fd1e1b31.json,2026-09-21,e55e5a3a50afb46c10e6e90913de19cc284d0fcf92c964b18e2577a9a69dfcf3,93625,200,application/json,vintage;embed,Embedded in https://www.cbre.com/insights/books/north-america-data-center-trends-h1-2026/silicon-valley-data-center-market; tables extracted heuristically (2-D arrays in the JSON).
cbre_h1_2026_silicon_valley_infogram_fig2,market_reports,CBRE (Infogram embed),cbre_h1_2026_silicon_valley: figure 2 'Silicon Valley Fig 1' Infogram data (JSON + 0 extracted CSV tables),https://e.infogram.com/24055fdc-ac59-4de3-a70e-0be1bfb25cf9,https://www.cbre.com/insights/books/north-america-data-center-trends-h1-2026/silicon-valley-data-center-market,fig2_Silicon_Valley_Fig_1_24055fdc-ac59-4de3-a70e-0be1bfb25cf9.json,data/raw/market_reports/2026-09-21/cbre_h1_2026_silicon_valley_infogram/fig2_Silicon_Valley_Fig_1_24055fdc-ac59-4de3-a70e-0be1bfb25cf9.json,2026-09-21,6fedde11ef6a671820a9d1fd69d233713876a0e80793b2e99f76d03c4c7a6bbd,53591,200,application/json,vintage;embed,Embedded in https://www.cbre.com/insights/books/north-america-data-center-trends-h1-2026/silicon-valley-data-center-market; tables extracted heuristically (2-D arrays in the JSON).
cbre_h1_2026_silicon_valley_infogram_fig3,market_reports,CBRE (Infogram embed),cbre_h1_2026_silicon_valley: figure 3 'Silicon Valley Fig 2' Infogram data (JSON + 0 extracted CSV tables),https://e.infogram.com/16d35c5f-1b5a-4a88-8f1e-a275e7c205ad,https://www.cbre.com/insights/books/north-america-data-center-trends-h1-2026/silicon-valley-data-center-market,fig3_Silicon_Valley_Fig_2_16d35c5f-1b5a-4a88-8f1e-a275e7c205ad.json,data/raw/market_reports/2026-09-21/cbre_h1_2026_silicon_valley_infogram/fig3_Silicon_Valley_Fig_2_16d35c5f-1b5a-4a88-8f1e-a275e7c205ad.json,2026-09-21,ef164e8ce18a1ffddd16be4c1dd53e5a2ad05eff7c4bb57e08a3286df2dec2c6,49268,200,application/json,vintage;embed,Embedded in https://www.cbre.com/insights/books/north-america-data-center-trends-h1-2026/silicon-valley-data-center-market; tables extracted heuristically (2-D arrays in the JSON).
cbre_h1_2026_silicon_valley_infogram_fig4,market_reports,CBRE (Infogram embed),cbre_h1_2026_silicon_valley: figure 4 'Silicon Valley Fig 3' Infogram data (JSON + 0 extracted CSV tables),https://e.infogram.com/8efce6f6-ca04-4659-baea-ca3c28c39e31,https://www.cbre.com/insights/books/north-america-data-center-trends-h1-2026/silicon-valley-data-center-market,fig4_Silicon_Valley_Fig_3_8efce6f6-ca04-4659-baea-ca3c28c39e31.json,data/raw/market_reports/2026-09-21/cbre_h1_2026_silicon_valley_infogram/fig4_Silicon_Valley_Fig_3_8efce6f6-ca04-4659-baea-ca3c28c39e31.json,2026-09-21,97696112862f5e24307d3e168c3f3b45ed5eead9420aaf1926c36df24a30a9ca,43943,200,application/json,vintage;embed,Embedded in https://www.cbre.com/insights/books/north-america-data-center-trends-h1-2026/silicon-valley-data-center-market; tables extracted heuristically (2-D arrays in the JSON).
cbre_h1_2026_silicon_valley_infogram_fig5,market_reports,CBRE (Infogram embed),cbre_h1_2026_silicon_valley: figure 5 'Silicon Valley Fig 4' Infogram data (JSON + 0 extracted CSV tables),https://e.infogram.com/d4e4c9c2-7454-408d-ab4c-d59cee8d7500,https://www.cbre.com/insights/books/north-america-data-center-trends-h1-2026/silicon-valley-data-center-market,fig5_Silicon_Valley_Fig_4_d4e4c9c2-7454-408d-ab4c-d59cee8d7500.json,data/raw/market_reports/2026-09-21/cbre_h1_2026_silicon_valley_infogram/fig5_Silicon_Valley_Fig_4_d4e4c9c2-7454-408d-ab4c-d59cee8d7500.json,2026-09-21,0106b841ca78df747a34511dc95ca97d1c70580b6a7aa68bde2dcdb7d8cd4ba2,38659,200,application/json,vintage;embed,Embedded in https://www.cbre.com/insights/books/north-america-data-center-trends-h1-2026/silicon-valley-data-center-market; tables extracted heuristically (2-D arrays in the JSON).
cbre_h1_2026_silicon_valley_infogram_fig6,market_reports,CBRE (Infogram embed),cbre_h1_2026_silicon_valley: figure 6 'Silicon Valley Fig 5' Infogram data (JSON + 0 extracted CSV tables),https://e.infogram.com/b73fa5d8-dc38-413d-a948-f2f2116c49b2,https://www.cbre.com/insights/books/north-america-data-center-trends-h1-2026/silicon-valley-data-center-market,fig6_Silicon_Valley_Fig_5_b73fa5d8-dc38-413d-a948-f2f2116c49b2.json,data/raw/market_reports/2026-09-21/cbre_h1_2026_silicon_valley_infogram/fig6_Silicon_Valley_Fig_5_b73fa5d8-dc38-413d-a948-f2f2116c49b2.json,2026-09-21,7a2e1b318a80ddf9f44e4f16c38cbc7415da32f71fcb71571b7def444fcf9c11,41120,200,application/json,vintage;embed,Embedded in https://www.cbre.com/insights/books/north-america-data-center-trends-h1-2026/silicon-valley-data-center-market; tables extracted heuristically (2-D arrays in the JSON).
cbre_na_dc_trends_h2_2025_silicon_valley_text,market_reports,CBRE,"North America Data Center Trends H2 2025, Chapter 8 Silicon Valley page text (browser capture)",https://www.cbre.com/insights/books/north-america-data-center-trends-h2-2025/silicon-valley-data-center-market,https://www.cbre.com/insights/books/north-america-data-center-trends-h2-2025/silicon-valley-data-center-market,cbre_na_dc_trends_h2_2025_silicon_valley_browser_capture.txt,data/raw/market_reports/2026-09-21/cbre_na_dc_trends_h2_2025_silicon_valley_browser_capture.txt,2026-09-21,905bc52cce65e1fdf8a933b60ffb21a5ab0e9f9ef60fc0ab4ea39239960861ca,1702,manual,text/plain,manual;browser-capture,Figures are Infogram embeds saved separately.
cbre_h2_2025_silicon_valley_infogram_fig1,market_reports,CBRE (Infogram embed),cbre_h2_2025_silicon_valley: figure 1 'Silicon Valley Stats' Infogram data (JSON + 0 extracted CSV tables),https://e.infogram.com/19516a4e-2f1e-4319-ad1e-5c3afc080c41,https://www.cbre.com/insights/books/north-america-data-center-trends-h2-2025/silicon-valley-data-center-market,fig1_Silicon_Valley_Stats_19516a4e-2f1e-4319-ad1e-5c3afc080c41.json,data/raw/market_reports/2026-09-21/cbre_h2_2025_silicon_valley_infogram/fig1_Silicon_Valley_Stats_19516a4e-2f1e-4319-ad1e-5c3afc080c41.json,2026-09-21,79096e49f5012a170c70c81dbb5164063d5fc87b1c637cc9458318de6123c935,93961,200,application/json,vintage;embed,Embedded in https://www.cbre.com/insights/books/north-america-data-center-trends-h2-2025/silicon-valley-data-center-market; tables extracted heuristically (2-D arrays in the JSON).
cbre_h2_2025_silicon_valley_infogram_fig2,market_reports,CBRE (Infogram embed),cbre_h2_2025_silicon_valley: figure 2 'Silicon Valley-FIG01' Infogram data (JSON + 0 extracted CSV tables),https://e.infogram.com/ece2759c-ff47-43f2-a2a0-b220281a1342,https://www.cbre.com/insights/books/north-america-data-center-trends-h2-2025/silicon-valley-data-center-market,fig2_Silicon_Valley_FIG01_ece2759c-ff47-43f2-a2a0-b220281a1342.json,data/raw/market_reports/2026-09-21/cbre_h2_2025_silicon_valley_infogram/fig2_Silicon_Valley_FIG01_ece2759c-ff47-43f2-a2a0-b220281a1342.json,2026-09-21,4dbba692a8069ba4ce8a4367eb006459409f669800bdd4afca4979139b61f3f0,52936,200,application/json,vintage;embed,Embedded in https://www.cbre.com/insights/books/north-america-data-center-trends-h2-2025/silicon-valley-data-center-market; tables extracted heuristically (2-D arrays in the JSON).
cbre_h2_2025_silicon_valley_infogram_fig3,market_reports,CBRE (Infogram embed),cbre_h2_2025_silicon_valley: figure 3 'Silicon Valley-FIG02' Infogram data (JSON + 0 extracted CSV tables),https://e.infogram.com/b76fd5cb-ef36-4337-858e-3eda1a10082e,https://www.cbre.com/insights/books/north-america-data-center-trends-h2-2025/silicon-valley-data-center-market,fig3_Silicon_Valley_FIG02_b76fd5cb-ef36-4337-858e-3eda1a10082e.json,data/raw/market_reports/2026-09-21/cbre_h2_2025_silicon_valley_infogram/fig3_Silicon_Valley_FIG02_b76fd5cb-ef36-4337-858e-3eda1a10082e.json,2026-09-21,647f7e2f817866e90b4f378a03a0f6417ae748d25c19f4a9dca5aa939805684f,49100,200,application/json,vintage;embed,Embedded in https://www.cbre.com/insights/books/north-america-data-center-trends-h2-2025/silicon-valley-data-center-market; tables extracted heuristically (2-D arrays in the JSON).
cbre_h2_2025_silicon_valley_infogram_fig4,market_reports,CBRE (Infogram embed),cbre_h2_2025_silicon_valley: figure 4 'Silicon Valley-FIG03' Infogram data (JSON + 0 extracted CSV tables),https://e.infogram.com/a6acf1d3-54d0-49d4-a7b5-9cce7044b696,https://www.cbre.com/insights/books/north-america-data-center-trends-h2-2025/silicon-valley-data-center-market,fig4_Silicon_Valley_FIG03_a6acf1d3-54d0-49d4-a7b5-9cce7044b696.json,data/raw/market_reports/2026-09-21/cbre_h2_2025_silicon_valley_infogram/fig4_Silicon_Valley_FIG03_a6acf1d3-54d0-49d4-a7b5-9cce7044b696.json,2026-09-21,ccbd899645008b8d7cef54c0e4548550aa09a2169f386ba89af0eddbc5ea1e18,42871,200,application/json,vintage;embed,Embedded in https://www.cbre.com/insights/books/north-america-data-center-trends-h2-2025/silicon-valley-data-center-market; tables extracted heuristically (2-D arrays in the JSON).
cbre_h2_2025_silicon_valley_infogram_fig5,market_reports,CBRE (Infogram embed),cbre_h2_2025_silicon_valley: figure 5 'Silicon Valley-FIG04' Infogram data (JSON + 0 extracted CSV tables),https://e.infogram.com/9ab3b5fb-6661-48f7-9a7f-317181a9a3ac,https://www.cbre.com/insights/books/north-america-data-center-trends-h2-2025/silicon-valley-data-center-market,fig5_Silicon_Valley_FIG04_9ab3b5fb-6661-48f7-9a7f-317181a9a3ac.json,data/raw/market_reports/2026-09-21/cbre_h2_2025_silicon_valley_infogram/fig5_Silicon_Valley_FIG04_9ab3b5fb-6661-48f7-9a7f-317181a9a3ac.json,2026-09-21,339110e85583e89b4d7477d212c7c2b4ee5b61516ef952622ebedfd071c23b65,38480,200,application/json,vintage;embed,Embedded in https://www.cbre.com/insights/books/north-america-data-center-trends-h2-2025/silicon-valley-data-center-market; tables extracted heuristically (2-D arrays in the JSON).
caiso_dam_lmp_monthly_dlap,caiso_oasis,CAISO OASIS,"CAISO OASIS day-ahead hourly LMP (PRC_LMP, DAM, v12) 2023-07 to 2026-08, nodes DLAP_PGAE-APND, DLAP_SCE-APND, DLAP_SDGE-APND, one CSV per month",https://oasis.caiso.com/oasisapi/SingleZip?queryname=PRC_LMP&market_run_id=DAM&version=12,https://oasis.caiso.com/oasisapi/SingleZip,38 files,data/raw/caiso_oasis/2026-09-21/dam_lmp,2026-09-21,55e58dd29ca16a7689fb80f59c957325f60653499e60505127c616632ab2d52b,71304599,200,text/csv,collection,"Rows per hour-node = 4 (LMP, MCE energy, MCC congestion, MCL loss). OASIS retains ~39 months; earlier months return no data. Per-month hashes in manifest_dam_lmp_dlap.csv."
cbre_h1_2026_overview_infogram_fig1,market_reports,CBRE (Infogram embed),cbre_h1_2026_overview: figure 1 'Fig 1' Infogram data (JSON + 0 extracted CSV tables),https://e.infogram.com/69f04b2e-aa60-4094-9cc1-caeb3cb6cf28,https://www.cbre.com/insights/books/north-america-data-center-trends-h1-2026,fig1_Fig_1_69f04b2e-aa60-4094-9cc1-caeb3cb6cf28.json,data/raw/market_reports/2026-09-21/cbre_h1_2026_overview_infogram/fig1_Fig_1_69f04b2e-aa60-4094-9cc1-caeb3cb6cf28.json,2026-09-21,1e8fb2dc1d86aba0ab0f9d69b52b85de5b29a77acacaa9a08003baa2e0119489,50640,200,application/json,vintage;embed,Embedded in https://www.cbre.com/insights/books/north-america-data-center-trends-h1-2026; tables extracted heuristically (2-D arrays in the JSON).
cbre_h1_2026_overview_infogram_fig2,market_reports,CBRE (Infogram embed),cbre_h1_2026_overview: figure 2 'Fig 2' Infogram data (JSON + 0 extracted CSV tables),https://e.infogram.com/ad25668b-d191-4467-abc2-922af4d77e17,https://www.cbre.com/insights/books/north-america-data-center-trends-h1-2026,fig2_Fig_2_ad25668b-d191-4467-abc2-922af4d77e17.json,data/raw/market_reports/2026-09-21/cbre_h1_2026_overview_infogram/fig2_Fig_2_ad25668b-d191-4467-abc2-922af4d77e17.json,2026-09-21,fcf127a5c10cc6f6e5e12488e371dfdd3baf8843052e93ca8902edf835565f38,50304,200,application/json,vintage;embed,Embedded in https://www.cbre.com/insights/books/north-america-data-center-trends-h1-2026; tables extracted heuristically (2-D arrays in the JSON).
cbre_h1_2026_overview_infogram_fig3,market_reports,CBRE (Infogram embed),cbre_h1_2026_overview: figure 3 'Fig 3' Infogram data (JSON + 0 extracted CSV tables),https://e.infogram.com/fa211983-cb50-4f54-b612-c1d9156b240d,https://www.cbre.com/insights/books/north-america-data-center-trends-h1-2026,fig3_Fig_3_fa211983-cb50-4f54-b612-c1d9156b240d.json,data/raw/market_reports/2026-09-21/cbre_h1_2026_overview_infogram/fig3_Fig_3_fa211983-cb50-4f54-b612-c1d9156b240d.json,2026-09-21,d88b5d7def847a80a64378780845ecce19a17209e7e72190da811df4477212e1,50356,200,application/json,vintage;embed,Embedded in https://www.cbre.com/insights/books/north-america-data-center-trends-h1-2026; tables extracted heuristically (2-D arrays in the JSON).
cbre_h1_2026_overview_infogram_fig4,market_reports,CBRE (Infogram embed),cbre_h1_2026_overview: figure 4 'Fig 4' Infogram data (JSON + 1 extracted CSV tables),https://e.infogram.com/9205d94f-3ebe-4e31-93a2-8dd6d476d234,https://www.cbre.com/insights/books/north-america-data-center-trends-h1-2026,fig4_Fig_4_9205d94f-3ebe-4e31-93a2-8dd6d476d234.json,data/raw/market_reports/2026-09-21/cbre_h1_2026_overview_infogram/fig4_Fig_4_9205d94f-3ebe-4e31-93a2-8dd6d476d234.json,2026-09-21,1acd526ab803c248a4d4fa1edbd9cdc99511873376c6ebd20d7a37348c858c06,78923,200,application/json,vintage;embed,Embedded in https://www.cbre.com/insights/books/north-america-data-center-trends-h1-2026; tables extracted heuristically (2-D arrays in the JSON).
cbre_h1_2026_overview_infogram_fig5,market_reports,CBRE (Infogram embed),cbre_h1_2026_overview: figure 5 'Fig 5' Infogram data (JSON + 0 extracted CSV tables),https://e.infogram.com/8ae52b0a-8353-40bd-8637-779a10cf3f14,https://www.cbre.com/insights/books/north-america-data-center-trends-h1-2026,fig5_Fig_5_8ae52b0a-8353-40bd-8637-779a10cf3f14.json,data/raw/market_reports/2026-09-21/cbre_h1_2026_overview_infogram/fig5_Fig_5_8ae52b0a-8353-40bd-8637-779a10cf3f14.json,2026-09-21,85d9fa70e36b0e30f3d6b4014fa50b827e41805c6555ef285f0934e208ac03b6,44738,200,application/json,vintage;embed,Embedded in https://www.cbre.com/insights/books/north-america-data-center-trends-h1-2026; tables extracted heuristically (2-D arrays in the JSON).
cbre_h1_2026_overview_infogram_fig6,market_reports,CBRE (Infogram embed),cbre_h1_2026_overview: figure 6 'Fig 6' Infogram data (JSON + 0 extracted CSV tables),https://e.infogram.com/2eda09f7-b5ec-45e6-8ead-9c194a0c229b,https://www.cbre.com/insights/books/north-america-data-center-trends-h1-2026,fig6_Fig_6_2eda09f7-b5ec-45e6-8ead-9c194a0c229b.json,data/raw/market_reports/2026-09-21/cbre_h1_2026_overview_infogram/fig6_Fig_6_2eda09f7-b5ec-45e6-8ead-9c194a0c229b.json,2026-09-21,61f19fcc6075b4de4806d795ac0a9a29ebad9c7804309272f7d4475230ca58e4,43851,200,application/json,vintage;embed,Embedded in https://www.cbre.com/insights/books/north-america-data-center-trends-h1-2026; tables extracted heuristically (2-D arrays in the JSON).
cbre_h2_2025_overview_infogram_fig1,market_reports,CBRE (Infogram embed),cbre_h2_2025_overview: figure 1 'Fig 1' Infogram data (JSON + 0 extracted CSV tables),https://e.infogram.com/16ca76e0-c5cc-4ffc-89c2-7d514de0a415,https://www.cbre.com/insights/books/north-america-data-center-trends-h2-2025,fig1_Fig_1_16ca76e0-c5cc-4ffc-89c2-7d514de0a415.json,data/raw/market_reports/2026-09-21/cbre_h2_2025_overview_infogram/fig1_Fig_1_16ca76e0-c5cc-4ffc-89c2-7d514de0a415.json,2026-09-21,ca2f7f1201286dbc6e401d8c43f1f5a14018ca21b529a04c4523c5903ed95dcf,51499,200,application/json,vintage;embed,Embedded in https://www.cbre.com/insights/books/north-america-data-center-trends-h2-2025; tables extracted heuristically (2-D arrays in the JSON).
cbre_h2_2025_overview_infogram_fig2,market_reports,CBRE (Infogram embed),cbre_h2_2025_overview: figure 2 'Fig 2' Infogram data (JSON + 0 extracted CSV tables),https://e.infogram.com/84bd77f5-8a8d-4921-b001-056ece8e451d,https://www.cbre.com/insights/books/north-america-data-center-trends-h2-2025,fig2_Fig_2_84bd77f5-8a8d-4921-b001-056ece8e451d.json,data/raw/market_reports/2026-09-21/cbre_h2_2025_overview_infogram/fig2_Fig_2_84bd77f5-8a8d-4921-b001-056ece8e451d.json,2026-09-21,1f7aae611631d46eb40a933f434af52fa5486df52e71e2b32cd64af0079627e2,51266,200,application/json,vintage;embed,Embedded in https://www.cbre.com/insights/books/north-america-data-center-trends-h2-2025; tables extracted heuristically (2-D arrays in the JSON).
cbre_h2_2025_overview_infogram_fig3,market_reports,CBRE (Infogram embed),cbre_h2_2025_overview: figure 3 'Fig 3' Infogram data (JSON + 0 extracted CSV tables),https://e.infogram.com/d63484c6-ca83-420a-bc54-ba616f2fea4e,https://www.cbre.com/insights/books/north-america-data-center-trends-h2-2025,fig3_Fig_3_d63484c6-ca83-420a-bc54-ba616f2fea4e.json,data/raw/market_reports/2026-09-21/cbre_h2_2025_overview_infogram/fig3_Fig_3_d63484c6-ca83-420a-bc54-ba616f2fea4e.json,2026-09-21,c4ca29665c4095f98f2257053fdd3b337873431fa010ea85ee2e5620e559d41c,93578,200,application/json,vintage;embed,Embedded in https://www.cbre.com/insights/books/north-america-data-center-trends-h2-2025; tables extracted heuristically (2-D arrays in the JSON).
cbre_h2_2025_overview_infogram_fig4,market_reports,CBRE (Infogram embed),cbre_h2_2025_overview: figure 4 'Fig 4' Infogram data (JSON + 0 extracted CSV tables),https://e.infogram.com/cbd7c3b5-fc6a-401d-821f-3113b9a480c5,https://www.cbre.com/insights/books/north-america-data-center-trends-h2-2025,fig4_Fig_4_cbd7c3b5-fc6a-401d-821f-3113b9a480c5.json,data/raw/market_reports/2026-09-21/cbre_h2_2025_overview_infogram/fig4_Fig_4_cbd7c3b5-fc6a-401d-821f-3113b9a480c5.json,2026-09-21,aa784d2b9adf7ce776e7b72f09a7486edd0e67bfa45e043ec4931fe3fb898553,39570,200,application/json,vintage;embed,Embedded in https://www.cbre.com/insights/books/north-america-data-center-trends-h2-2025; tables extracted heuristically (2-D arrays in the JSON).
cbre_h2_2025_overview_infogram_fig5,market_reports,CBRE (Infogram embed),cbre_h2_2025_overview: figure 5 'Fig 5' Infogram data (JSON + 1 extracted CSV tables),https://e.infogram.com/fe3b5286-1b5c-46a8-82af-1bf4a65df9be,https://www.cbre.com/insights/books/north-america-data-center-trends-h2-2025,fig5_Fig_5_fe3b5286-1b5c-46a8-82af-1bf4a65df9be.json,data/raw/market_reports/2026-09-21/cbre_h2_2025_overview_infogram/fig5_Fig_5_fe3b5286-1b5c-46a8-82af-1bf4a65df9be.json,2026-09-21,eb003fb2be4be7ef8adf93334011585f9547998e938606eaa234c9dab637afd4,43828,200,application/json,vintage;embed,Embedded in https://www.cbre.com/insights/books/north-america-data-center-trends-h2-2025; tables extracted heuristically (2-D arrays in the JSON).
cbre_h2_2025_overview_infogram_fig6,market_reports,CBRE (Infogram embed),cbre_h2_2025_overview: figure 6 'Fig 6' Infogram data (JSON + 1 extracted CSV tables),https://e.infogram.com/ea142ee8-b0f1-4ca0-9aa1-d28b3454e6a6,https://www.cbre.com/insights/books/north-america-data-center-trends-h2-2025,fig6_Fig_6_ea142ee8-b0f1-4ca0-9aa1-d28b3454e6a6.json,data/raw/market_reports/2026-09-21/cbre_h2_2025_overview_infogram/fig6_Fig_6_ea142ee8-b0f1-4ca0-9aa1-d28b3454e6a6.json,2026-09-21,6963412f4029fcc0a465ef14f7f4ee39821eb495d04d6a8225e69284fdb384d1,43614,200,application/json,vintage;embed,Embedded in https://www.cbre.com/insights/books/north-america-data-center-trends-h2-2025; tables extracted heuristically (2-D arrays in the JSON).
cbre_h1_2025_overview_infogram_fig1,market_reports,CBRE (Infogram embed),cbre_h1_2025_overview: figure 1 'Fig 1' Infogram data (JSON + 0 extracted CSV tables),https://e.infogram.com/8632636a-8bc5-4fc3-bced-c47ebb5a8799,https://www.cbre.com/insights/reports/north-america-data-center-trends-h1-2025,fig1_Fig_1_8632636a-8bc5-4fc3-bced-c47ebb5a8799.json,data/raw/market_reports/2026-09-21/cbre_h1_2025_overview_infogram/fig1_Fig_1_8632636a-8bc5-4fc3-bced-c47ebb5a8799.json,2026-09-21,8f1e1d509f6aeeb64bd8243ca75b03b90c0df7bffd8991ebea6f54a7dc5ea742,51317,200,application/json,vintage;embed,Embedded in https://www.cbre.com/insights/reports/north-america-data-center-trends-h1-2025; tables extracted heuristically (2-D arrays in the JSON).
cbre_h1_2025_overview_infogram_fig2,market_reports,CBRE (Infogram embed),cbre_h1_2025_overview: figure 2 'Fig 2' Infogram data (JSON + 0 extracted CSV tables),https://e.infogram.com/a5fd8e5b-4f1d-4f2f-b3fe-7bae19e12b42,https://www.cbre.com/insights/reports/north-america-data-center-trends-h1-2025,fig2_Fig_2_a5fd8e5b-4f1d-4f2f-b3fe-7bae19e12b42.json,data/raw/market_reports/2026-09-21/cbre_h1_2025_overview_infogram/fig2_Fig_2_a5fd8e5b-4f1d-4f2f-b3fe-7bae19e12b42.json,2026-09-21,4d256c11f2bf32ebd02863b5950528497b095932064f5993718cb5e32e4b528c,51241,200,application/json,vintage;embed,Embedded in https://www.cbre.com/insights/reports/north-america-data-center-trends-h1-2025; tables extracted heuristically (2-D arrays in the JSON).
cbre_h1_2025_overview_infogram_fig3,market_reports,CBRE (Infogram embed),cbre_h1_2025_overview: figure 3 'Fig 3' Infogram data (JSON + 1 extracted CSV tables),https://e.infogram.com/1dd17727-08bc-4fab-a983-3ad578fba23a,https://www.cbre.com/insights/reports/north-america-data-center-trends-h1-2025,fig3_Fig_3_1dd17727-08bc-4fab-a983-3ad578fba23a.json,data/raw/market_reports/2026-09-21/cbre_h1_2025_overview_infogram/fig3_Fig_3_1dd17727-08bc-4fab-a983-3ad578fba23a.json,2026-09-21,1ab8d30fd75e109669e898ec041d849ef92d2253e6e3a82f7f7e67eab7efcc57,91067,200,application/json,vintage;embed,Embedded in https://www.cbre.com/insights/reports/north-america-data-center-trends-h1-2025; tables extracted heuristically (2-D arrays in the JSON).
cbre_h1_2025_overview_infogram_fig4,market_reports,CBRE (Infogram embed),cbre_h1_2025_overview: figure 4 'Fig 4' Infogram data (JSON + 1 extracted CSV tables),https://e.infogram.com/8ce98984-5786-4dee-91ec-ba6180f8295d,https://www.cbre.com/insights/reports/north-america-data-center-trends-h1-2025,fig4_Fig_4_8ce98984-5786-4dee-91ec-ba6180f8295d.json,data/raw/market_reports/2026-09-21/cbre_h1_2025_overview_infogram/fig4_Fig_4_8ce98984-5786-4dee-91ec-ba6180f8295d.json,2026-09-21,a5d28dcc4204a0dd6c839f52befc64f3dc51872b13aea6c15993e990810cdeb3,39482,200,application/json,vintage;embed,Embedded in https://www.cbre.com/insights/reports/north-america-data-center-trends-h1-2025; tables extracted heuristically (2-D arrays in the JSON).
cbre_h1_2025_overview_infogram_fig5,market_reports,CBRE (Infogram embed),cbre_h1_2025_overview: figure 5 'Fig 5' Infogram data (JSON + 1 extracted CSV tables),https://e.infogram.com/ae18c7d0-4da7-4d40-8959-2d9de03c3c82,https://www.cbre.com/insights/reports/north-america-data-center-trends-h1-2025,fig5_Fig_5_ae18c7d0-4da7-4d40-8959-2d9de03c3c82.json,data/raw/market_reports/2026-09-21/cbre_h1_2025_overview_infogram/fig5_Fig_5_ae18c7d0-4da7-4d40-8959-2d9de03c3c82.json,2026-09-21,12f23615634627dffe95a4857aedb4a98de06d927668b4a6c0a1cd8e8e68df58,43831,200,application/json,vintage;embed,Embedded in https://www.cbre.com/insights/reports/north-america-data-center-trends-h1-2025; tables extracted heuristically (2-D arrays in the JSON).
cbre_h1_2025_overview_infogram_fig6,market_reports,CBRE (Infogram embed),cbre_h1_2025_overview: figure 6 'Fig 6' Infogram data (JSON + 1 extracted CSV tables),https://e.infogram.com/4fe54d64-82bb-4e4d-9109-a9cd6ea104d6,https://www.cbre.com/insights/reports/north-america-data-center-trends-h1-2025,fig6_Fig_6_4fe54d64-82bb-4e4d-9109-a9cd6ea104d6.json,data/raw/market_reports/2026-09-21/cbre_h1_2025_overview_infogram/fig6_Fig_6_4fe54d64-82bb-4e4d-9109-a9cd6ea104d6.json,2026-09-21,5b6c2c4d1c4737c8d60c61b3444fb1661ff03eb1a5b545fd0f1eb444a127f4e9,43560,200,application/json,vintage;embed,Embedded in https://www.cbre.com/insights/reports/north-america-data-center-trends-h1-2025; tables extracted heuristically (2-D arrays in the JSON).
cbre_h2_2024_overview_infogram_fig1,market_reports,CBRE (Infogram embed),cbre_h2_2024_overview: figure 1 'FIG 01' Infogram data (JSON + 0 extracted CSV tables),https://e.infogram.com/dc45d87f-b681-49f0-8de7-b35b2ff4a4bf,https://www.cbre.com/insights/reports/north-america-data-center-trends-h2-2024,fig1_FIG_01_dc45d87f-b681-49f0-8de7-b35b2ff4a4bf.json,data/raw/market_reports/2026-09-21/cbre_h2_2024_overview_infogram/fig1_FIG_01_dc45d87f-b681-49f0-8de7-b35b2ff4a4bf.json,2026-09-21,bc7a82ee701546e5c7c30365579f536c8659b98aaecb596e89d4438f2ddd1016,50305,200,application/json,vintage;embed,Embedded in https://www.cbre.com/insights/reports/north-america-data-center-trends-h2-2024; tables extracted heuristically (2-D arrays in the JSON).
cbre_h2_2024_overview_infogram_fig2,market_reports,CBRE (Infogram embed),cbre_h2_2024_overview: figure 2 'FIG 02' Infogram data (JSON + 0 extracted CSV tables),https://e.infogram.com/4426a286-50ff-4df0-b034-3f0999511582,https://www.cbre.com/insights/reports/north-america-data-center-trends-h2-2024,fig2_FIG_02_4426a286-50ff-4df0-b034-3f0999511582.json,data/raw/market_reports/2026-09-21/cbre_h2_2024_overview_infogram/fig2_FIG_02_4426a286-50ff-4df0-b034-3f0999511582.json,2026-09-21,a30022a67c373de152f7d9344052245759384b0f1d015e84088b8694071aad0f,60792,200,application/json,vintage;embed,Embedded in https://www.cbre.com/insights/reports/north-america-data-center-trends-h2-2024; tables extracted heuristically (2-D arrays in the JSON).
cbre_h2_2024_overview_infogram_fig3,market_reports,CBRE (Infogram embed),cbre_h2_2024_overview: figure 3 'FIG 03' Infogram data (JSON + 0 extracted CSV tables),https://e.infogram.com/8cff7e69-d3dd-460d-8c19-0f0a8a5dfc6e,https://www.cbre.com/insights/reports/north-america-data-center-trends-h2-2024,fig3_FIG_03_8cff7e69-d3dd-460d-8c19-0f0a8a5dfc6e.json,data/raw/market_reports/2026-09-21/cbre_h2_2024_overview_infogram/fig3_FIG_03_8cff7e69-d3dd-460d-8c19-0f0a8a5dfc6e.json,2026-09-21,a27153d97d50351148451a595589d36441927de43a74b60f5f20cdd89fab8bee,93733,200,application/json,vintage;embed,Embedded in https://www.cbre.com/insights/reports/north-america-data-center-trends-h2-2024; tables extracted heuristically (2-D arrays in the JSON).
cbre_h2_2024_overview_infogram_fig4,market_reports,CBRE (Infogram embed),cbre_h2_2024_overview: figure 4 'FIG 04' Infogram data (JSON + 0 extracted CSV tables),https://e.infogram.com/3aae2487-5ed2-4456-9df5-3498a86f5067,https://www.cbre.com/insights/reports/north-america-data-center-trends-h2-2024,fig4_FIG_04_3aae2487-5ed2-4456-9df5-3498a86f5067.json,data/raw/market_reports/2026-09-21/cbre_h2_2024_overview_infogram/fig4_FIG_04_3aae2487-5ed2-4456-9df5-3498a86f5067.json,2026-09-21,ba5c47b8a9c0792f8344565a046af22379b6b270d864227144b0ca25b5d78848,39437,200,application/json,vintage;embed,Embedded in https://www.cbre.com/insights/reports/north-america-data-center-trends-h2-2024; tables extracted heuristically (2-D arrays in the JSON).
cbre_h2_2024_overview_infogram_fig5,market_reports,CBRE (Infogram embed),cbre_h2_2024_overview: figure 5 'FIG 05' Infogram data (JSON + 1 extracted CSV tables),https://e.infogram.com/8ad0273d-93d3-475d-85cf-cc8dfae51e05,https://www.cbre.com/insights/reports/north-america-data-center-trends-h2-2024,fig5_FIG_05_8ad0273d-93d3-475d-85cf-cc8dfae51e05.json,data/raw/market_reports/2026-09-21/cbre_h2_2024_overview_infogram/fig5_FIG_05_8ad0273d-93d3-475d-85cf-cc8dfae51e05.json,2026-09-21,886e2aeab6964d59c4a57a6a31bea133631cb946acce4a9a549059f1154dfae2,43228,200,application/json,vintage;embed,Embedded in https://www.cbre.com/insights/reports/north-america-data-center-trends-h2-2024; tables extracted heuristically (2-D arrays in the JSON).
cbre_h1_2024_overview_infogram_fig1,market_reports,CBRE (Infogram embed),cbre_h1_2024_overview: figure 1 'FIG01' Infogram data (JSON + 0 extracted CSV tables),https://e.infogram.com/bc6defdf-26e7-4fb9-8e29-781d0b9351cf,https://www.cbre.com/insights/reports/north-america-data-center-trends-h1-2024,fig1_FIG01_bc6defdf-26e7-4fb9-8e29-781d0b9351cf.json,data/raw/market_reports/2026-09-21/cbre_h1_2024_overview_infogram/fig1_FIG01_bc6defdf-26e7-4fb9-8e29-781d0b9351cf.json,2026-09-21,bb9d229f1a1ac1f2cc0b43bff6773bcb2bcba83ebefca79686609883576f0c17,50664,200,application/json,vintage;embed,Embedded in https://www.cbre.com/insights/reports/north-america-data-center-trends-h1-2024; tables extracted heuristically (2-D arrays in the JSON).
cbre_h1_2024_overview_infogram_fig2,market_reports,CBRE (Infogram embed),cbre_h1_2024_overview: figure 2 'FIG02' Infogram data (JSON + 0 extracted CSV tables),https://e.infogram.com/d8e6bfee-51ad-4f33-97fb-ca4c0ab359c4,https://www.cbre.com/insights/reports/north-america-data-center-trends-h1-2024,fig2_FIG02_d8e6bfee-51ad-4f33-97fb-ca4c0ab359c4.json,data/raw/market_reports/2026-09-21/cbre_h1_2024_overview_infogram/fig2_FIG02_d8e6bfee-51ad-4f33-97fb-ca4c0ab359c4.json,2026-09-21,3bb9d5c7df22b1710341133b8758d55dfb20ebec8ab109887333f1c6166afce1,50568,200,application/json,vintage;embed,Embedded in https://www.cbre.com/insights/reports/north-america-data-center-trends-h1-2024; tables extracted heuristically (2-D arrays in the JSON).
cbre_h1_2024_overview_infogram_fig3,market_reports,CBRE (Infogram embed),cbre_h1_2024_overview: figure 3 'FIG03' Infogram data (JSON + 0 extracted CSV tables),https://e.infogram.com/63615300-333c-44ac-9202-17d86dbe5dd5,https://www.cbre.com/insights/reports/north-america-data-center-trends-h1-2024,fig3_FIG03_63615300-333c-44ac-9202-17d86dbe5dd5.json,data/raw/market_reports/2026-09-21/cbre_h1_2024_overview_infogram/fig3_FIG03_63615300-333c-44ac-9202-17d86dbe5dd5.json,2026-09-21,3be8fc5200d7432590eae67d570d683b9e608b60c3e736113d7b8eb7e8dd45e3,92058,200,application/json,vintage;embed,Embedded in https://www.cbre.com/insights/reports/north-america-data-center-trends-h1-2024; tables extracted heuristically (2-D arrays in the JSON).
cbre_h1_2024_overview_infogram_fig4,market_reports,CBRE (Infogram embed),cbre_h1_2024_overview: figure 4 'FIG04' Infogram data (JSON + 1 extracted CSV tables),https://e.infogram.com/24a77f81-3a4e-41fb-93a9-71eb2ce988e2,https://www.cbre.com/insights/reports/north-america-data-center-trends-h1-2024,fig4_FIG04_24a77f81-3a4e-41fb-93a9-71eb2ce988e2.json,data/raw/market_reports/2026-09-21/cbre_h1_2024_overview_infogram/fig4_FIG04_24a77f81-3a4e-41fb-93a9-71eb2ce988e2.json,2026-09-21,62b7983d3735a817c73544ca1139cb90c47751611f7f3924b23e3611e4373dff,39348,200,application/json,vintage;embed,Embedded in https://www.cbre.com/insights/reports/north-america-data-center-trends-h1-2024; tables extracted heuristically (2-D arrays in the JSON).
cbre_h1_2024_overview_infogram_fig5,market_reports,CBRE (Infogram embed),cbre_h1_2024_overview: figure 5 'FIG05' Infogram data (JSON + 1 extracted CSV tables),https://e.infogram.com/e93558da-cb9c-4aa4-a5fe-bcddcbcad59c,https://www.cbre.com/insights/reports/north-america-data-center-trends-h1-2024,fig5_FIG05_e93558da-cb9c-4aa4-a5fe-bcddcbcad59c.json,data/raw/market_reports/2026-09-21/cbre_h1_2024_overview_infogram/fig5_FIG05_e93558da-cb9c-4aa4-a5fe-bcddcbcad59c.json,2026-09-21,9c0316ca22731b7ca400a3925b664ec08dfdc6dc0c2d229c185b07111a42659c,43234,200,application/json,vintage;embed,Embedded in https://www.cbre.com/insights/reports/north-america-data-center-trends-h1-2024; tables extracted heuristically (2-D arrays in the JSON).
cbre_h2_2023_overview_infogram_fig1,market_reports,CBRE (Infogram embed),cbre_h2_2023_overview: figure 1 'Fig01' Infogram data (JSON + 0 extracted CSV tables),https://e.infogram.com/ee5b50d9-abcb-4bba-848c-7769aab3b260,https://www.cbre.com/insights/reports/north-america-data-center-trends-h2-2023,fig1_Fig01_ee5b50d9-abcb-4bba-848c-7769aab3b260.json,data/raw/market_reports/2026-09-21/cbre_h2_2023_overview_infogram/fig1_Fig01_ee5b50d9-abcb-4bba-848c-7769aab3b260.json,2026-09-21,56c258539eff14e18850e08cb513d1437f504d18ca600b6b20175f414ee8b750,51344,200,application/json,vintage;embed,Embedded in https://www.cbre.com/insights/reports/north-america-data-center-trends-h2-2023; tables extracted heuristically (2-D arrays in the JSON).
cbre_h2_2023_overview_infogram_fig2,market_reports,CBRE (Infogram embed),cbre_h2_2023_overview: figure 2 'Fig 02' Infogram data (JSON + 0 extracted CSV tables),https://e.infogram.com/f161ed5d-45a5-40ff-b1c8-90b19c1c32b6,https://www.cbre.com/insights/reports/north-america-data-center-trends-h2-2023,fig2_Fig_02_f161ed5d-45a5-40ff-b1c8-90b19c1c32b6.json,data/raw/market_reports/2026-09-21/cbre_h2_2023_overview_infogram/fig2_Fig_02_f161ed5d-45a5-40ff-b1c8-90b19c1c32b6.json,2026-09-21,b393e3f3433bae7519b576958775f33841718d11a4297c95bf1f03933b9c996b,62427,200,application/json,vintage;embed,Embedded in https://www.cbre.com/insights/reports/north-america-data-center-trends-h2-2023; tables extracted heuristically (2-D arrays in the JSON).
cbre_h2_2023_overview_infogram_fig3,market_reports,CBRE (Infogram embed),cbre_h2_2023_overview: figure 3 'Fig03' Infogram data (JSON + 0 extracted CSV tables),https://e.infogram.com/3951e79d-6e45-451e-abaa-04187c1dc092,https://www.cbre.com/insights/reports/north-america-data-center-trends-h2-2023,fig3_Fig03_3951e79d-6e45-451e-abaa-04187c1dc092.json,data/raw/market_reports/2026-09-21/cbre_h2_2023_overview_infogram/fig3_Fig03_3951e79d-6e45-451e-abaa-04187c1dc092.json,2026-09-21,546a86a8b6c2b25d1304f353f425643eeab259fe52cbda240a4b12a99c092736,88152,200,application/json,vintage;embed,Embedded in https://www.cbre.com/insights/reports/north-america-data-center-trends-h2-2023; tables extracted heuristically (2-D arrays in the JSON).
cbre_h2_2023_overview_infogram_fig4,market_reports,CBRE (Infogram embed),cbre_h2_2023_overview: figure 4 'Fig 04' Infogram data (JSON + 0 extracted CSV tables),https://e.infogram.com/6d853d01-4a68-419e-8f29-61ffbc4d91ff,https://www.cbre.com/insights/reports/north-america-data-center-trends-h2-2023,fig4_Fig_04_6d853d01-4a68-419e-8f29-61ffbc4d91ff.json,data/raw/market_reports/2026-09-21/cbre_h2_2023_overview_infogram/fig4_Fig_04_6d853d01-4a68-419e-8f29-61ffbc4d91ff.json,2026-09-21,5373e003975389af5ac725118ea1cbb5ef56ea8d33345bc3595d10f0891deca4,39245,200,application/json,vintage;embed,Embedded in https://www.cbre.com/insights/reports/north-america-data-center-trends-h2-2023; tables extracted heuristically (2-D arrays in the JSON).
cbre_h2_2023_overview_infogram_fig5,market_reports,CBRE (Infogram embed),cbre_h2_2023_overview: figure 5 'Fig 05' Infogram data (JSON + 0 extracted CSV tables),https://e.infogram.com/4d96c291-93ce-4d01-b823-a6fb7a99c32e,https://www.cbre.com/insights/reports/north-america-data-center-trends-h2-2023,fig5_Fig_05_4d96c291-93ce-4d01-b823-a6fb7a99c32e.json,data/raw/market_reports/2026-09-21/cbre_h2_2023_overview_infogram/fig5_Fig_05_4d96c291-93ce-4d01-b823-a6fb7a99c32e.json,2026-09-21,fa7b783c6edfad84ef680b826988cd3dd64d2c63666a94c36a7cfa27b08381d6,43640,200,application/json,vintage;embed,Embedded in https://www.cbre.com/insights/reports/north-america-data-center-trends-h2-2023; tables extracted heuristically (2-D arrays in the JSON).
cbre_h2_2023_overview_infogram_fig6,market_reports,CBRE (Infogram embed),cbre_h2_2023_overview: figure 6 'Fig 06' Infogram data (JSON + 0 extracted CSV tables),https://e.infogram.com/736a09da-0e2b-4505-8e98-e44b885b7d38,https://www.cbre.com/insights/reports/north-america-data-center-trends-h2-2023,fig6_Fig_06_736a09da-0e2b-4505-8e98-e44b885b7d38.json,data/raw/market_reports/2026-09-21/cbre_h2_2023_overview_infogram/fig6_Fig_06_736a09da-0e2b-4505-8e98-e44b885b7d38.json,2026-09-21,05a39dae196a608d5e5b8787fd44492ff049fe765728496c95b531f7523c97b9,43760,200,application/json,vintage;embed,Embedded in https://www.cbre.com/insights/reports/north-america-data-center-trends-h2-2023; tables extracted heuristically (2-D arrays in the JSON).
cbre_h1_2023_overview_infogram_fig1,market_reports,CBRE (Infogram embed),cbre_h1_2023_overview: figure 1 'Primary Fig01 State of the Market H1_23' Infogram data (JSON + 0 extracted CSV tables),https://e.infogram.com/0bf12807-e98f-428c-b61b-d61dacecec5d,https://www.cbre.com/insights/reports/north-america-data-center-trends-h1-2023,fig1_Primary_Fig01_State_of_the_Market_H1_23_0bf12807-e98f-428c-b61b-d61dacecec5d.json,data/raw/market_reports/2026-09-21/cbre_h1_2023_overview_infogram/fig1_Primary_Fig01_State_of_the_Market_H1_23_0bf12807-e98f-428c-b61b-d61dacecec5d.json,2026-09-21,dc992936275ca740e2555b6d6dcc0870a7d9ca7c7815c18a1ffea419a6974ffb,51436,200,application/json,vintage;embed,Embedded in https://www.cbre.com/insights/reports/north-america-data-center-trends-h1-2023; tables extracted heuristically (2-D arrays in the JSON).
cbre_h1_2023_overview_infogram_fig2,market_reports,CBRE (Infogram embed),cbre_h1_2023_overview: figure 2 'Secondary Fig02 State of the Market H1_23' Infogram data (JSON + 0 extracted CSV tables),https://e.infogram.com/c0ccc1ff-de44-4ee1-b56b-719be19b3dbb,https://www.cbre.com/insights/reports/north-america-data-center-trends-h1-2023,fig2_Secondary_Fig02_State_of_the_Market_H1_23_c0ccc1ff-de44-4ee1-b56b-719be19b3dbb.json,data/raw/market_reports/2026-09-21/cbre_h1_2023_overview_infogram/fig2_Secondary_Fig02_State_of_the_Market_H1_23_c0ccc1ff-de44-4ee1-b56b-719be19b3dbb.json,2026-09-21,2b0406f3226a99c3b90b80884def35eaeabf2ea22c22975a6fa622d458de0b2c,64883,200,application/json,vintage;embed,Embedded in https://www.cbre.com/insights/reports/north-america-data-center-trends-h1-2023; tables extracted heuristically (2-D arrays in the JSON).
cbre_h1_2023_overview_infogram_fig3,market_reports,CBRE (Infogram embed),cbre_h1_2023_overview: figure 3 'Primary Fig03  H1_23' Infogram data (JSON + 1 extracted CSV tables),https://e.infogram.com/67a9ac65-6546-4aec-8009-249399a92ef0,https://www.cbre.com/insights/reports/north-america-data-center-trends-h1-2023,fig3_Primary_Fig03_H1_23_67a9ac65-6546-4aec-8009-249399a92ef0.json,data/raw/market_reports/2026-09-21/cbre_h1_2023_overview_infogram/fig3_Primary_Fig03_H1_23_67a9ac65-6546-4aec-8009-249399a92ef0.json,2026-09-21,245f0cf7d0b1b81f578e217e0545e7713f1b60daffb16075e4d4ab562c06d170,87091,200,application/json,vintage;embed,Embedded in https://www.cbre.com/insights/reports/north-america-data-center-trends-h1-2023; tables extracted heuristically (2-D arrays in the JSON).
cbre_h1_2023_overview_infogram_fig4,market_reports,CBRE (Infogram embed),cbre_h1_2023_overview: figure 4 'Primary Fig04 H1_23' Infogram data (JSON + 0 extracted CSV tables),https://e.infogram.com/a0a0a9df-4e82-4c3e-8229-f7d94a706c24,https://www.cbre.com/insights/reports/north-america-data-center-trends-h1-2023,fig4_Primary_Fig04_H1_23_a0a0a9df-4e82-4c3e-8229-f7d94a706c24.json,data/raw/market_reports/2026-09-21/cbre_h1_2023_overview_infogram/fig4_Primary_Fig04_H1_23_a0a0a9df-4e82-4c3e-8229-f7d94a706c24.json,2026-09-21,d527909eac5a78dd2084b495ec2036d84240e1a7306a8229bb6dcdecc7ef0c92,39259,200,application/json,vintage;embed,Embedded in https://www.cbre.com/insights/reports/north-america-data-center-trends-h1-2023; tables extracted heuristically (2-D arrays in the JSON).
cbre_h1_2023_overview_infogram_fig5,market_reports,CBRE (Infogram embed),cbre_h1_2023_overview: figure 5 'Primary Fig05 H1_23' Infogram data (JSON + 1 extracted CSV tables),https://e.infogram.com/33905de5-39bf-4f2c-978c-1cb4d2cf6aa0,https://www.cbre.com/insights/reports/north-america-data-center-trends-h1-2023,fig5_Primary_Fig05_H1_23_33905de5-39bf-4f2c-978c-1cb4d2cf6aa0.json,data/raw/market_reports/2026-09-21/cbre_h1_2023_overview_infogram/fig5_Primary_Fig05_H1_23_33905de5-39bf-4f2c-978c-1cb4d2cf6aa0.json,2026-09-21,f0899fac34688ddce8cedf1fbe0a1860daa39626e0f92b7128b7cf43db02b749,42946,200,application/json,vintage;embed,Embedded in https://www.cbre.com/insights/reports/north-america-data-center-trends-h1-2023; tables extracted heuristically (2-D arrays in the JSON).
caiso_dam_lmp_monthly_hubs,caiso_oasis,CAISO OASIS,"CAISO OASIS day-ahead hourly LMP (PRC_LMP, DAM, v12) 2023-07 to 2026-08, nodes TH_NP15_GEN-APND, TH_SP15_GEN-APND, TH_ZP26_GEN-APND, one CSV per month",https://oasis.caiso.com/oasisapi/SingleZip?queryname=PRC_LMP&market_run_id=DAM&version=12,https://oasis.caiso.com/oasisapi/SingleZip,38 files,data/raw/caiso_oasis/2026-09-21/dam_lmp,2026-09-21,1ece080a200c4dc2ee90e30eac19ef51d169ba60a8a227a3a8299dbe1c829188,75238912,200,text/csv,collection,"Rows per hour-node = 5 (LMP, MCE energy, MCC congestion, MCL loss, MGHG greenhouse gas). OASIS retains ~39 months; earlier months return no data. Per-month hashes in manifest_dam_lmp_hubs.csv."
pge_press_2025_07_31_pipeline_10gw,context,PG&E Corporation,"PG&E press release, Jul 31 2025: data center demand pipeline swells to 10 gigawatts (HTML)",https://investor.pgecorp.com/news-events/press-releases/press-release-details/2025/PGE-Data-Center-Demand-Pipeline-Swells-to-10-Gigawatts-with-Potential-to-Unlock-Billions-in-Benefits-for-California/default.aspx,https://investor.pgecorp.com/news-events/press-releases/press-release-details/2025/PGE-Data-Center-Demand-Pipeline-Swells-to-10-Gigawatts-with-Potential-to-Unlock-Billions-in-Benefits-for-California/default.aspx,pge_press_2025-07-31_pipeline_10gw.html,data/raw/context/2026-09-21/pge_press_2025-07-31_pipeline_10gw.html,2026-09-21,30f806f683a3bdc5efc85ad1065aef02a152c174bbfef5ba2575f95ae8a4e016,107776,200,text/html,html,
pge_press_accelerating_connection,context,PG&E Corporation,PG&E press release: accelerating connection of new data centers throughout Northern and Central California (HTML),https://investor.pgecorp.com/news-events/press-releases/press-release-details/2025/PGE-Accelerating-Connection-of-New-Data-Centers-throughout-Northern-and-Central-California/default.aspx,https://investor.pgecorp.com/news-events/press-releases/press-release-details/2025/PGE-Accelerating-Connection-of-New-Data-Centers-throughout-Northern-and-Central-California/default.aspx,pge_press_accelerating_connection.html,data/raw/context/2026-09-21/pge_press_accelerating_connection.html,2026-09-21,5daf03c74d4f5d19acc1a0dc321d10e587205b8e7e6f030026568e07f5424803,106327,200,text/html,html,
cpuc_oir_rate_design_2026_04,cpuc,CPUC,"Order Instituting Rulemaking on electric rate design incl. data centers and large transmission-connected loads, issued Apr 10 2026",https://docs.cpuc.ca.gov/PublishedDocs/Published/G000/M604/K677/604677976.PDF,https://docs.cpuc.ca.gov/PublishedDocs/Published/G000/M604/K677/604677976.PDF,CPUC_OIR_rate_design_large_loads_2026-04-10_604677976.pdf,data/raw/cpuc/2026-09-21/CPUC_OIR_rate_design_large_loads_2026-04-10_604677976.pdf,2026-09-21,f3f92fe09fbeabf6a0c93e5367cd9b9449e91c27bd5484151cb93dc288b19eb2,689338,200,application/pdf,,
cpuc_news_streamlined_connections,cpuc,CPUC,CPUC news: streamlines electric grid connections for high-energy users like data centers and EV chargers (HTML),https://www.cpuc.ca.gov/news-and-updates/all-news/cpuc-streamlines-electric-grid-connections-for-high-energy-users-like-data-centers-and-ev-chargers,https://www.cpuc.ca.gov/news-and-updates/all-news/cpuc-streamlines-electric-grid-connections-for-high-energy-users-like-data-centers-and-ev-chargers,cpuc_news_streamlined_connections.html,data/raw/cpuc/2026-09-21/cpuc_news_streamlined_connections.html,2026-09-21,b5c14cbb8dbb9b42a6ba1c897dd7d247ff62855895d7da8af9aa276d68fd306c,36179,200,text/html,html,
ca_sb57_2025_status,context,California Legislature,"SB 57 (Padilla, 2025) bill status page: data center cost-shift assessment, signed Oct 11 2025 (HTML)",https://leginfo.legislature.ca.gov/faces/billStatusClient.xhtml?bill_id=202520260SB57,https://leginfo.legislature.ca.gov/faces/billStatusClient.xhtml?bill_id=202520260SB57,leginfo_SB57_status.html,data/raw/context/2026-09-21/leginfo_SB57_status.html,2026-09-21,5f300f9827137bf03b37c3a9831a318abf30cdc755b4e033b9b4d244665ad71f,89343,200,text/html,html,
pge_8k_q2_2026,context,PG&E Corporation (SEC),"PG&E Form 8-K, Q2 2026 earnings press release (data center pipeline 12.7 GW)",https://www.sec.gov/Archives/edgar/data/0001004980/000100498026000047/pge-q22026pressrelease.htm,https://www.sec.gov/Archives/edgar/data/1004980/000100498026000047/pge-q22026pressrelease.htm,pge_8k_q2_2026_press_release.htm,data/raw/context/2026-09-21/pge_8k_q2_2026_press_release.htm,2026-09-21,ac8b20998749c6a641961f9acb1af00e83d0c3492bc789468021854d7de3f451,176999,200,text/html,html,
ca_sb886_2026_status,context,California Legislature,"SB 886 (Padilla, 2026) bill status page: data center tariff for 25 MW+ transmission-level customers (HTML)",https://leginfo.legislature.ca.gov/faces/billStatusClient.xhtml?bill_id=202520260SB886,https://leginfo.legislature.ca.gov/faces/billStatusClient.xhtml?bill_id=202520260SB886,leginfo_SB886_status.html,data/raw/context/2026-09-21/leginfo_SB886_status.html,2026-09-21,75aab2edd563af06b6f260ea85220a099f1210298a62360abc8365598a59a458,89626,200,text/html,html,
padilla_sb57_signed_release,context,Office of Sen. Steve Padilla,Press release: legislation to protect ratepayers from data center energy costs signed into law (HTML),https://sd18.senate.ca.gov/news/legislation-protect-california-ratepayers-paying-data-centers-energy-costs-signed-law,https://sd18.senate.ca.gov/news/legislation-protect-california-ratepayers-paying-data-centers-energy-costs-signed-law,padilla_sb57_signed.html,data/raw/context/2026-09-21/padilla_sb57_signed.html,2026-09-21,56d6aa05741e8b9a5f2a1b5703ba231fc2bad69742a763de3c26a910d2806bee,35474,200,text/html,html,
pillsbury_ca_data_center_deal_2026,context,Pillsbury (law firm summary),"California data center deal puts new large loads on a cost-causation track (Aug 2026, HTML)",https://www.pillsburylaw.com/en/news-and-insights/california-data-center-deal-large-loads-cost-causation-track.html,https://www.pillsburylaw.com/en/news-and-insights/california-data-center-deal-large-loads-cost-causation-track.html,pillsbury_ca_data_center_deal_2026.html,data/raw/context/2026-09-21/pillsbury_ca_data_center_deal_2026.html,2026-09-21,8ecae1ddf12a4cbd34c2d23ce289c6bcf1dd4118af3047eeeeca7c73ba42227b,115128,200,text/html,html,
ca_ab222_2025_status,context,California Legislature,"AB 222 (Bauer-Kahan, 2025) bill status page: data center PUE and cost shifts (HTML)",https://leginfo.legislature.ca.gov/faces/billStatusClient.xhtml?bill_id=202520260AB222,https://leginfo.legislature.ca.gov/faces/billStatusClient.xhtml?bill_id=202520260AB222,leginfo_AB222_status.html,data/raw/context/2026-09-21/leginfo_AB222_status.html,2026-09-21,c72239e183724a32fdb0fbf185e1fbf91bea99167ef50b54254600a28e2c7802,90405,200,text/html,html,
mayerbrown_ca_data_center_bills_2025,context,Mayer Brown (law firm summary),"Efforts to regulate California data centers falter for now (Dec 2025, HTML)",https://www.mayerbrown.com/en/insights/publications/2025/12/efforts-to-regulate-california-data-centers-falter-for-now,https://www.mayerbrown.com/en/insights/publications/2025/12/efforts-to-regulate-california-data-centers-falter-for-now,mayerbrown_ca_data_center_bills_2025.html,data/raw/context/2026-09-21/mayerbrown_ca_data_center_bills_2025.html,2026-09-21,7b82cb265308e3e291ddb6c18d8da2d8cf3d4426066c1b815fe3e6d3f12c35ec,205982,200,text/html,html,
ca_sb57_2025_text,context,California Legislature,"SB 57 (Padilla, 2025) chaptered bill text (HTML)",https://leginfo.legislature.ca.gov/faces/billTextClient.xhtml?bill_id=202520260SB57,https://leginfo.legislature.ca.gov/faces/billTextClient.xhtml?bill_id=202520260SB57,leginfo_SB57_text.html,data/raw/context/2026-09-21/leginfo_SB57_text.html,2026-09-21,795285b9dfbbccd52f56ab99f5db608e6db5caff974d51f4a8b5e0898c656a88,82370,200,text/html,html,
ca_sb886_2026_text,context,California Legislature,"SB 886 (Padilla, 2026) chaptered bill text: California Technology Innovation and Ratepayer Protection Act (HTML)",https://leginfo.legislature.ca.gov/faces/billTextClient.xhtml?bill_id=202520260SB886,https://leginfo.legislature.ca.gov/faces/billTextClient.xhtml?bill_id=202520260SB886,leginfo_SB886_text.html,data/raw/context/2026-09-21/leginfo_SB886_text.html,2026-09-21,5ef7b0c0a97ba6939d9500e625e05c0a76122d18342453ed8758ffa5858a5166,87714,200,text/html,html,
sjspotlight_santa_clara_capacity_2025,context,San Jose Spotlight,"Santa Clara data centers hit max energy capacity (2025, HTML; data centers ~60% of Santa Clara power)",https://sanjosespotlight.com/santa-clara-data-centers-hit-max-energy-capacity/,https://sanjosespotlight.com/santa-clara-data-centers-hit-max-energy-capacity/,sjspotlight_santa_clara_capacity_2025.html,data/raw/context/2026-09-21/sjspotlight_santa_clara_capacity_2025.html,2026-09-21,6d3de28b54b911a85c5b30d50672b3f812aa983b302762e8b8039e2ef20c47bc,303854,200,text/html,html,
kqed_newsom_signs_data_center_bills_2026,context,KQED,"Newsom signs new restrictions on data center development (Sep 2026, HTML)",https://www.kqed.org/news/12100746/newsom-signs-new-restrictions-on-data-center-development,https://www.kqed.org/news/12100746/newsom-signs-new-restrictions-on-data-center-development,kqed_newsom_signs_data_center_bills_2026.html,data/raw/context/2026-09-21/kqed_newsom_signs_data_center_bills_2026.html,2026-09-21,df8a6e99b756cdf872ad2565af668e4074da3e89f683f583a00d0a3d65934818,227859,200,text/html,html,
svp_assembly_hearing_2026_01_28,svp,Silicon Valley Power / CA Assembly,"SVP presentation to the Assembly joint oversight hearing on Energy Impacts of AI, Jan 28 2026 (data centers 55% of power use, 51% of sales)",https://autl.assembly.ca.gov/media/1404,https://autl.assembly.ca.gov/system/files/2026-01/svp-nico-procos-012826-ai-grid-impacts.pdf,SVP_Assembly_AI_energy_hearing_2026-01-28.pdf,data/raw/svp/2026-09-21/SVP_Assembly_AI_energy_hearing_2026-01-28.pdf,2026-09-21,867383779853855b40a364cfe5c8587c8968d6f1f210f13f2abd1d52714731bb,2368959,200,application/pdf,,
census_c30_release,census_c30,U.S. Census Bureau,Monthly Construction Spending release workbook (latest),https://www.census.gov/construction/c30/xlsx/release.xlsx,https://www.census.gov/construction/c30/xlsx/release.xlsx,census_c30_release__release.xlsx,data/raw/census_c30/2026-09-21/census_c30_release__release.xlsx,2026-09-21,d54dd936106db0ade2bb621e4bb75dc8d99beef917fe06fd89ce69397f546a69,28580,200,application/vnd.openxmlformats-officedocument.spreadsheetml.sheet,vintage,
census_c30_privsatime,census_c30,U.S. Census Bureau,"Value of Private Construction Put in Place, seasonally adjusted annual rate, historical monthly time series incl. Data center (2014 onward)",https://www.census.gov/construction/c30/xlsx/privsatime.xlsx,https://www.census.gov/construction/c30/xlsx/privsatime.xlsx,census_c30_privsatime__privsatime.xlsx,data/raw/census_c30/2026-09-21/census_c30_privsatime__privsatime.xlsx,2026-09-21,d71e721c2e4652eb643b9717b5cdd2ddb5c7ed6957033278e9af916be01bd0cd,196305,200,application/vnd.openxmlformats-officedocument.spreadsheetml.sheet,vintage,
qcew_518210_2014q1,bls_qcew,BLS,"QCEW industry slice NAICS 518210, 2014 Q1 (all areas)",https://data.bls.gov/cew/data/api/2014/1/industry/518210.csv,https://data.bls.gov/cew/data/api/2014/1/industry/518210.csv,qcew_518210_2014q1.csv,data/raw/bls_qcew/2026-09-21/qcew_518210_2014q1.csv,2026-09-21,ebcba38c9c518bd33fee7762c0b232ae359136e58d7b00858dd442fc75406599,282295,200,text/csv,,Filter area_fips 06000 (California) and 06xxx counties.
qcew_518210_2014q3,bls_qcew,BLS,"QCEW industry slice NAICS 518210, 2014 Q3 (all areas)",https://data.bls.gov/cew/data/api/2014/3/industry/518210.csv,https://data.bls.gov/cew/data/api/2014/3/industry/518210.csv,qcew_518210_2014q3.csv,data/raw/bls_qcew/2026-09-21/qcew_518210_2014q3.csv,2026-09-21,36856f4a409e785ab1194d32ffe2630f32da534a4b1b5384e65ec03b8f52ffab,281153,200,text/csv,,Filter area_fips 06000 (California) and 06xxx counties.
qcew_518210_2014q2,bls_qcew,BLS,"QCEW industry slice NAICS 518210, 2014 Q2 (all areas)",https://data.bls.gov/cew/data/api/2014/2/industry/518210.csv,https://data.bls.gov/cew/data/api/2014/2/industry/518210.csv,qcew_518210_2014q2.csv,data/raw/bls_qcew/2026-09-21/qcew_518210_2014q2.csv,2026-09-21,d911e7275aaaf143a2b7f340a6b072d8e4c23e6ca7cf593f3b6b9a11f6253cae,281051,200,text/csv,,Filter area_fips 06000 (California) and 06xxx counties.
qcew_518210_2014q4,bls_qcew,BLS,"QCEW industry slice NAICS 518210, 2014 Q4 (all areas)",https://data.bls.gov/cew/data/api/2014/4/industry/518210.csv,https://data.bls.gov/cew/data/api/2014/4/industry/518210.csv,qcew_518210_2014q4.csv,data/raw/bls_qcew/2026-09-21/qcew_518210_2014q4.csv,2026-09-21,5a755a7fbdf88178cad2ce4c4c939b9662a0aa5fbef908bf919f5b995e070a9e,277417,200,text/csv,,Filter area_fips 06000 (California) and 06xxx counties.
qcew_518210_2014_annual,bls_qcew,BLS,"QCEW industry slice NAICS 518210, 2014 annual averages (all areas)",https://data.bls.gov/cew/data/api/2014/a/industry/518210.csv,https://data.bls.gov/cew/data/api/2014/a/industry/518210.csv,qcew_518210_2014_annual.csv,data/raw/bls_qcew/2026-09-21/qcew_518210_2014_annual.csv,2026-09-21,bb0a47833a2b470ad5b52bb909323b9ded4573fd403ff9b1b5da83bdbabb7be3,264711,200,text/csv,,
qcew_area06000_2014_annual,bls_qcew,BLS,"QCEW area slice California (06000), 2014 annual averages (all industries)",https://data.bls.gov/cew/data/api/2014/a/area/06000.csv,https://data.bls.gov/cew/data/api/2014/a/area/06000.csv,qcew_area06000_2014_annual.csv,data/raw/bls_qcew/2026-09-21/qcew_area06000_2014_annual.csv,2026-09-21,d94998fef6240bae8ff82dab9c5917426fbacfc9c20e136160d20d957695f032,597430,200,text/csv,,Denominator for 518210 share of state employment.
pge_quarterly_earnings_page,cec_tiers,PG&E Corporation,PG&E Corporation quarterly earnings reports page (data center pipeline table by PG&E stage each quarter; Q2 2026 table reproduced in CEC docket TN 272065 p.9),https://investor.pgecorp.com/financials/quarterly-earnings-reports/default.aspx,https://investor.pgecorp.com/financials/quarterly-results/default.aspx,pge_quarterly_earnings_page.html,data/raw/cec_tiers/2026-09-21/pge_quarterly_earnings_page.html,2026-09-21,59bb7852cd2ec2230ee53b8150b173c3e189b4c4e6419cb5d08f81c8b24d1fd3,166479,200,text/html,html;manual;vintage,"Manual: download each quarter's earnings presentation PDF and record the Data Center Pipeline table (Application & Preliminary Engineering, Final Engineering, ICA, Construction)."
swrcb_otc_program_page,cpuc,State Water Resources Control Board,Once-through cooling program page (HTML),https://www.waterboards.ca.gov/water_issues/programs/ocean/cwa316/,https://www.waterboards.ca.gov/water_issues/programs/ocean/cwa316/,swrcb_otc_program_page.html,data/raw/cpuc/2026-09-22/swrcb_otc_program_page.html,2026-09-22,3968a00c28d37317c8115e7e3ef76a81b8cba936a6c1d83f2e0095f45d111f69,59481,200,text/html,html,
swrcb_otc_policy_2023,cpuc,State Water Resources Control Board,"Once-Through Cooling Policy as last amended August 15, 2023 (Table 1 compliance dates: Alamitos 3-5, Huntington Beach 2, Ormond Beach 1-2 by 2026-12-31; Haynes 1, 2, 8, Harbor 5, Scattergood 1-2 by 2029-12-31)",https://www.waterboards.ca.gov/water_issues/programs/ocean/cwa316/docs/otc-policy-2023/otc-policy-2023.pdf,https://www.waterboards.ca.gov/water_issues/programs/ocean/cwa316/docs/otc-policy-2023/otc-policy-2023.pdf,swrcb_otc_policy_2023.pdf,data/raw/cpuc/2026-09-22/swrcb_otc_policy_2023.pdf,2026-09-22,bcba98e6f102a7f140e0bc93d1a40eec2abfd51e819f8465933d3814127c728d,326980,200,application/pdf,,
eia923_2026,eia923,EIA,"EIA-923 Power Plant Operations Report 2026 (current-year monthly file, monthly respondents only, year to date)",https://www.eia.gov/electricity/data/eia923/xls/f923_2026.zip,https://www.eia.gov/electricity/data/eia923/xls/f923_2026.zip,f923_2026.zip,data/raw/eia923/2026-09-22/f923_2026.zip,2026-09-22,0579cde7ae3ddf049a2b802412063a878a7f3b537d3a5d4ebbfc41283b1cfc7d,12860555,200,application/x-zip-compressed,,Monthly generation and fuel consumption by plant.
epoch_data_centers,facilities,Epoch AI,Frontier Data Centers Hub: data_centers.csv,https://epoch.ai/data/data_centers/data_centers.csv,https://epoch.ai/data/data_centers/data_centers.csv,epoch_data_centers__data_centers.csv,data/raw/facilities/2026-09-22/epoch_data_centers__data_centers.csv,2026-09-22,d4bf18991d2c363eb80374fffedff48e66084c74e0af764f20450ba18a0c0a0c,65890,200,text/csv,vintage,
epoch_data_center_timelines,facilities,Epoch AI,Frontier Data Centers Hub: data_center_timelines.csv (construction and power ramp timelines),https://epoch.ai/data/data_centers/data_center_timelines.csv,https://epoch.ai/data/data_centers/data_center_timelines.csv,epoch_data_center_timelines__data_center_timelines.csv,data/raw/facilities/2026-09-22/epoch_data_center_timelines__data_center_timelines.csv,2026-09-22,5686736861be146be622a6b54b16a81b3ceb5d45f1371bcb36794dcdce891b8d,172951,200,text/csv,vintage,
eia930_balance_2026_jul_dec,eia930,EIA,EIA-930 Hourly Electric Grid Monitor BALANCE 2026 Jul-Dec,https://www.eia.gov/electricity/gridmonitor/sixMonthFiles/EIA930_BALANCE_2026_Jul_Dec.csv,https://www.eia.gov/electricity/gridmonitor/sixMonthFiles/EIA930_BALANCE_2026_Jul_Dec.csv,EIA930_BALANCE_2026_Jul_Dec.csv,data/raw/eia930/2026-09-22/EIA930_BALANCE_2026_Jul_Dec.csv,2026-09-22,8eef2f692d818f36c34206fb9b3049a1cc61f24f0092506e608fdf40561cc7f3,21973736,200,application/octet-stream,,"All balancing authorities; filter BA=CISO (and LDWP, BANC, IID, TIDC for the CAL region)."
ercot_ops_overview_2026_06,ercot,ERCOT,"ERCOT Monthly Operational Overview, June 2026 (large load queue by status and in-service year 2022-2033; 8,926 MW approved to energize, 3,966 MW observed)",https://www.ercot.com/files/docs/2026/07/17/ERCOT-Monthly-Operational-Overview-June-2026.pdf,https://www.ercot.com/files/docs/2026/07/17/ERCOT-Monthly-Operational-Overview-June-2026.pdf,ercot_ops_overview_2026_06__ERCOT-Monthly-Operational-Overview-June-2026.pdf,data/raw/ercot/2026-09-22/ercot_ops_overview_2026_06__ERCOT-Monthly-Operational-Overview-June-2026.pdf,2026-09-22,a967182359f661b8c5f05f4edf5df459fa098da6a7f7d99c6f2e76021b563e67,1122925,200,application/pdf,,
pjm_2026_load_report_tables,pjm,PJM,"2026 PJM Load Forecast Report tables (xlsx; Tables B-9 and B-9b, large load adjustments by zone, 2026-2046)",https://www.pjm.com/-/media/DotCom/planning/res-adeq/load-forecast/2026-load-report-tables.xlsx,https://www.pjm.com/-/media/DotCom/planning/res-adeq/load-forecast/2026-load-report-tables.xlsx,pjm_2026_load_report_tables__2026-load-report-tables.xlsx,data/raw/pjm/2026-09-22/pjm_2026_load_report_tables__2026-load-report-tables.xlsx,2026-09-22,59a62facf819962e430101c96dd1335229d8173fb6886dd8045ced325443f607,371564,200,application/vnd.openxmlformats-officedocument.spreadsheetml.sheet,,
ercot_ops_overview_2026_08,ercot,ERCOT,"ERCOT Monthly Operational Overview, August 2026 (9,456 MW approved to energize, 4,316 MW observed in August 2026)",https://www.ercot.com/files/docs/2026/09/16/ERCOT-Monthly-Operational-Overview-August-2026.pdf,https://www.ercot.com/files/docs/2026/09/16/ERCOT-Monthly-Operational-Overview-August-2026.pdf,ercot_ops_overview_2026_08__ERCOT-Monthly-Operational-Overview-August-2026.pdf,data/raw/ercot/2026-09-22/ercot_ops_overview_2026_08__ERCOT-Monthly-Operational-Overview-August-2026.pdf,2026-09-22,f02f0b38492f73bc64fdf938a1f625e72fbfc0a9ab8e98508b1125be5957b7e8,1586391,200,application/pdf,,
pjm_lar_summary_2025_11_24,pjm,PJM,"Load Adjustment Requests Summary for the 2026 Load Forecast, preliminary (Load Analysis Subcommittee, Nov 24 2025): firm = ESO/CC, non-firm derated, 70% utilization, 36-month ramp",https://www.pjm.com/-/media/DotCom/committees-groups/subcommittees/las/2025/20251124/20251124-item-03---large-load-adjustment-requests-summary.pdf,https://www.pjm.com/-/media/DotCom/committees-groups/subcommittees/las/2025/20251124/20251124-item-03---large-load-adjustment-requests-summary.pdf,pjm_lar_summary_2025_11_24__20251124-item-03---large-load-adjustment-requests-summary.pdf,data/raw/pjm/2026-09-22/pjm_lar_summary_2025_11_24__20251124-item-03---large-load-adjustment-requests-summary.pdf,2026-09-22,c3b8e176edcb872db2a53734dac6ffd577beebba185ffc3f8b9614bacaa4ea04,1749550,200,application/pdf,,
pjm_2026_load_adjustment_breakdown,pjm,PJM,2026 load adjustment breakdown for capacity obligations (xlsx; Table B-9 adjustments above embedded by zone),https://www.pjm.com/-/media/DotCom/planning/res-adeq/load-forecast/2026-load-adjustment-breakdown-for-capacity-obligations.xlsx,https://www.pjm.com/-/media/DotCom/planning/res-adeq/load-forecast/2026-load-adjustment-breakdown-for-capacity-obligations.xlsx,pjm_2026_load_adjustment_breakdown__2026-load-adjustment-breakdown-for-capacity-obligations.xlsx,data/raw/pjm/2026-09-22/pjm_2026_load_adjustment_breakdown__2026-load-adjustment-breakdown-for-capacity-obligations.xlsx,2026-09-22,990e2cb82d02a6c689a9e21b5c7ccb13944613f960dcc2f6eb3109e51a49d6a1,19177,200,application/vnd.openxmlformats-officedocument.spreadsheetml.sheet,,
caiso_comments_ferc_rm26_4_2025_11,ferc,CAISO,"CAISO comments on the FERC ANOPR Interconnection of Large Loads to the Interstate Transmission System, Docket RM26-4-000 (Nov 21 2025; describes the 20 MW threshold and CAISO's process)",https://www.caiso.com/documents/nov-21-2025-comments-on-the-advanced-notice-of-proposed-rulemaking-interconnection-of-large-loads-to-the-interstate-transmission-system-rm26-4.pdf,https://www.caiso.com/documents/nov-21-2025-comments-on-the-advanced-notice-of-proposed-rulemaking-interconnection-of-large-loads-to-the-interstate-transmission-system-rm26-4.pdf,caiso_comments_ferc_rm26_4_2025_11__nov-21-2025-comments-on-the-advanced-notice-of-proposed-rulemaking-interconn.pdf,data/raw/ferc/2026-09-22/caiso_comments_ferc_rm26_4_2025_11__nov-21-2025-comments-on-the-advanced-notice-of-proposed-rulemaking-interconn.pdf,2026-09-22,7bb021c162fe23ee1a2f56118d3b14ddd3c34d53a5ba38d2eff2e8f140053c6c,179091,200,application/pdf,,
nerc_rm26_4_accelerated_plan_2026_03,ferc,NERC,"NERC accelerated large load action plan, supplemental filing in Docket RM26-4-000 (Mar 20 2026)",https://www.nerc.com/globalassets/who-we-are/legal--regulatory/filings--orders/nerc-filings-to-ferc/2026/nerc_accelerated-ll-action-plan_rm26-4_signed.pdf,https://www.nerc.com/globalassets/who-we-are/legal--regulatory/filings--orders/nerc-filings-to-ferc/2026/nerc_accelerated-ll-action-plan_rm26-4_signed.pdf,nerc_rm26_4_accelerated_plan_2026_03__nerc_accelerated-ll-action-plan_rm26-4_signed.pdf,data/raw/ferc/2026-09-22/nerc_rm26_4_accelerated_plan_2026_03__nerc_accelerated-ll-action-plan_rm26-4_signed.pdf,2026-09-22,969af16ac5e67dc1d8e32c91b23f19e3fc72978052921af2fddb0745880a3504,1010202,200,application/pdf,,
ferc_news_2026_04_16_large_load,ferc,FERC,"FERC news release, Apr 16 2026: FERC to act on the large load interconnection docket by June 2026 (HTML; same caveat)",https://www.ferc.gov/news-events/news/ferc-act-large-load-interconnection-docket-june-2026,https://www.ferc.gov/news-events/news/ferc-act-large-load-interconnection-docket-june-2026,ferc_news_2026_04_16.html,data/raw/ferc/2026-09-22/ferc_news_2026_04_16.html,2026-09-22,8eb0d1ed382e40ba1cbcdbcaa530c2bab0e9a9458bbb5dca697e803a8f5ba197,259372,200,text/html,html,
ferc_news_2026_06_18_show_cause,ferc,FERC,"FERC news release, Jun 18 2026: show cause orders to the six RTOs/ISOs on large load interconnection (E-7 to E-12; CAISO is Docket EL26-71-000) (HTML)",https://ferc.gov/news-events/news/ferc-launches-aggressive-targeted-action-speed-large-load-integration,https://ferc.gov/news-events/news/ferc-launches-aggressive-targeted-action-speed-large-load-integration,ferc_news_2026_06_18.html,data/raw/ferc/2026-09-22/ferc_news_2026_06_18.html,2026-09-22,74add78d8855fd3ba456590a0f0ffc7117e89f3236e8334e8e29a18b86e12033,264451,200,text/html,html,
ercot_ops_overview_2026_07,ercot,ERCOT,"ERCOT Monthly Operational Overview, July 2026 (large load queue by status; approved to energize and observed load)",https://www.ercot.com/files/docs/2026/08/17/ERCOT-Monthly-Operational-Overview-July-2026.pdf,https://www.ercot.com/files/docs/2026/08/17/ERCOT-Monthly-Operational-Overview-July-2026.pdf,ercot_ops_overview_2026_07__ERCOT-Monthly-Operational-Overview-July-2026.pdf,data/raw/ercot/2026-09-22/ercot_ops_overview_2026_07__ERCOT-Monthly-Operational-Overview-July-2026.pdf,2026-09-22,07f3e1693efff73b4f0a62c57f7d9698f9694dee749c1e8da624fd99a9984414,1419950,200,application/pdf,,
ercot_ops_overview_2026_04,ercot,ERCOT,"ERCOT Monthly Operational Overview, April 2026 (large load queue by status; approved to energize and observed load)",https://www.ercot.com/files/docs/2026/05/19/ERCOT-Monthly-Operational-Overview-April-2026.pdf,https://www.ercot.com/files/docs/2026/05/19/ERCOT-Monthly-Operational-Overview-April-2026.pdf,ercot_ops_overview_2026_04__ERCOT-Monthly-Operational-Overview-April-2026.pdf,data/raw/ercot/2026-09-22/ercot_ops_overview_2026_04__ERCOT-Monthly-Operational-Overview-April-2026.pdf,2026-09-22,002e14196894e0f9bd5031243fc95071aea3f8129503a8fede4f58b6c35ca0bd,1239697,200,application/pdf,,
gov_ca_diablo_license_2026_04_02,context,Office of the Governor of California,Governor Newsom welcomes approval of Diablo Canyon license renewals (Apr 2 2026; SB 846 limits operation to 2030 absent legislative action) (HTML),https://www.gov.ca.gov/2026/04/02/governor-newsom-welcomes-approval-of-diablo-canyon-license-renewals-delivering-on-californias-commitment-to-a-clean-and-reliable-grid/,https://www.gov.ca.gov/2026/04/02/governor-newsom-welcomes-approval-of-diablo-canyon-license-renewals-delivering-on-californias-commitment-to-a-clean-and-reliable-grid/,gov_ca_diablo_license_2026_04_02.html,data/raw/context/2026-09-22/gov_ca_diablo_license_2026_04_02.html,2026-09-22,c4750ff6286df99a56f3afcce715286fcf81f1efc20b0f541898819bbe43bfeb,293636,200,text/html,html,
nrc_diablo_canyon_rod_2026,context,U.S. Nuclear Regulatory Commission,Diablo Canyon license renewal application: Record of Decision (ML26022A077; renewed licences issued April 2 2026),https://www.nrc.gov/docs/ML2602/ML26022A077.pdf,https://www.nrc.gov/docs/ML2602/ML26022A077.pdf,NRC_Diablo_Canyon_LRA_Record_of_Decision_ML26022A077.pdf,data/raw/context/2026-09-22/NRC_Diablo_Canyon_LRA_Record_of_Decision_ML26022A077.pdf,2026-09-22,37809f2bb27b6485a12610159076046e2b2dc9c8a940d6019dbd2c8e0f431c61,132672,200,application/pdf,,
